symbol,sector,industry,top50_1w_count,top50_1m_count,top50_3m_count,up4_1w_count,up4_1m_count,up4_3m_count,down4_1w_count,down4_1m_count,down4_3m_count,top50_1w_days,top50_1m_days,top50_3m_days,up4_1w_days,up4_1m_days,up4_3m_days,down4_1w_days,down4_1m_days,down4_3m_days,gain_1w_pct,gain_1m_pct,gain_3m_pct
KABRAEXTRU,Producer Manufacturing,Industrial Machinery,2,5,17,3,6,21,0,1,5,"2026-09-23 #20 (+10.00%), 2026-09-24 #7 (+10.00%)","2026-09-07 #15 (+9.56%), 2026-09-10 #16 (+6.73%), 2026-09-18 #22 (+7.72%), 2026-09-23 #20 (+10.00%), 2026-09-24 #7 (+10.00%)","2026-07-06 #16 (+8.04%), 2026-07-13 #29 (+7.24%), 2026-07-20 #30 (+6.34%), 2026-07-24 #10 (+7.34%), 2026-07-27 #17 (+7.43%), 2026-07-31 #13 (+8.15%), 2026-08-05 #11 (+10.17%), 2026-08-06 #44 (+5.11%), 2026-08-10 #6 (+13.85%), 2026-08-14 #17 (+6.83%), 2026-08-21 #25 (+7.01%), 2026-08-24 #20 (+7.93%), 2026-09-07 #15 (+9.56%), 2026-09-10 #16 (+6.73%), 2026-09-18 #22 (+7.72%), 2026-09-23 #20 (+10.00%), 2026-09-24 #7 (+10.00%)","2026-09-23 (+10.00%), 2026-09-24 (+10.00%), 2026-09-25 (+5.00%)","2026-09-07 (+9.56%), 2026-09-10 (+6.73%), 2026-09-18 (+7.72%), 2026-09-23 (+10.00%), 2026-09-24 (+10.00%), 2026-09-25 (+5.00%)","2026-07-06 (+8.04%), 2026-07-09 (+5.42%), 2026-07-13 (+7.24%), 2026-07-20 (+6.34%), 2026-07-24 (+7.34%), 2026-07-27 (+7.43%), 2026-07-31 (+8.15%), 2026-08-03 (+5.99%), 2026-08-05 (+10.17%), 2026-08-06 (+5.11%), 2026-08-10 (+13.85%), 2026-08-14 (+6.83%), 2026-08-20 (+5.65%), 2026-08-21 (+7.01%), 2026-08-24 (+7.93%), 2026-09-07 (+9.56%), 2026-09-10 (+6.73%), 2026-09-18 (+7.72%), 2026-09-23 (+10.00%), 2026-09-24 (+10.00%), 2026-09-25 (+5.00%)",-,2026-09-15 (-10.00%),"2026-07-08 (-4.27%), 2026-07-22 (-5.09%), 2026-07-30 (-6.39%), 2026-08-07 (-6.07%), 2026-09-15 (-10.00%)",24.55,38.23,198.01
DOLPHIN,Industrial Services,Oilfield Services/Equipment,0,4,11,0,4,12,2,4,7,-,"2026-09-04 #19 (+8.78%), 2026-09-07 #38 (+6.88%), 2026-09-17 #30 (+6.08%), 2026-09-22 #33 (+5.89%)","2026-07-08 #14 (+6.07%), 2026-07-23 #33 (+4.83%), 2026-08-11 #43 (+5.52%), 2026-08-12 #4 (+12.21%), 2026-08-14 #45 (+4.78%), 2026-08-17 #5 (+13.53%), 2026-08-18 #25 (+7.38%), 2026-09-04 #19 (+8.78%), 2026-09-07 #38 (+6.88%), 2026-09-17 #30 (+6.08%), 2026-09-22 #33 (+5.89%)",-,"2026-09-04 (+8.78%), 2026-09-07 (+6.88%), 2026-09-17 (+6.08%), 2026-09-22 (+5.89%)","2026-07-08 (+6.07%), 2026-07-23 (+4.83%), 2026-07-31 (+4.78%), 2026-08-11 (+5.52%), 2026-08-12 (+12.21%), 2026-08-14 (+4.78%), 2026-08-17 (+13.53%), 2026-08-18 (+7.38%), 2026-09-04 (+8.78%), 2026-09-07 (+6.88%), 2026-09-17 (+6.08%), 2026-09-22 (+5.89%)","2026-09-24 (-5.29%), 2026-09-28 (-5.74%)","2026-09-08 (-4.53%), 2026-09-10 (-4.53%), 2026-09-24 (-5.29%), 2026-09-28 (-5.74%)","2026-07-24 (-5.05%), 2026-08-24 (-4.44%), 2026-08-31 (-4.78%), 2026-09-08 (-4.53%), 2026-09-10 (-4.53%), 2026-09-24 (-5.29%), 2026-09-28 (-5.74%)",-10.15,11.57,72.54
MVELECTRO,Producer Manufacturing,Trucks/Construction/Farm Machinery,1,6,10,1,7,12,1,4,5,2026-09-29 #26 (+6.57%),"2026-09-03 #31 (+6.50%), 2026-09-07 #9 (+10.52%), 2026-09-08 #12 (+9.52%), 2026-09-16 #32 (+5.41%), 2026-09-21 #49 (+5.94%), 2026-09-29 #26 (+6.57%)","2026-08-13 #44 (+5.53%), 2026-08-27 #2 (+15.47%), 2026-08-28 #7 (+11.25%), 2026-08-31 #32 (+5.68%), 2026-09-03 #31 (+6.50%), 2026-09-07 #9 (+10.52%), 2026-09-08 #12 (+9.52%), 2026-09-16 #32 (+5.41%), 2026-09-21 #49 (+5.94%), 2026-09-29 #26 (+6.57%)",2026-09-29 (+6.57%),"2026-09-03 (+6.50%), 2026-09-07 (+10.52%), 2026-09-08 (+9.52%), 2026-09-16 (+5.41%), 2026-09-18 (+4.62%), 2026-09-21 (+5.94%), 2026-09-29 (+6.57%)","2026-08-13 (+5.53%), 2026-08-21 (+4.02%), 2026-08-27 (+15.47%), 2026-08-28 (+11.25%), 2026-08-31 (+5.68%), 2026-09-03 (+6.50%), 2026-09-07 (+10.52%), 2026-09-08 (+9.52%), 2026-09-16 (+5.41%), 2026-09-18 (+4.62%), 2026-09-21 (+5.94%), 2026-09-29 (+6.57%)",2026-09-24 (-6.09%),"2026-09-01 (-6.15%), 2026-09-10 (-8.94%), 2026-09-15 (-7.69%), 2026-09-24 (-6.09%)","2026-08-14 (-4.30%), 2026-09-01 (-6.15%), 2026-09-10 (-8.94%), 2026-09-15 (-7.69%), 2026-09-24 (-6.09%)",-4.48,10.2,
INDORAMA,Process Industries,Textiles,0,3,10,0,5,12,0,1,4,-,"2026-09-04 #39 (+5.94%), 2026-09-09 #7 (+14.87%), 2026-09-21 #4 (+17.02%)","2026-07-03 #9 (+10.19%), 2026-07-15 #8 (+9.88%), 2026-07-29 #15 (+7.73%), 2026-07-30 #50 (+3.34%), 2026-08-03 #8 (+12.87%), 2026-08-20 #15 (+8.88%), 2026-08-27 #44 (+4.33%), 2026-09-04 #39 (+5.94%), 2026-09-09 #7 (+14.87%), 2026-09-21 #4 (+17.02%)",-,"2026-09-04 (+5.94%), 2026-09-09 (+14.87%), 2026-09-11 (+4.30%), 2026-09-17 (+4.19%), 2026-09-21 (+17.02%)","2026-07-03 (+10.19%), 2026-07-10 (+4.41%), 2026-07-15 (+9.88%), 2026-07-29 (+7.73%), 2026-08-03 (+12.87%), 2026-08-20 (+8.88%), 2026-08-27 (+4.33%), 2026-09-04 (+5.94%), 2026-09-09 (+14.87%), 2026-09-11 (+4.30%), 2026-09-17 (+4.19%), 2026-09-21 (+17.02%)",-,2026-09-15 (-4.27%),"2026-07-08 (-5.59%), 2026-07-14 (-4.61%), 2026-08-10 (-5.11%), 2026-09-15 (-4.27%)",-0.13,56.92,126.25
RATNAVEER,Non-Energy Minerals,Steel,0,3,10,0,3,11,0,2,3,-,"2026-09-04 #30 (+6.52%), 2026-09-17 #34 (+5.96%), 2026-09-21 #12 (+11.80%)","2026-07-27 #4 (+11.76%), 2026-08-03 #7 (+13.46%), 2026-08-14 #47 (+4.62%), 2026-08-17 #44 (+5.96%), 2026-08-20 #24 (+7.52%), 2026-08-26 #36 (+6.01%), 2026-08-27 #22 (+5.59%), 2026-09-04 #30 (+6.52%), 2026-09-17 #34 (+5.96%), 2026-09-21 #12 (+11.80%)",-,"2026-09-04 (+6.52%), 2026-09-17 (+5.96%), 2026-09-21 (+11.80%)","2026-07-27 (+11.76%), 2026-08-03 (+13.46%), 2026-08-13 (+4.76%), 2026-08-14 (+4.62%), 2026-08-17 (+5.96%), 2026-08-20 (+7.52%), 2026-08-26 (+6.01%), 2026-08-27 (+5.59%), 2026-09-04 (+6.52%), 2026-09-17 (+5.96%), 2026-09-21 (+11.80%)",-,"2026-09-01 (-4.79%), 2026-09-11 (-7.18%)","2026-07-28 (-6.73%), 2026-09-01 (-4.79%), 2026-09-11 (-7.18%)",-0.35,8.21,87.07
FILATEX,Process Industries,Textiles,2,5,9,1,5,14,0,1,6,"2026-09-23 #32 (+7.57%), 2026-09-28 #48 (+3.56%)","2026-09-11 #4 (+14.64%), 2026-09-16 #24 (+5.84%), 2026-09-21 #26 (+8.92%), 2026-09-23 #32 (+7.57%), 2026-09-28 #48 (+3.56%)","2026-07-03 #26 (+6.73%), 2026-07-06 #42 (+5.06%), 2026-07-15 #3 (+14.02%), 2026-07-31 #21 (+7.58%), 2026-09-11 #4 (+14.64%), 2026-09-16 #24 (+5.84%), 2026-09-21 #26 (+8.92%), 2026-09-23 #32 (+7.57%), 2026-09-28 #48 (+3.56%)",2026-09-23 (+7.57%),"2026-09-03 (+4.65%), 2026-09-11 (+14.64%), 2026-09-16 (+5.84%), 2026-09-21 (+8.92%), 2026-09-23 (+7.57%)","2026-07-03 (+6.73%), 2026-07-06 (+5.06%), 2026-07-09 (+5.19%), 2026-07-15 (+14.02%), 2026-07-31 (+7.58%), 2026-08-03 (+4.33%), 2026-08-05 (+4.41%), 2026-08-18 (+4.87%), 2026-08-27 (+4.15%), 2026-09-03 (+4.65%), 2026-09-11 (+14.64%), 2026-09-16 (+5.84%), 2026-09-21 (+8.92%), 2026-09-23 (+7.57%)",-,2026-09-15 (-5.72%),"2026-07-14 (-4.18%), 2026-07-30 (-4.35%), 2026-08-19 (-4.15%), 2026-08-26 (-8.43%), 2026-08-31 (-4.72%), 2026-09-15 (-5.72%)",10.81,49.0,113.66
JAYKAY,Commercial Services,Miscellaneous Commercial Services,1,5,9,1,6,11,1,3,7,2026-09-23 #9 (+12.27%),"2026-09-01 #14 (+8.29%), 2026-09-09 #37 (+5.67%), 2026-09-18 #45 (+6.44%), 2026-09-21 #11 (+12.19%), 2026-09-23 #9 (+12.27%)","2026-07-31 #41 (+5.90%), 2026-08-14 #50 (+4.54%), 2026-08-21 #37 (+6.37%), 2026-08-26 #31 (+6.47%), 2026-09-01 #14 (+8.29%), 2026-09-09 #37 (+5.67%), 2026-09-18 #45 (+6.44%), 2026-09-21 #11 (+12.19%), 2026-09-23 #9 (+12.27%)",2026-09-23 (+12.27%),"2026-09-01 (+8.29%), 2026-09-02 (+4.59%), 2026-09-09 (+5.67%), 2026-09-18 (+6.44%), 2026-09-21 (+12.19%), 2026-09-23 (+12.27%)","2026-07-09 (+6.12%), 2026-07-31 (+5.90%), 2026-08-14 (+4.54%), 2026-08-21 (+6.37%), 2026-08-26 (+6.47%), 2026-09-01 (+8.29%), 2026-09-02 (+4.59%), 2026-09-09 (+5.67%), 2026-09-18 (+6.44%), 2026-09-21 (+12.19%), 2026-09-23 (+12.27%)",2026-09-24 (-4.81%),"2026-09-04 (-7.67%), 2026-09-15 (-4.16%), 2026-09-24 (-4.81%)","2026-07-14 (-6.57%), 2026-08-07 (-4.84%), 2026-08-18 (-5.13%), 2026-08-19 (-4.48%), 2026-09-04 (-7.67%), 2026-09-15 (-4.16%), 2026-09-24 (-4.81%)",8.18,37.07,16.35
RAMBHAJO,Consumer Durables,Other Consumer Specialties,1,4,9,1,5,11,1,3,10,2026-09-29 #10 (+9.79%),"2026-09-04 #12 (+10.00%), 2026-09-17 #37 (+5.60%), 2026-09-18 #10 (+9.27%), 2026-09-29 #10 (+9.79%)","2026-07-14 #19 (+5.00%), 2026-07-15 #21 (+6.37%), 2026-07-17 #36 (+3.90%), 2026-08-24 #1 (+20.00%), 2026-08-26 #1 (+19.93%), 2026-09-04 #12 (+10.00%), 2026-09-17 #37 (+5.60%), 2026-09-18 #10 (+9.27%), 2026-09-29 #10 (+9.79%)",2026-09-29 (+9.79%),"2026-09-04 (+10.00%), 2026-09-17 (+5.60%), 2026-09-18 (+9.27%), 2026-09-21 (+4.53%), 2026-09-29 (+9.79%)","2026-07-13 (+4.77%), 2026-07-14 (+5.00%), 2026-07-15 (+6.37%), 2026-08-10 (+4.69%), 2026-08-24 (+20.00%), 2026-08-26 (+19.93%), 2026-09-04 (+10.00%), 2026-09-17 (+5.60%), 2026-09-18 (+9.27%), 2026-09-21 (+4.53%), 2026-09-29 (+9.79%)",2026-09-28 (-7.41%),"2026-09-15 (-5.96%), 2026-09-22 (-6.56%), 2026-09-28 (-7.41%)","2026-07-03 (-4.51%), 2026-07-21 (-4.89%), 2026-07-24 (-4.09%), 2026-07-28 (-5.37%), 2026-07-30 (-4.28%), 2026-08-28 (-4.96%), 2026-08-31 (-4.07%), 2026-09-15 (-5.96%), 2026-09-22 (-6.56%), 2026-09-28 (-7.41%)",2.42,21.08,66.08
SPECTRUM,Electronic Technology,Electronic Equipment/Instruments,0,4,9,1,11,18,0,0,7,-,"2026-09-09 #49 (+5.00%), 2026-09-10 #46 (+5.00%), 2026-09-11 #34 (+5.00%), 2026-09-15 #17 (+5.00%)","2026-07-06 #5 (+11.08%), 2026-07-21 #9 (+10.38%), 2026-07-23 #4 (+9.21%), 2026-07-28 #12 (+7.00%), 2026-08-03 #28 (+7.80%), 2026-09-09 #49 (+5.00%), 2026-09-10 #46 (+5.00%), 2026-09-11 #34 (+5.00%), 2026-09-15 #17 (+5.00%)",2026-09-25 (+4.84%),"2026-09-03 (+5.00%), 2026-09-04 (+5.00%), 2026-09-07 (+5.00%), 2026-09-08 (+5.00%), 2026-09-09 (+5.00%), 2026-09-10 (+5.00%), 2026-09-11 (+5.00%), 2026-09-15 (+5.00%), 2026-09-21 (+5.00%), 2026-09-22 (+4.79%), 2026-09-25 (+4.84%)","2026-07-06 (+11.08%), 2026-07-13 (+4.37%), 2026-07-21 (+10.38%), 2026-07-23 (+9.21%), 2026-07-28 (+7.00%), 2026-08-03 (+7.80%), 2026-08-18 (+5.00%), 2026-09-03 (+5.00%), 2026-09-04 (+5.00%), 2026-09-07 (+5.00%), 2026-09-08 (+5.00%), 2026-09-09 (+5.00%), 2026-09-10 (+5.00%), 2026-09-11 (+5.00%), 2026-09-15 (+5.00%), 2026-09-21 (+5.00%), 2026-09-22 (+4.79%), 2026-09-25 (+4.84%)",-,-,"2026-07-07 (-5.44%), 2026-08-07 (-4.96%), 2026-08-11 (-5.00%), 2026-08-12 (-5.00%), 2026-08-14 (-5.00%), 2026-08-17 (-5.00%), 2026-08-21 (-4.10%)",11.25,75.47,97.52
MARINE,Distribution Services,Wholesale Distributors,1,3,9,0,2,11,1,2,3,2026-09-28 #49 (+3.49%),"2026-09-01 #15 (+7.92%), 2026-09-21 #20 (+9.65%), 2026-09-28 #49 (+3.49%)","2026-07-27 #40 (+5.95%), 2026-08-03 #22 (+8.18%), 2026-08-06 #41 (+5.35%), 2026-08-10 #48 (+5.42%), 2026-08-13 #23 (+6.97%), 2026-08-28 #15 (+8.74%), 2026-09-01 #15 (+7.92%), 2026-09-21 #20 (+9.65%), 2026-09-28 #49 (+3.49%)",-,"2026-09-01 (+7.92%), 2026-09-21 (+9.65%)","2026-07-10 (+4.27%), 2026-07-27 (+5.95%), 2026-08-03 (+8.18%), 2026-08-04 (+4.47%), 2026-08-06 (+5.35%), 2026-08-07 (+4.68%), 2026-08-10 (+5.42%), 2026-08-13 (+6.97%), 2026-08-28 (+8.74%), 2026-09-01 (+7.92%), 2026-09-21 (+9.65%)",2026-09-24 (-5.71%),"2026-09-15 (-10.12%), 2026-09-24 (-5.71%)","2026-07-07 (-7.86%), 2026-09-15 (-10.12%), 2026-09-24 (-5.71%)",6.51,9.33,54.2
MACPOWER,Producer Manufacturing,Industrial Machinery,1,3,9,1,3,11,0,2,3,2026-09-28 #15 (+6.40%),"2026-09-18 #7 (+9.52%), 2026-09-22 #21 (+7.22%), 2026-09-28 #15 (+6.40%)","2026-07-29 #12 (+8.36%), 2026-07-30 #12 (+5.48%), 2026-08-07 #21 (+6.33%), 2026-08-10 #20 (+8.52%), 2026-08-18 #5 (+11.35%), 2026-08-28 #26 (+7.40%), 2026-09-18 #7 (+9.52%), 2026-09-22 #21 (+7.22%), 2026-09-28 #15 (+6.40%)",2026-09-28 (+6.40%),"2026-09-18 (+9.52%), 2026-09-22 (+7.22%), 2026-09-28 (+6.40%)","2026-07-29 (+8.36%), 2026-07-30 (+5.48%), 2026-08-04 (+4.97%), 2026-08-07 (+6.33%), 2026-08-10 (+8.52%), 2026-08-18 (+11.35%), 2026-08-24 (+4.73%), 2026-08-28 (+7.40%), 2026-09-18 (+9.52%), 2026-09-22 (+7.22%), 2026-09-28 (+6.40%)",-,"2026-09-07 (-4.79%), 2026-09-21 (-7.09%)","2026-07-08 (-4.97%), 2026-09-07 (-4.79%), 2026-09-21 (-7.09%)",1.51,6.98,52.72
OAL,Process Industries,Chemicals: Specialty,1,3,9,0,2,9,1,1,5,2026-09-28 #47 (+3.65%),"2026-09-03 #10 (+9.68%), 2026-09-21 #41 (+6.75%), 2026-09-28 #47 (+3.65%)","2026-07-08 #11 (+6.31%), 2026-07-24 #20 (+5.89%), 2026-07-29 #17 (+7.37%), 2026-08-26 #5 (+14.86%), 2026-08-27 #11 (+6.90%), 2026-08-28 #5 (+13.72%), 2026-09-03 #10 (+9.68%), 2026-09-21 #41 (+6.75%), 2026-09-28 #47 (+3.65%)",-,"2026-09-03 (+9.68%), 2026-09-21 (+6.75%)","2026-07-08 (+6.31%), 2026-07-24 (+5.89%), 2026-07-27 (+5.21%), 2026-07-29 (+7.37%), 2026-08-26 (+14.86%), 2026-08-27 (+6.90%), 2026-08-28 (+13.72%), 2026-09-03 (+9.68%), 2026-09-21 (+6.75%)",2026-09-24 (-4.67%),2026-09-24 (-4.67%),"2026-07-28 (-5.44%), 2026-07-30 (-4.42%), 2026-07-31 (-4.29%), 2026-08-31 (-4.90%), 2026-09-24 (-4.67%)",-2.7,16.8,75.07
MOREPENLAB,Health Technology,Pharmaceuticals: Major,0,3,9,0,5,14,1,2,4,-,"2026-09-02 #13 (+8.03%), 2026-09-16 #13 (+8.01%), 2026-09-17 #48 (+5.08%)","2026-08-04 #2 (+20.00%), 2026-08-05 #8 (+11.23%), 2026-08-13 #7 (+10.11%), 2026-08-17 #36 (+6.69%), 2026-08-20 #13 (+9.10%), 2026-08-28 #11 (+9.81%), 2026-09-02 #13 (+8.03%), 2026-09-16 #13 (+8.01%), 2026-09-17 #48 (+5.08%)",-,"2026-09-02 (+8.03%), 2026-09-03 (+4.89%), 2026-09-07 (+4.52%), 2026-09-16 (+8.01%), 2026-09-17 (+5.08%)","2026-07-27 (+5.32%), 2026-07-29 (+4.61%), 2026-08-04 (+20.00%), 2026-08-05 (+11.23%), 2026-08-13 (+10.11%), 2026-08-14 (+4.08%), 2026-08-17 (+6.69%), 2026-08-20 (+9.10%), 2026-08-28 (+9.81%), 2026-09-02 (+8.03%), 2026-09-03 (+4.89%), 2026-09-07 (+4.52%), 2026-09-16 (+8.01%), 2026-09-17 (+5.08%)",2026-09-24 (-4.70%),"2026-09-15 (-8.26%), 2026-09-24 (-4.70%)","2026-07-22 (-6.37%), 2026-08-12 (-4.46%), 2026-09-15 (-8.26%), 2026-09-24 (-4.70%)",-0.2,10.86,98.7
VMARCIND,Producer Manufacturing,Electrical Products,0,3,9,0,3,10,0,6,10,-,"2026-09-03 #14 (+8.61%), 2026-09-08 #38 (+6.20%), 2026-09-10 #28 (+6.04%)","2026-07-07 #5 (+10.89%), 2026-08-05 #5 (+13.99%), 2026-08-06 #6 (+10.89%), 2026-08-10 #4 (+16.95%), 2026-08-14 #28 (+5.48%), 2026-08-19 #18 (+6.40%), 2026-09-03 #14 (+8.61%), 2026-09-08 #38 (+6.20%), 2026-09-10 #28 (+6.04%)",-,"2026-09-03 (+8.61%), 2026-09-08 (+6.20%), 2026-09-10 (+6.04%)","2026-07-07 (+10.89%), 2026-07-13 (+4.42%), 2026-08-05 (+13.99%), 2026-08-06 (+10.89%), 2026-08-10 (+16.95%), 2026-08-14 (+5.48%), 2026-08-19 (+6.40%), 2026-09-03 (+8.61%), 2026-09-08 (+6.20%), 2026-09-10 (+6.04%)",-,"2026-09-01 (-5.07%), 2026-09-02 (-5.84%), 2026-09-04 (-8.20%), 2026-09-07 (-5.34%), 2026-09-15 (-7.21%), 2026-09-21 (-7.11%)","2026-07-08 (-5.69%), 2026-08-03 (-4.16%), 2026-08-13 (-5.94%), 2026-08-31 (-4.48%), 2026-09-01 (-5.07%), 2026-09-02 (-5.84%), 2026-09-04 (-8.20%), 2026-09-07 (-5.34%), 2026-09-15 (-7.21%), 2026-09-21 (-7.11%)",-3.51,-18.7,16.52
PREMIERPOL,Non-Energy Minerals,Forest Products,2,2,9,1,1,10,1,3,8,"2026-09-23 #3 (+19.38%), 2026-09-24 #49 (+3.92%)","2026-09-23 #3 (+19.38%), 2026-09-24 #49 (+3.92%)","2026-07-15 #25 (+5.98%), 2026-07-16 #2 (+16.25%), 2026-07-22 #8 (+10.28%), 2026-08-12 #48 (+5.37%), 2026-08-17 #3 (+13.65%), 2026-08-19 #20 (+6.07%), 2026-08-27 #37 (+4.87%), 2026-09-23 #3 (+19.38%), 2026-09-24 #49 (+3.92%)",2026-09-23 (+19.38%),2026-09-23 (+19.38%),"2026-07-09 (+6.42%), 2026-07-15 (+5.98%), 2026-07-16 (+16.25%), 2026-07-22 (+10.28%), 2026-08-03 (+5.42%), 2026-08-12 (+5.37%), 2026-08-17 (+13.65%), 2026-08-19 (+6.07%), 2026-08-27 (+4.87%), 2026-09-23 (+19.38%)",2026-09-25 (-5.08%),"2026-09-07 (-4.10%), 2026-09-15 (-4.67%), 2026-09-25 (-5.08%)","2026-07-06 (-6.56%), 2026-07-08 (-4.43%), 2026-07-17 (-5.59%), 2026-07-27 (-6.08%), 2026-07-31 (-5.10%), 2026-09-07 (-4.10%), 2026-09-15 (-4.67%), 2026-09-25 (-5.08%)",18.35,5.86,41.74
DPABHUSHAN,Retail Trade,Specialty Stores,1,2,9,1,3,11,0,1,4,2026-09-29 #1 (+20.00%),"2026-09-18 #16 (+8.32%), 2026-09-29 #1 (+20.00%)","2026-07-08 #2 (+12.25%), 2026-07-09 #33 (+6.97%), 2026-07-15 #5 (+11.53%), 2026-07-20 #19 (+7.36%), 2026-07-27 #28 (+6.35%), 2026-08-03 #29 (+7.76%), 2026-08-14 #46 (+4.70%), 2026-09-18 #16 (+8.32%), 2026-09-29 #1 (+20.00%)",2026-09-29 (+20.00%),"2026-09-04 (+4.03%), 2026-09-18 (+8.32%), 2026-09-29 (+20.00%)","2026-07-08 (+12.25%), 2026-07-09 (+6.97%), 2026-07-15 (+11.53%), 2026-07-20 (+7.36%), 2026-07-27 (+6.35%), 2026-08-03 (+7.76%), 2026-08-04 (+4.68%), 2026-08-14 (+4.70%), 2026-09-04 (+4.03%), 2026-09-18 (+8.32%), 2026-09-29 (+20.00%)",-,2026-09-01 (-4.01%),"2026-07-22 (-5.84%), 2026-07-30 (-4.34%), 2026-08-25 (-4.81%), 2026-09-01 (-4.01%)",13.37,12.93,74.47
DIACABS,Producer Manufacturing,Electrical Products,0,2,9,0,3,13,2,3,5,-,"2026-09-11 #41 (+4.99%), 2026-09-15 #21 (+5.00%)","2026-07-06 #9 (+10.00%), 2026-07-08 #48 (+2.84%), 2026-07-20 #9 (+10.00%), 2026-07-21 #11 (+10.00%), 2026-07-24 #9 (+7.75%), 2026-07-28 #26 (+4.63%), 2026-08-06 #50 (+5.00%), 2026-09-11 #41 (+4.99%), 2026-09-15 #21 (+5.00%)",-,"2026-09-10 (+4.99%), 2026-09-11 (+4.99%), 2026-09-15 (+5.00%)","2026-07-06 (+10.00%), 2026-07-20 (+10.00%), 2026-07-21 (+10.00%), 2026-07-24 (+7.75%), 2026-07-27 (+4.07%), 2026-07-28 (+4.63%), 2026-07-29 (+5.00%), 2026-08-05 (+4.99%), 2026-08-06 (+5.00%), 2026-08-07 (+4.37%), 2026-09-10 (+4.99%), 2026-09-11 (+4.99%), 2026-09-15 (+5.00%)","2026-09-24 (-4.61%), 2026-09-28 (-4.30%)","2026-09-17 (-4.74%), 2026-09-24 (-4.61%), 2026-09-28 (-4.30%)","2026-07-03 (-5.42%), 2026-07-10 (-4.26%), 2026-09-17 (-4.74%), 2026-09-24 (-4.61%), 2026-09-28 (-4.30%)",-5.07,1.37,67.41
AVALON,Electronic Technology,Electronic Production Equipment,0,2,9,0,2,10,1,3,5,-,"2026-09-07 #35 (+7.10%), 2026-09-18 #3 (+13.80%)","2026-07-16 #22 (+5.23%), 2026-07-30 #21 (+4.90%), 2026-08-07 #7 (+10.75%), 2026-08-17 #42 (+6.11%), 2026-08-18 #35 (+6.70%), 2026-08-26 #47 (+5.44%), 2026-08-31 #26 (+6.34%), 2026-09-07 #35 (+7.10%), 2026-09-18 #3 (+13.80%)",-,"2026-09-07 (+7.10%), 2026-09-18 (+13.80%)","2026-07-09 (+5.97%), 2026-07-16 (+5.23%), 2026-07-30 (+4.90%), 2026-08-07 (+10.75%), 2026-08-17 (+6.11%), 2026-08-18 (+6.70%), 2026-08-26 (+5.44%), 2026-08-31 (+6.34%), 2026-09-07 (+7.10%), 2026-09-18 (+13.80%)",2026-09-24 (-5.30%),"2026-09-02 (-5.56%), 2026-09-15 (-4.58%), 2026-09-24 (-5.30%)","2026-07-07 (-5.60%), 2026-07-28 (-5.10%), 2026-09-02 (-5.56%), 2026-09-15 (-4.58%), 2026-09-24 (-5.30%)",-6.74,-3.0,27.92
CUPID,Consumer Non-Durables,Household/Personal Care,1,1,9,2,2,11,0,2,4,2026-09-29 #13 (+8.88%),2026-09-29 #13 (+8.88%),"2026-07-06 #24 (+7.17%), 2026-07-07 #40 (+3.76%), 2026-07-09 #45 (+6.61%), 2026-07-14 #25 (+4.81%), 2026-07-28 #24 (+4.68%), 2026-08-05 #45 (+5.93%), 2026-08-11 #47 (+5.31%), 2026-08-18 #43 (+6.25%), 2026-09-29 #13 (+8.88%)","2026-09-23 (+6.06%), 2026-09-29 (+8.88%)","2026-09-23 (+6.06%), 2026-09-29 (+8.88%)","2026-07-06 (+7.17%), 2026-07-09 (+6.61%), 2026-07-14 (+4.81%), 2026-07-28 (+4.68%), 2026-08-05 (+5.93%), 2026-08-06 (+4.16%), 2026-08-11 (+5.31%), 2026-08-12 (+4.78%), 2026-08-18 (+6.25%), 2026-09-23 (+6.06%), 2026-09-29 (+8.88%)",-,"2026-09-18 (-5.07%), 2026-09-21 (-5.17%)","2026-07-08 (-10.91%), 2026-08-17 (-9.04%), 2026-09-18 (-5.07%), 2026-09-21 (-5.17%)",11.54,2.69,49.95
MENONBE,Producer Manufacturing,Metal Fabrication,0,1,9,0,4,20,0,2,4,-,2026-09-01 #38 (+5.01%),"2026-07-16 #25 (+5.00%), 2026-07-17 #18 (+5.00%), 2026-07-20 #49 (+5.00%), 2026-07-21 #48 (+5.00%), 2026-07-23 #41 (+4.25%), 2026-07-28 #33 (+4.18%), 2026-08-04 #43 (+5.00%), 2026-08-19 #43 (+5.00%), 2026-09-01 #38 (+5.01%)",-,"2026-09-01 (+5.01%), 2026-09-03 (+4.98%), 2026-09-04 (+4.16%), 2026-09-09 (+4.96%)","2026-07-06 (+4.99%), 2026-07-09 (+4.95%), 2026-07-13 (+4.70%), 2026-07-16 (+5.00%), 2026-07-17 (+5.00%), 2026-07-20 (+5.00%), 2026-07-21 (+5.00%), 2026-07-23 (+4.25%), 2026-07-28 (+4.18%), 2026-08-03 (+4.99%), 2026-08-04 (+5.00%), 2026-08-17 (+5.00%), 2026-08-18 (+5.00%), 2026-08-19 (+5.00%), 2026-08-20 (+4.99%), 2026-08-26 (+4.67%), 2026-09-01 (+5.01%), 2026-09-03 (+4.98%), 2026-09-04 (+4.16%), 2026-09-09 (+4.96%)",-,"2026-09-07 (-4.68%), 2026-09-08 (-4.99%)","2026-07-22 (-5.66%), 2026-08-24 (-4.98%), 2026-09-07 (-4.68%), 2026-09-08 (-4.99%)",-5.09,1.43,80.4
ANTELOPUS,Energy Minerals,Integrated Oil,1,6,8,2,7,9,1,3,7,2026-09-25 #7 (+11.56%),"2026-09-02 #1 (+20.00%), 2026-09-03 #29 (+6.53%), 2026-09-08 #8 (+11.55%), 2026-09-09 #28 (+6.39%), 2026-09-16 #3 (+10.70%), 2026-09-25 #7 (+11.56%)","2026-07-08 #38 (+3.45%), 2026-08-18 #30 (+6.95%), 2026-09-02 #1 (+20.00%), 2026-09-03 #29 (+6.53%), 2026-09-08 #8 (+11.55%), 2026-09-09 #28 (+6.39%), 2026-09-16 #3 (+10.70%), 2026-09-25 #7 (+11.56%)","2026-09-23 (+4.57%), 2026-09-25 (+11.56%)","2026-09-02 (+20.00%), 2026-09-03 (+6.53%), 2026-09-08 (+11.55%), 2026-09-09 (+6.39%), 2026-09-16 (+10.70%), 2026-09-23 (+4.57%), 2026-09-25 (+11.56%)","2026-07-20 (+5.00%), 2026-08-18 (+6.95%), 2026-09-02 (+20.00%), 2026-09-03 (+6.53%), 2026-09-08 (+11.55%), 2026-09-09 (+6.39%), 2026-09-16 (+10.70%), 2026-09-23 (+4.57%), 2026-09-25 (+11.56%)",2026-09-28 (-8.10%),"2026-09-04 (-5.54%), 2026-09-15 (-7.16%), 2026-09-28 (-8.10%)","2026-07-28 (-5.00%), 2026-07-29 (-4.89%), 2026-08-07 (-7.08%), 2026-08-19 (-6.79%), 2026-09-04 (-5.54%), 2026-09-15 (-7.16%), 2026-09-28 (-8.10%)",4.69,48.22,43.76
MILKYMIST,Consumer Non-Durables,Food: Meat/Fish/Dairy,0,6,8,1,8,10,0,1,2,-,"2026-09-01 #9 (+10.00%), 2026-09-02 #12 (+8.62%), 2026-09-07 #17 (+9.34%), 2026-09-10 #49 (+5.00%), 2026-09-11 #36 (+5.00%), 2026-09-22 #50 (+5.00%)","2026-08-19 #7 (+10.00%), 2026-08-26 #9 (+10.00%), 2026-09-01 #9 (+10.00%), 2026-09-02 #12 (+8.62%), 2026-09-07 #17 (+9.34%), 2026-09-10 #49 (+5.00%), 2026-09-11 #36 (+5.00%), 2026-09-22 #50 (+5.00%)",2026-09-23 (+5.00%),"2026-09-01 (+10.00%), 2026-09-02 (+8.62%), 2026-09-07 (+9.34%), 2026-09-10 (+5.00%), 2026-09-11 (+5.00%), 2026-09-21 (+5.00%), 2026-09-22 (+5.00%), 2026-09-23 (+5.00%)","2026-08-19 (+10.00%), 2026-08-26 (+10.00%), 2026-09-01 (+10.00%), 2026-09-02 (+8.62%), 2026-09-07 (+9.34%), 2026-09-10 (+5.00%), 2026-09-11 (+5.00%), 2026-09-21 (+5.00%), 2026-09-22 (+5.00%), 2026-09-23 (+5.00%)",-,2026-09-15 (-5.00%),"2026-08-20 (-7.39%), 2026-09-15 (-5.00%)",5.24,50.75,
BLUSPRING,Commercial Services,Miscellaneous Commercial Services,1,4,8,2,5,11,1,4,9,2026-09-24 #20 (+6.01%),"2026-09-02 #10 (+9.03%), 2026-09-09 #39 (+5.59%), 2026-09-10 #38 (+5.31%), 2026-09-24 #20 (+6.01%)","2026-07-10 #44 (+5.98%), 2026-07-29 #29 (+6.57%), 2026-08-19 #13 (+7.78%), 2026-08-21 #9 (+9.34%), 2026-09-02 #10 (+9.03%), 2026-09-09 #39 (+5.59%), 2026-09-10 #38 (+5.31%), 2026-09-24 #20 (+6.01%)","2026-09-23 (+5.67%), 2026-09-24 (+6.01%)","2026-09-02 (+9.03%), 2026-09-09 (+5.59%), 2026-09-10 (+5.31%), 2026-09-23 (+5.67%), 2026-09-24 (+6.01%)","2026-07-10 (+5.98%), 2026-07-29 (+6.57%), 2026-08-05 (+4.27%), 2026-08-11 (+4.89%), 2026-08-19 (+7.78%), 2026-08-21 (+9.34%), 2026-09-02 (+9.03%), 2026-09-09 (+5.59%), 2026-09-10 (+5.31%), 2026-09-23 (+5.67%), 2026-09-24 (+6.01%)",2026-09-29 (-4.24%),"2026-09-08 (-9.90%), 2026-09-11 (-4.34%), 2026-09-15 (-4.72%), 2026-09-29 (-4.24%)","2026-07-06 (-4.63%), 2026-07-07 (-9.35%), 2026-07-17 (-5.53%), 2026-08-13 (-4.95%), 2026-08-25 (-4.65%), 2026-09-08 (-9.90%), 2026-09-11 (-4.34%), 2026-09-15 (-4.72%), 2026-09-29 (-4.24%)",14.06,13.22,19.42
WELCORP,Producer Manufacturing,Industrial Machinery,1,4,8,1,5,10,0,1,2,2026-09-25 #46 (+5.21%),"2026-09-01 #24 (+6.80%), 2026-09-10 #22 (+6.46%), 2026-09-18 #17 (+8.12%), 2026-09-25 #46 (+5.21%)","2026-07-06 #22 (+7.25%), 2026-07-14 #35 (+3.92%), 2026-08-21 #5 (+15.30%), 2026-08-27 #45 (+4.30%), 2026-09-01 #24 (+6.80%), 2026-09-10 #22 (+6.46%), 2026-09-18 #17 (+8.12%), 2026-09-25 #46 (+5.21%)",2026-09-25 (+5.21%),"2026-09-01 (+6.80%), 2026-09-03 (+4.68%), 2026-09-10 (+6.46%), 2026-09-18 (+8.12%), 2026-09-25 (+5.21%)","2026-07-06 (+7.25%), 2026-07-09 (+4.75%), 2026-08-21 (+15.30%), 2026-08-24 (+4.21%), 2026-08-27 (+4.30%), 2026-09-01 (+6.80%), 2026-09-03 (+4.68%), 2026-09-10 (+6.46%), 2026-09-18 (+8.12%), 2026-09-25 (+5.21%)",-,2026-09-15 (-9.84%),"2026-07-17 (-6.09%), 2026-09-15 (-9.84%)",4.05,18.86,89.62
QUADFUTURE,Producer Manufacturing,Electrical Products,1,4,8,1,4,10,1,1,6,2026-09-25 #16 (+9.41%),"2026-09-08 #40 (+6.10%), 2026-09-11 #10 (+9.80%), 2026-09-17 #33 (+6.01%), 2026-09-25 #16 (+9.41%)","2026-08-06 #34 (+5.62%), 2026-08-21 #2 (+20.00%), 2026-08-24 #9 (+10.35%), 2026-08-27 #28 (+5.00%), 2026-09-08 #40 (+6.10%), 2026-09-11 #10 (+9.80%), 2026-09-17 #33 (+6.01%), 2026-09-25 #16 (+9.41%)",2026-09-25 (+9.41%),"2026-09-08 (+6.10%), 2026-09-11 (+9.80%), 2026-09-17 (+6.01%), 2026-09-25 (+9.41%)","2026-07-13 (+5.20%), 2026-08-03 (+4.34%), 2026-08-06 (+5.62%), 2026-08-21 (+20.00%), 2026-08-24 (+10.35%), 2026-08-27 (+5.00%), 2026-09-08 (+6.10%), 2026-09-11 (+9.80%), 2026-09-17 (+6.01%), 2026-09-25 (+9.41%)",2026-09-24 (-4.97%),2026-09-24 (-4.97%),"2026-07-08 (-5.43%), 2026-07-24 (-5.26%), 2026-07-28 (-4.66%), 2026-08-07 (-4.37%), 2026-08-25 (-6.44%), 2026-09-24 (-4.97%)",3.78,28.61,19.3
MEDICAMEQ,Health Technology,Pharmaceuticals: Major,1,4,8,0,4,9,1,2,5,2026-09-28 #46 (+3.69%),"2026-09-09 #19 (+9.50%), 2026-09-11 #33 (+5.06%), 2026-09-16 #8 (+8.58%), 2026-09-28 #46 (+3.69%)","2026-07-21 #41 (+5.24%), 2026-08-20 #35 (+6.57%), 2026-08-28 #20 (+7.86%), 2026-08-31 #39 (+5.06%), 2026-09-09 #19 (+9.50%), 2026-09-11 #33 (+5.06%), 2026-09-16 #8 (+8.58%), 2026-09-28 #46 (+3.69%)",-,"2026-09-04 (+4.18%), 2026-09-09 (+9.50%), 2026-09-11 (+5.06%), 2026-09-16 (+8.58%)","2026-07-21 (+5.24%), 2026-08-04 (+4.50%), 2026-08-20 (+6.57%), 2026-08-28 (+7.86%), 2026-08-31 (+5.06%), 2026-09-04 (+4.18%), 2026-09-09 (+9.50%), 2026-09-11 (+5.06%), 2026-09-16 (+8.58%)",2026-09-24 (-4.20%),"2026-09-18 (-5.27%), 2026-09-24 (-4.20%)","2026-08-17 (-8.55%), 2026-08-24 (-4.51%), 2026-08-27 (-4.12%), 2026-09-18 (-5.27%), 2026-09-24 (-4.20%)",0.78,23.15,25.41
HLEGLAS,Producer Manufacturing,Industrial Machinery,0,4,8,0,6,11,2,3,6,-,"2026-09-09 #15 (+10.00%), 2026-09-11 #7 (+10.00%), 2026-09-16 #31 (+5.42%), 2026-09-18 #25 (+7.52%)","2026-07-07 #26 (+4.38%), 2026-07-15 #20 (+6.38%), 2026-07-16 #44 (+4.49%), 2026-08-06 #27 (+6.07%), 2026-09-09 #15 (+10.00%), 2026-09-11 #7 (+10.00%), 2026-09-16 #31 (+5.42%), 2026-09-18 #25 (+7.52%)",-,"2026-09-04 (+4.25%), 2026-09-09 (+10.00%), 2026-09-11 (+10.00%), 2026-09-16 (+5.42%), 2026-09-18 (+7.52%), 2026-09-21 (+4.99%)","2026-07-07 (+4.38%), 2026-07-15 (+6.38%), 2026-07-16 (+4.49%), 2026-07-21 (+4.51%), 2026-08-06 (+6.07%), 2026-09-04 (+4.25%), 2026-09-09 (+10.00%), 2026-09-11 (+10.00%), 2026-09-16 (+5.42%), 2026-09-18 (+7.52%), 2026-09-21 (+4.99%)","2026-09-24 (-4.05%), 2026-09-28 (-4.93%)","2026-09-22 (-5.00%), 2026-09-24 (-4.05%), 2026-09-28 (-4.93%)","2026-07-22 (-4.54%), 2026-08-11 (-20.00%), 2026-08-12 (-14.00%), 2026-09-22 (-5.00%), 2026-09-24 (-4.05%), 2026-09-28 (-4.93%)",-2.49,38.16,10.87
MVGJL,Retail Trade,Specialty Stores,0,4,8,1,6,9,0,1,2,-,"2026-09-01 #17 (+7.51%), 2026-09-03 #33 (+6.31%), 2026-09-07 #1 (+20.00%), 2026-09-16 #27 (+5.67%)","2026-07-08 #45 (+3.04%), 2026-07-13 #46 (+5.76%), 2026-07-27 #19 (+7.30%), 2026-07-28 #38 (+4.00%), 2026-09-01 #17 (+7.51%), 2026-09-03 #33 (+6.31%), 2026-09-07 #1 (+20.00%), 2026-09-16 #27 (+5.67%)",2026-09-25 (+4.46%),"2026-09-01 (+7.51%), 2026-09-03 (+6.31%), 2026-09-04 (+4.61%), 2026-09-07 (+20.00%), 2026-09-16 (+5.67%), 2026-09-25 (+4.46%)","2026-07-13 (+5.76%), 2026-07-27 (+7.30%), 2026-07-28 (+4.00%), 2026-09-01 (+7.51%), 2026-09-03 (+6.31%), 2026-09-04 (+4.61%), 2026-09-07 (+20.00%), 2026-09-16 (+5.67%), 2026-09-25 (+4.46%)",-,2026-09-11 (-5.47%),"2026-08-11 (-5.98%), 2026-09-11 (-5.47%)",-0.31,40.77,41.89
AIMTRON,Electronic Technology,Electronic Components,1,3,8,1,3,11,1,2,2,2026-09-25 #48 (+5.16%),"2026-09-10 #32 (+5.57%), 2026-09-21 #34 (+7.35%), 2026-09-25 #48 (+5.16%)","2026-07-03 #40 (+5.58%), 2026-07-09 #22 (+8.16%), 2026-07-28 #45 (+3.81%), 2026-08-03 #46 (+6.73%), 2026-08-14 #31 (+5.06%), 2026-09-10 #32 (+5.57%), 2026-09-21 #34 (+7.35%), 2026-09-25 #48 (+5.16%)",2026-09-25 (+5.16%),"2026-09-10 (+5.57%), 2026-09-21 (+7.35%), 2026-09-25 (+5.16%)","2026-07-03 (+5.58%), 2026-07-09 (+8.16%), 2026-07-27 (+4.31%), 2026-08-03 (+6.73%), 2026-08-04 (+4.56%), 2026-08-05 (+4.19%), 2026-08-14 (+5.06%), 2026-08-18 (+4.81%), 2026-09-10 (+5.57%), 2026-09-21 (+7.35%), 2026-09-25 (+5.16%)",2026-09-28 (-4.69%),"2026-09-15 (-6.58%), 2026-09-28 (-4.69%)","2026-09-15 (-6.58%), 2026-09-28 (-4.69%)",0.97,9.56,45.88
SHIVALIK,Process Industries,Chemicals: Agricultural,0,3,8,0,6,15,1,3,6,-,"2026-09-09 #2 (+20.00%), 2026-09-16 #6 (+9.96%), 2026-09-21 #36 (+7.22%)","2026-07-21 #45 (+5.00%), 2026-07-22 #19 (+5.00%), 2026-07-24 #35 (+5.00%), 2026-08-19 #49 (+4.98%), 2026-08-31 #41 (+5.00%), 2026-09-09 #2 (+20.00%), 2026-09-16 #6 (+9.96%), 2026-09-21 #36 (+7.22%)",-,"2026-09-01 (+4.92%), 2026-09-04 (+4.47%), 2026-09-09 (+20.00%), 2026-09-16 (+9.96%), 2026-09-21 (+7.22%), 2026-09-22 (+4.50%)","2026-07-21 (+5.00%), 2026-07-22 (+5.00%), 2026-07-24 (+5.00%), 2026-07-27 (+4.11%), 2026-08-19 (+4.98%), 2026-08-20 (+5.00%), 2026-08-26 (+4.29%), 2026-08-28 (+5.00%), 2026-08-31 (+5.00%), 2026-09-01 (+4.92%), 2026-09-04 (+4.47%), 2026-09-09 (+20.00%), 2026-09-16 (+9.96%), 2026-09-21 (+7.22%), 2026-09-22 (+4.50%)",2026-09-24 (-4.85%),"2026-09-10 (-4.70%), 2026-09-17 (-5.10%), 2026-09-24 (-4.85%)","2026-07-07 (-4.77%), 2026-08-17 (-5.00%), 2026-08-18 (-4.18%), 2026-09-10 (-4.70%), 2026-09-17 (-5.10%), 2026-09-24 (-4.85%)",-1.33,27.67,75.23
RADHIKAJWE,Consumer Durables,Other Consumer Specialties,0,3,8,0,5,11,0,4,4,-,"2026-09-01 #33 (+5.41%), 2026-09-04 #5 (+16.60%), 2026-09-07 #5 (+13.37%)","2026-07-08 #44 (+3.08%), 2026-07-09 #7 (+13.10%), 2026-07-14 #17 (+5.15%), 2026-07-27 #22 (+6.91%), 2026-08-26 #48 (+5.41%), 2026-09-01 #33 (+5.41%), 2026-09-04 #5 (+16.60%), 2026-09-07 #5 (+13.37%)",-,"2026-09-01 (+5.41%), 2026-09-04 (+16.60%), 2026-09-07 (+13.37%), 2026-09-18 (+4.58%), 2026-09-21 (+4.01%)","2026-07-09 (+13.10%), 2026-07-14 (+5.15%), 2026-07-27 (+6.91%), 2026-07-31 (+4.73%), 2026-08-11 (+4.27%), 2026-08-26 (+5.41%), 2026-09-01 (+5.41%), 2026-09-04 (+16.60%), 2026-09-07 (+13.37%), 2026-09-18 (+4.58%), 2026-09-21 (+4.01%)",-,"2026-09-08 (-6.70%), 2026-09-15 (-9.30%), 2026-09-16 (-5.00%), 2026-09-17 (-4.99%)","2026-09-08 (-6.70%), 2026-09-15 (-9.30%), 2026-09-16 (-5.00%), 2026-09-17 (-4.99%)",-4.8,1.84,21.75
AEROFLEX,Producer Manufacturing,Industrial Machinery,1,2,8,1,2,8,0,2,5,2026-09-29 #48 (+5.10%),"2026-09-01 #37 (+5.07%), 2026-09-29 #48 (+5.10%)","2026-07-28 #14 (+6.73%), 2026-08-04 #18 (+7.51%), 2026-08-12 #41 (+5.65%), 2026-08-18 #37 (+6.58%), 2026-08-21 #46 (+5.83%), 2026-08-26 #17 (+8.19%), 2026-09-01 #37 (+5.07%), 2026-09-29 #48 (+5.10%)",2026-09-29 (+5.10%),"2026-09-01 (+5.07%), 2026-09-29 (+5.10%)","2026-07-28 (+6.73%), 2026-08-04 (+7.51%), 2026-08-12 (+5.65%), 2026-08-18 (+6.58%), 2026-08-21 (+5.83%), 2026-08-26 (+8.19%), 2026-09-01 (+5.07%), 2026-09-29 (+5.10%)",-,"2026-09-15 (-9.99%), 2026-09-16 (-5.22%)","2026-07-03 (-4.63%), 2026-07-07 (-9.90%), 2026-07-30 (-5.33%), 2026-09-15 (-9.99%), 2026-09-16 (-5.22%)",4.43,2.7,12.79
KANPRPLA,Producer Manufacturing,Miscellaneous Manufacturing,0,2,8,0,3,11,0,3,6,-,"2026-09-11 #32 (+5.13%), 2026-09-16 #12 (+8.07%)","2026-07-23 #35 (+4.73%), 2026-07-24 #33 (+5.10%), 2026-08-12 #17 (+7.66%), 2026-08-13 #5 (+12.02%), 2026-08-19 #37 (+5.05%), 2026-08-24 #40 (+5.77%), 2026-09-11 #32 (+5.13%), 2026-09-16 #12 (+8.07%)",-,"2026-09-11 (+5.13%), 2026-09-16 (+8.07%), 2026-09-22 (+4.69%)","2026-07-23 (+4.73%), 2026-07-24 (+5.10%), 2026-08-11 (+5.13%), 2026-08-12 (+7.66%), 2026-08-13 (+12.02%), 2026-08-17 (+4.65%), 2026-08-19 (+5.05%), 2026-08-24 (+5.77%), 2026-09-11 (+5.13%), 2026-09-16 (+8.07%), 2026-09-22 (+4.69%)",-,"2026-09-07 (-4.04%), 2026-09-15 (-7.03%), 2026-09-18 (-5.26%)","2026-07-08 (-5.42%), 2026-08-18 (-7.08%), 2026-08-26 (-5.02%), 2026-09-07 (-4.04%), 2026-09-15 (-7.03%), 2026-09-18 (-5.26%)",-8.08,-8.41,23.48
VINDHYATEL,Industrial Services,Engineering & Construction,0,2,8,0,3,8,1,2,3,-,"2026-09-02 #22 (+6.23%), 2026-09-21 #35 (+7.26%)","2026-07-21 #15 (+7.77%), 2026-07-30 #47 (+3.50%), 2026-08-03 #1 (+20.00%), 2026-08-10 #19 (+8.77%), 2026-08-12 #27 (+6.33%), 2026-08-27 #23 (+5.58%), 2026-09-02 #22 (+6.23%), 2026-09-21 #35 (+7.26%)",-,"2026-09-02 (+6.23%), 2026-09-09 (+4.39%), 2026-09-21 (+7.26%)","2026-07-21 (+7.77%), 2026-08-03 (+20.00%), 2026-08-10 (+8.77%), 2026-08-12 (+6.33%), 2026-08-27 (+5.58%), 2026-09-02 (+6.23%), 2026-09-09 (+4.39%), 2026-09-21 (+7.26%)",2026-09-28 (-4.46%),"2026-09-15 (-6.96%), 2026-09-28 (-4.46%)","2026-08-13 (-4.74%), 2026-09-15 (-6.96%), 2026-09-28 (-4.46%)",-7.4,4.65,28.18
CYIENTDLM,Electronic Technology,Electronic Production Equipment,0,1,8,1,3,11,1,1,3,-,2026-09-08 #7 (+12.82%),"2026-07-03 #19 (+7.96%), 2026-07-07 #9 (+6.93%), 2026-07-16 #8 (+8.99%), 2026-07-22 #4 (+12.06%), 2026-08-13 #41 (+5.69%), 2026-08-17 #47 (+5.86%), 2026-08-25 #46 (+4.55%), 2026-09-08 #7 (+12.82%)",2026-09-23 (+5.05%),"2026-09-08 (+12.82%), 2026-09-18 (+5.28%), 2026-09-23 (+5.05%)","2026-07-03 (+7.96%), 2026-07-07 (+6.93%), 2026-07-16 (+8.99%), 2026-07-21 (+4.52%), 2026-07-22 (+12.06%), 2026-08-13 (+5.69%), 2026-08-17 (+5.86%), 2026-08-25 (+4.55%), 2026-09-08 (+12.82%), 2026-09-18 (+5.28%), 2026-09-23 (+5.05%)",2026-09-24 (-5.27%),2026-09-24 (-5.27%),"2026-07-23 (-4.73%), 2026-08-14 (-4.33%), 2026-09-24 (-5.27%)",0.43,9.27,95.22
SKYGOLD,Consumer Durables,Other Consumer Specialties,0,1,8,0,2,9,0,1,2,-,2026-09-04 #48 (+5.32%),"2026-07-07 #47 (+3.43%), 2026-07-09 #49 (+6.46%), 2026-07-20 #33 (+5.96%), 2026-08-03 #33 (+7.48%), 2026-08-10 #21 (+8.37%), 2026-08-12 #45 (+5.45%), 2026-08-25 #22 (+5.55%), 2026-09-04 #48 (+5.32%)",-,"2026-09-04 (+5.32%), 2026-09-08 (+4.04%)","2026-07-09 (+6.46%), 2026-07-20 (+5.96%), 2026-08-03 (+7.48%), 2026-08-07 (+4.09%), 2026-08-10 (+8.37%), 2026-08-12 (+5.45%), 2026-08-25 (+5.55%), 2026-09-04 (+5.32%), 2026-09-08 (+4.04%)",-,2026-09-15 (-4.59%),"2026-08-13 (-7.10%), 2026-09-15 (-4.59%)",2.28,1.7,44.3
BETA,Health Technology,Pharmaceuticals: Major,0,1,8,0,1,9,1,2,8,-,2026-09-03 #44 (+5.70%),"2026-07-09 #14 (+9.62%), 2026-07-10 #23 (+8.06%), 2026-07-20 #12 (+9.43%), 2026-07-29 #35 (+5.85%), 2026-08-06 #23 (+6.42%), 2026-08-10 #45 (+5.49%), 2026-08-11 #32 (+6.56%), 2026-09-03 #44 (+5.70%)",-,2026-09-03 (+5.70%),"2026-07-09 (+9.62%), 2026-07-10 (+8.06%), 2026-07-20 (+9.43%), 2026-07-29 (+5.85%), 2026-08-03 (+5.43%), 2026-08-06 (+6.42%), 2026-08-10 (+5.49%), 2026-08-11 (+6.56%), 2026-09-03 (+5.70%)",2026-09-24 (-4.31%),"2026-09-07 (-4.26%), 2026-09-24 (-4.31%)","2026-07-22 (-6.61%), 2026-07-28 (-5.42%), 2026-08-07 (-5.76%), 2026-08-12 (-4.10%), 2026-08-17 (-4.62%), 2026-08-20 (-4.34%), 2026-09-07 (-4.26%), 2026-09-24 (-4.31%)",-1.9,-6.18,-5.5
KALYANKJIL,Retail Trade,Specialty Stores,0,0,8,0,0,7,0,1,2,-,-,"2026-07-08 #18 (+5.47%), 2026-07-09 #1 (+18.40%), 2026-07-10 #28 (+7.48%), 2026-07-13 #28 (+7.25%), 2026-07-14 #40 (+3.74%), 2026-07-17 #16 (+5.09%), 2026-07-28 #8 (+7.75%), 2026-08-06 #47 (+5.00%)",-,-,"2026-07-08 (+5.47%), 2026-07-09 (+18.40%), 2026-07-10 (+7.48%), 2026-07-13 (+7.25%), 2026-07-17 (+5.09%), 2026-07-28 (+7.75%), 2026-08-06 (+5.00%)",-,2026-09-01 (-4.66%),"2026-07-07 (-6.95%), 2026-09-01 (-4.66%)",-2.44,-5.35,46.57
RAYMOND,Process Industries,Textiles,1,7,7,1,8,11,0,1,1,2026-09-24 #15 (+8.00%),"2026-09-02 #30 (+5.03%), 2026-09-03 #3 (+13.59%), 2026-09-08 #10 (+11.06%), 2026-09-10 #31 (+5.62%), 2026-09-11 #2 (+17.44%), 2026-09-21 #13 (+10.94%), 2026-09-24 #15 (+8.00%)","2026-09-02 #30 (+5.03%), 2026-09-03 #3 (+13.59%), 2026-09-08 #10 (+11.06%), 2026-09-10 #31 (+5.62%), 2026-09-11 #2 (+17.44%), 2026-09-21 #13 (+10.94%), 2026-09-24 #15 (+8.00%)",2026-09-24 (+8.00%),"2026-09-02 (+5.03%), 2026-09-03 (+13.59%), 2026-09-07 (+4.26%), 2026-09-08 (+11.06%), 2026-09-10 (+5.62%), 2026-09-11 (+17.44%), 2026-09-21 (+10.94%), 2026-09-24 (+8.00%)","2026-07-09 (+4.20%), 2026-08-05 (+4.02%), 2026-08-20 (+4.15%), 2026-09-02 (+5.03%), 2026-09-03 (+13.59%), 2026-09-07 (+4.26%), 2026-09-08 (+11.06%), 2026-09-10 (+5.62%), 2026-09-11 (+17.44%), 2026-09-21 (+10.94%), 2026-09-24 (+8.00%)",-,2026-09-09 (-5.75%),2026-09-09 (-5.75%),6.16,87.66,100.86
ESDS,Technology Services,Information Technology Services,1,7,7,1,9,9,3,6,6,2026-09-24 #42 (+4.66%),"2026-09-07 #2 (+20.00%), 2026-09-08 #3 (+20.00%), 2026-09-09 #16 (+10.00%), 2026-09-10 #9 (+9.96%), 2026-09-11 #8 (+10.00%), 2026-09-15 #23 (+4.84%), 2026-09-24 #42 (+4.66%)","2026-09-07 #2 (+20.00%), 2026-09-08 #3 (+20.00%), 2026-09-09 #16 (+10.00%), 2026-09-10 #9 (+9.96%), 2026-09-11 #8 (+10.00%), 2026-09-15 #23 (+4.84%), 2026-09-24 #42 (+4.66%)",2026-09-24 (+4.66%),"2026-09-07 (+20.00%), 2026-09-08 (+20.00%), 2026-09-09 (+10.00%), 2026-09-10 (+9.96%), 2026-09-11 (+10.00%), 2026-09-15 (+4.84%), 2026-09-21 (+5.00%), 2026-09-22 (+5.00%), 2026-09-24 (+4.66%)","2026-09-07 (+20.00%), 2026-09-08 (+20.00%), 2026-09-09 (+10.00%), 2026-09-10 (+9.96%), 2026-09-11 (+10.00%), 2026-09-15 (+4.84%), 2026-09-21 (+5.00%), 2026-09-22 (+5.00%), 2026-09-24 (+4.66%)","2026-09-25 (-5.00%), 2026-09-28 (-5.00%), 2026-09-29 (-5.00%)","2026-09-16 (-5.00%), 2026-09-17 (-5.00%), 2026-09-18 (-5.00%), 2026-09-25 (-5.00%), 2026-09-28 (-5.00%), 2026-09-29 (-5.00%)","2026-09-16 (-5.00%), 2026-09-17 (-5.00%), 2026-09-18 (-5.00%), 2026-09-25 (-5.00%), 2026-09-28 (-5.00%), 2026-09-29 (-5.00%)",-7.88,,
BHAGERIA,Process Industries,Chemicals: Specialty,1,5,7,1,11,17,0,3,6,2026-09-25 #14 (+9.72%),"2026-09-01 #47 (+4.99%), 2026-09-02 #36 (+5.00%), 2026-09-11 #48 (+4.60%), 2026-09-21 #30 (+7.96%), 2026-09-25 #14 (+9.72%)","2026-07-23 #24 (+5.00%), 2026-08-31 #46 (+5.00%), 2026-09-01 #47 (+4.99%), 2026-09-02 #36 (+5.00%), 2026-09-11 #48 (+4.60%), 2026-09-21 #30 (+7.96%), 2026-09-25 #14 (+9.72%)",2026-09-25 (+9.72%),"2026-09-01 (+4.99%), 2026-09-02 (+5.00%), 2026-09-03 (+4.99%), 2026-09-04 (+5.00%), 2026-09-07 (+4.99%), 2026-09-08 (+4.99%), 2026-09-11 (+4.60%), 2026-09-17 (+4.99%), 2026-09-18 (+4.99%), 2026-09-21 (+7.96%), 2026-09-25 (+9.72%)","2026-07-10 (+4.26%), 2026-07-23 (+5.00%), 2026-07-31 (+5.00%), 2026-08-24 (+5.00%), 2026-08-28 (+5.00%), 2026-08-31 (+5.00%), 2026-09-01 (+4.99%), 2026-09-02 (+5.00%), 2026-09-03 (+4.99%), 2026-09-04 (+5.00%), 2026-09-07 (+4.99%), 2026-09-08 (+4.99%), 2026-09-11 (+4.60%), 2026-09-17 (+4.99%), 2026-09-18 (+4.99%), 2026-09-21 (+7.96%), 2026-09-25 (+9.72%)",-,"2026-09-09 (-4.99%), 2026-09-10 (-5.00%), 2026-09-22 (-4.47%)","2026-07-03 (-4.11%), 2026-07-27 (-4.75%), 2026-07-28 (-4.64%), 2026-09-09 (-4.99%), 2026-09-10 (-5.00%), 2026-09-22 (-4.47%)",9.44,58.26,70.62
INDOMIM,Producer Manufacturing,Industrial Machinery,1,5,7,1,6,10,0,1,4,2026-09-24 #41 (+4.73%),"2026-09-04 #49 (+5.32%), 2026-09-18 #48 (+6.31%), 2026-09-21 #17 (+10.00%), 2026-09-22 #28 (+6.19%), 2026-09-24 #41 (+4.73%)","2026-08-06 #9 (+9.58%), 2026-08-18 #10 (+10.00%), 2026-09-04 #49 (+5.32%), 2026-09-18 #48 (+6.31%), 2026-09-21 #17 (+10.00%), 2026-09-22 #28 (+6.19%), 2026-09-24 #41 (+4.73%)",2026-09-24 (+4.73%),"2026-09-04 (+5.32%), 2026-09-17 (+4.98%), 2026-09-18 (+6.31%), 2026-09-21 (+10.00%), 2026-09-22 (+6.19%), 2026-09-24 (+4.73%)","2026-07-31 (+4.64%), 2026-08-05 (+4.23%), 2026-08-06 (+9.58%), 2026-08-18 (+10.00%), 2026-09-04 (+5.32%), 2026-09-17 (+4.98%), 2026-09-18 (+6.31%), 2026-09-21 (+10.00%), 2026-09-22 (+6.19%), 2026-09-24 (+4.73%)",-,2026-09-15 (-4.18%),"2026-08-10 (-4.29%), 2026-08-20 (-5.00%), 2026-08-21 (-4.07%), 2026-09-15 (-4.18%)",1.2,42.57,
MANINDS,Producer Manufacturing,Industrial Machinery,2,4,7,2,5,12,1,2,2,"2026-09-23 #6 (+16.10%), 2026-09-25 #36 (+5.97%)","2026-09-03 #30 (+6.52%), 2026-09-10 #6 (+10.59%), 2026-09-23 #6 (+16.10%), 2026-09-25 #36 (+5.97%)","2026-08-12 #20 (+7.07%), 2026-08-21 #50 (+5.69%), 2026-08-27 #6 (+9.15%), 2026-09-03 #30 (+6.52%), 2026-09-10 #6 (+10.59%), 2026-09-23 #6 (+16.10%), 2026-09-25 #36 (+5.97%)","2026-09-23 (+16.10%), 2026-09-25 (+5.97%)","2026-09-03 (+6.52%), 2026-09-10 (+10.59%), 2026-09-17 (+4.14%), 2026-09-23 (+16.10%), 2026-09-25 (+5.97%)","2026-07-09 (+4.52%), 2026-08-12 (+7.07%), 2026-08-14 (+4.04%), 2026-08-17 (+5.15%), 2026-08-20 (+5.26%), 2026-08-21 (+5.69%), 2026-08-27 (+9.15%), 2026-09-03 (+6.52%), 2026-09-10 (+10.59%), 2026-09-17 (+4.14%), 2026-09-23 (+16.10%), 2026-09-25 (+5.97%)",2026-09-28 (-6.57%),"2026-09-15 (-6.69%), 2026-09-28 (-6.57%)","2026-09-15 (-6.69%), 2026-09-28 (-6.57%)",12.91,27.45,60.71
CAPILLARY,Technology Services,Packaged Software,2,4,7,2,5,8,0,1,3,"2026-09-24 #46 (+4.03%), 2026-09-25 #42 (+5.62%)","2026-09-18 #20 (+7.82%), 2026-09-22 #20 (+7.24%), 2026-09-24 #46 (+4.03%), 2026-09-25 #42 (+5.62%)","2026-07-27 #2 (+12.40%), 2026-08-04 #14 (+7.95%), 2026-08-05 #23 (+7.74%), 2026-09-18 #20 (+7.82%), 2026-09-22 #20 (+7.24%), 2026-09-24 #46 (+4.03%), 2026-09-25 #42 (+5.62%)","2026-09-24 (+4.03%), 2026-09-25 (+5.62%)","2026-09-18 (+7.82%), 2026-09-21 (+5.39%), 2026-09-22 (+7.24%), 2026-09-24 (+4.03%), 2026-09-25 (+5.62%)","2026-07-27 (+12.40%), 2026-08-04 (+7.95%), 2026-08-05 (+7.74%), 2026-09-18 (+7.82%), 2026-09-21 (+5.39%), 2026-09-22 (+7.24%), 2026-09-24 (+4.03%), 2026-09-25 (+5.62%)",-,2026-09-16 (-4.27%),"2026-07-28 (-4.46%), 2026-08-10 (-6.96%), 2026-09-16 (-4.27%)",3.83,15.01,11.79
OPTIEMUS,Distribution Services,Electronics Distributors,2,4,7,2,4,7,1,1,3,"2026-09-23 #5 (+16.85%), 2026-09-28 #14 (+6.78%)","2026-09-15 #8 (+6.83%), 2026-09-22 #1 (+20.00%), 2026-09-23 #5 (+16.85%), 2026-09-28 #14 (+6.78%)","2026-07-08 #41 (+3.36%), 2026-07-13 #30 (+7.18%), 2026-08-24 #16 (+8.42%), 2026-09-15 #8 (+6.83%), 2026-09-22 #1 (+20.00%), 2026-09-23 #5 (+16.85%), 2026-09-28 #14 (+6.78%)","2026-09-23 (+16.85%), 2026-09-28 (+6.78%)","2026-09-15 (+6.83%), 2026-09-22 (+20.00%), 2026-09-23 (+16.85%), 2026-09-28 (+6.78%)","2026-07-09 (+4.69%), 2026-07-13 (+7.18%), 2026-08-24 (+8.42%), 2026-09-15 (+6.83%), 2026-09-22 (+20.00%), 2026-09-23 (+16.85%), 2026-09-28 (+6.78%)",2026-09-24 (-5.66%),2026-09-24 (-5.66%),"2026-08-04 (-4.89%), 2026-08-05 (-5.63%), 2026-09-24 (-5.66%)",12.31,38.67,57.8
ORIANA,Industrial Services,Engineering & Construction,2,4,7,2,3,5,1,2,4,"2026-09-23 #10 (+11.74%), 2026-09-25 #17 (+8.91%)","2026-09-15 #34 (+3.54%), 2026-09-17 #16 (+7.84%), 2026-09-23 #10 (+11.74%), 2026-09-25 #17 (+8.91%)","2026-07-30 #39 (+3.88%), 2026-08-03 #42 (+6.90%), 2026-08-24 #18 (+8.15%), 2026-09-15 #34 (+3.54%), 2026-09-17 #16 (+7.84%), 2026-09-23 #10 (+11.74%), 2026-09-25 #17 (+8.91%)","2026-09-23 (+11.74%), 2026-09-25 (+8.91%)","2026-09-17 (+7.84%), 2026-09-23 (+11.74%), 2026-09-25 (+8.91%)","2026-08-03 (+6.90%), 2026-08-24 (+8.15%), 2026-09-17 (+7.84%), 2026-09-23 (+11.74%), 2026-09-25 (+8.91%)",2026-09-28 (-6.32%),"2026-09-08 (-79.99%), 2026-09-28 (-6.32%)","2026-07-07 (-5.17%), 2026-08-31 (-4.70%), 2026-09-08 (-79.99%), 2026-09-28 (-6.32%)",14.21,-76.15,-80.57
NRAIL,Process Industries,Containers/Packaging,1,4,7,1,4,10,1,2,3,2026-09-25 #33 (+6.19%),"2026-09-04 #3 (+17.73%), 2026-09-08 #14 (+9.22%), 2026-09-11 #29 (+5.48%), 2026-09-25 #33 (+6.19%)","2026-07-22 #26 (+4.85%), 2026-07-23 #7 (+7.89%), 2026-08-06 #20 (+6.95%), 2026-09-04 #3 (+17.73%), 2026-09-08 #14 (+9.22%), 2026-09-11 #29 (+5.48%), 2026-09-25 #33 (+6.19%)",2026-09-25 (+6.19%),"2026-09-04 (+17.73%), 2026-09-08 (+9.22%), 2026-09-11 (+5.48%), 2026-09-25 (+6.19%)","2026-07-13 (+4.06%), 2026-07-22 (+4.85%), 2026-07-23 (+7.89%), 2026-07-24 (+4.38%), 2026-08-06 (+6.95%), 2026-08-07 (+4.39%), 2026-09-04 (+17.73%), 2026-09-08 (+9.22%), 2026-09-11 (+5.48%), 2026-09-25 (+6.19%)",2026-09-28 (-4.38%),"2026-09-09 (-5.14%), 2026-09-28 (-4.38%)","2026-07-27 (-5.96%), 2026-09-09 (-5.14%), 2026-09-28 (-4.38%)",1.29,29.51,54.59
BODALCHEM,Process Industries,Industrial Specialties,0,4,7,0,6,16,1,3,4,-,"2026-09-01 #25 (+6.62%), 2026-09-02 #2 (+14.74%), 2026-09-07 #13 (+10.00%), 2026-09-08 #21 (+7.52%)","2026-08-25 #36 (+4.99%), 2026-08-27 #33 (+4.99%), 2026-08-31 #1 (+19.99%), 2026-09-01 #25 (+6.62%), 2026-09-02 #2 (+14.74%), 2026-09-07 #13 (+10.00%), 2026-09-08 #21 (+7.52%)",-,"2026-09-01 (+6.62%), 2026-09-02 (+14.74%), 2026-09-07 (+10.00%), 2026-09-08 (+7.52%), 2026-09-17 (+5.00%), 2026-09-18 (+5.00%)","2026-07-29 (+4.99%), 2026-08-03 (+4.68%), 2026-08-19 (+4.29%), 2026-08-20 (+4.99%), 2026-08-21 (+4.83%), 2026-08-24 (+4.99%), 2026-08-25 (+4.99%), 2026-08-27 (+4.99%), 2026-08-28 (+4.88%), 2026-08-31 (+19.99%), 2026-09-01 (+6.62%), 2026-09-02 (+14.74%), 2026-09-07 (+10.00%), 2026-09-08 (+7.52%), 2026-09-17 (+5.00%), 2026-09-18 (+5.00%)",2026-09-29 (-4.92%),"2026-09-09 (-5.00%), 2026-09-10 (-5.00%), 2026-09-29 (-4.92%)","2026-08-06 (-4.99%), 2026-09-09 (-5.00%), 2026-09-10 (-5.00%), 2026-09-29 (-4.92%)",-0.47,61.49,209.46
SMLMAH,Consumer Durables,Motor Vehicles,0,4,7,0,6,10,1,4,6,-,"2026-09-01 #28 (+5.96%), 2026-09-03 #19 (+7.66%), 2026-09-04 #11 (+10.00%), 2026-09-11 #44 (+4.86%)","2026-07-29 #1 (+20.00%), 2026-07-30 #1 (+20.00%), 2026-08-05 #15 (+9.08%), 2026-09-01 #28 (+5.96%), 2026-09-03 #19 (+7.66%), 2026-09-04 #11 (+10.00%), 2026-09-11 #44 (+4.86%)",-,"2026-09-01 (+5.96%), 2026-09-03 (+7.66%), 2026-09-04 (+10.00%), 2026-09-09 (+4.06%), 2026-09-11 (+4.86%), 2026-09-17 (+4.17%)","2026-07-09 (+5.26%), 2026-07-29 (+20.00%), 2026-07-30 (+20.00%), 2026-08-05 (+9.08%), 2026-09-01 (+5.96%), 2026-09-03 (+7.66%), 2026-09-04 (+10.00%), 2026-09-09 (+4.06%), 2026-09-11 (+4.86%), 2026-09-17 (+4.17%)",2026-09-28 (-4.54%),"2026-09-10 (-4.44%), 2026-09-15 (-5.00%), 2026-09-16 (-4.52%), 2026-09-28 (-4.54%)","2026-08-06 (-4.14%), 2026-08-10 (-5.89%), 2026-09-10 (-4.44%), 2026-09-15 (-5.00%), 2026-09-16 (-4.52%), 2026-09-28 (-4.54%)",-1.53,29.53,65.14
MEGATHERM,Producer Manufacturing,Industrial Machinery,0,4,7,0,4,8,1,1,3,-,"2026-09-04 #7 (+11.53%), 2026-09-09 #25 (+6.70%), 2026-09-11 #18 (+6.79%), 2026-09-15 #13 (+5.68%)","2026-07-10 #29 (+7.40%), 2026-08-20 #45 (+6.17%), 2026-08-21 #20 (+7.87%), 2026-09-04 #7 (+11.53%), 2026-09-09 #25 (+6.70%), 2026-09-11 #18 (+6.79%), 2026-09-15 #13 (+5.68%)",-,"2026-09-04 (+11.53%), 2026-09-09 (+6.70%), 2026-09-11 (+6.79%), 2026-09-15 (+5.68%)","2026-07-03 (+4.16%), 2026-07-10 (+7.40%), 2026-08-20 (+6.17%), 2026-08-21 (+7.87%), 2026-09-04 (+11.53%), 2026-09-09 (+6.70%), 2026-09-11 (+6.79%), 2026-09-15 (+5.68%)",2026-09-24 (-4.35%),2026-09-24 (-4.35%),"2026-07-08 (-4.13%), 2026-08-28 (-4.47%), 2026-09-24 (-4.35%)",-0.71,9.62,19.22
BGRENERGY,Industrial Services,Engineering & Construction,1,3,7,1,7,12,2,5,9,2026-09-28 #35 (+4.87%),"2026-09-02 #37 (+5.00%), 2026-09-16 #47 (+4.84%), 2026-09-28 #35 (+4.87%)","2026-07-30 #19 (+4.99%), 2026-08-07 #48 (+4.96%), 2026-08-25 #32 (+5.00%), 2026-08-27 #34 (+4.98%), 2026-09-02 #37 (+5.00%), 2026-09-16 #47 (+4.84%), 2026-09-28 #35 (+4.87%)",2026-09-28 (+4.87%),"2026-09-02 (+5.00%), 2026-09-07 (+4.97%), 2026-09-16 (+4.84%), 2026-09-17 (+5.00%), 2026-09-18 (+5.00%), 2026-09-21 (+5.00%), 2026-09-28 (+4.87%)","2026-07-30 (+4.99%), 2026-08-07 (+4.96%), 2026-08-25 (+5.00%), 2026-08-26 (+4.98%), 2026-08-27 (+4.98%), 2026-09-02 (+5.00%), 2026-09-07 (+4.97%), 2026-09-16 (+4.84%), 2026-09-17 (+5.00%), 2026-09-18 (+5.00%), 2026-09-21 (+5.00%), 2026-09-28 (+4.87%)","2026-09-23 (-4.04%), 2026-09-29 (-5.00%)","2026-09-01 (-4.48%), 2026-09-11 (-4.29%), 2026-09-15 (-5.00%), 2026-09-23 (-4.04%), 2026-09-29 (-5.00%)","2026-07-31 (-4.74%), 2026-08-05 (-4.89%), 2026-08-28 (-4.99%), 2026-08-31 (-4.78%), 2026-09-01 (-4.48%), 2026-09-11 (-4.29%), 2026-09-15 (-5.00%), 2026-09-23 (-4.04%), 2026-09-29 (-5.00%)",-6.15,4.43,-18.1
BIRLACABLE,Producer Manufacturing,Electrical Products,0,3,7,2,10,23,1,4,5,-,"2026-09-01 #45 (+5.00%), 2026-09-02 #46 (+4.99%), 2026-09-11 #47 (+4.72%)","2026-07-22 #46 (+3.74%), 2026-08-04 #50 (+5.00%), 2026-08-27 #31 (+5.00%), 2026-08-31 #45 (+5.00%), 2026-09-01 #45 (+5.00%), 2026-09-02 #46 (+4.99%), 2026-09-11 #47 (+4.72%)","2026-09-25 (+5.00%), 2026-09-29 (+4.99%)","2026-09-01 (+5.00%), 2026-09-02 (+4.99%), 2026-09-03 (+4.99%), 2026-09-04 (+4.99%), 2026-09-09 (+4.99%), 2026-09-10 (+4.99%), 2026-09-11 (+4.72%), 2026-09-17 (+4.99%), 2026-09-25 (+5.00%), 2026-09-29 (+4.99%)","2026-07-09 (+5.00%), 2026-07-31 (+5.00%), 2026-08-03 (+5.00%), 2026-08-04 (+5.00%), 2026-08-05 (+5.00%), 2026-08-06 (+5.00%), 2026-08-10 (+5.00%), 2026-08-11 (+5.00%), 2026-08-12 (+4.96%), 2026-08-18 (+5.00%), 2026-08-27 (+5.00%), 2026-08-28 (+5.00%), 2026-08-31 (+5.00%), 2026-09-01 (+5.00%), 2026-09-02 (+4.99%), 2026-09-03 (+4.99%), 2026-09-04 (+4.99%), 2026-09-09 (+4.99%), 2026-09-10 (+4.99%), 2026-09-11 (+4.72%), 2026-09-17 (+4.99%), 2026-09-25 (+5.00%), 2026-09-29 (+4.99%)",2026-09-24 (-4.61%),"2026-09-07 (-4.99%), 2026-09-08 (-4.99%), 2026-09-21 (-4.99%), 2026-09-24 (-4.61%)","2026-08-14 (-4.80%), 2026-09-07 (-4.99%), 2026-09-08 (-4.99%), 2026-09-21 (-4.99%), 2026-09-24 (-4.61%)",-1.68,19.07,88.15
MMP,Non-Energy Minerals,Other Metals/Minerals,0,3,7,0,3,8,0,0,0,-,"2026-09-07 #11 (+10.10%), 2026-09-08 #20 (+7.54%), 2026-09-11 #43 (+4.95%)","2026-07-08 #15 (+6.06%), 2026-08-05 #14 (+9.40%), 2026-08-10 #50 (+5.33%), 2026-08-18 #19 (+7.73%), 2026-09-07 #11 (+10.10%), 2026-09-08 #20 (+7.54%), 2026-09-11 #43 (+4.95%)",-,"2026-09-07 (+10.10%), 2026-09-08 (+7.54%), 2026-09-11 (+4.95%)","2026-07-08 (+6.06%), 2026-07-31 (+4.11%), 2026-08-05 (+9.40%), 2026-08-10 (+5.33%), 2026-08-18 (+7.73%), 2026-09-07 (+10.10%), 2026-09-08 (+7.54%), 2026-09-11 (+4.95%)",-,-,-,-2.98,10.67,63.19
RPGLIFE,Health Technology,Pharmaceuticals: Major,2,2,7,3,4,9,1,1,1,"2026-09-23 #16 (+10.14%), 2026-09-25 #47 (+5.20%)","2026-09-23 #16 (+10.14%), 2026-09-25 #47 (+5.20%)","2026-07-09 #20 (+8.34%), 2026-07-10 #27 (+7.53%), 2026-07-15 #9 (+8.68%), 2026-07-20 #39 (+5.50%), 2026-08-13 #12 (+8.34%), 2026-09-23 #16 (+10.14%), 2026-09-25 #47 (+5.20%)","2026-09-23 (+10.14%), 2026-09-25 (+5.20%), 2026-09-29 (+4.54%)","2026-09-08 (+4.83%), 2026-09-23 (+10.14%), 2026-09-25 (+5.20%), 2026-09-29 (+4.54%)","2026-07-09 (+8.34%), 2026-07-10 (+7.53%), 2026-07-15 (+8.68%), 2026-07-20 (+5.50%), 2026-08-13 (+8.34%), 2026-09-08 (+4.83%), 2026-09-23 (+10.14%), 2026-09-25 (+5.20%), 2026-09-29 (+4.54%)",2026-09-24 (-4.15%),2026-09-24 (-4.15%),2026-09-24 (-4.15%),12.46,17.5,29.06
SALSTEEL,Non-Energy Minerals,Steel,1,2,7,4,8,19,0,1,5,2026-09-24 #26 (+5.00%),"2026-09-16 #38 (+5.00%), 2026-09-24 #26 (+5.00%)","2026-07-22 #38 (+4.04%), 2026-08-12 #22 (+7.06%), 2026-08-13 #8 (+9.99%), 2026-08-17 #21 (+8.21%), 2026-08-19 #6 (+10.00%), 2026-09-16 #38 (+5.00%), 2026-09-24 #26 (+5.00%)","2026-09-23 (+4.99%), 2026-09-24 (+5.00%), 2026-09-25 (+4.85%), 2026-09-29 (+4.35%)","2026-09-01 (+4.61%), 2026-09-16 (+5.00%), 2026-09-17 (+5.00%), 2026-09-18 (+4.99%), 2026-09-23 (+4.99%), 2026-09-24 (+5.00%), 2026-09-25 (+4.85%), 2026-09-29 (+4.35%)","2026-07-21 (+4.98%), 2026-07-22 (+4.04%), 2026-07-27 (+4.99%), 2026-08-05 (+4.99%), 2026-08-06 (+4.98%), 2026-08-12 (+7.06%), 2026-08-13 (+9.99%), 2026-08-17 (+8.21%), 2026-08-19 (+10.00%), 2026-08-28 (+4.99%), 2026-08-31 (+4.84%), 2026-09-01 (+4.61%), 2026-09-16 (+5.00%), 2026-09-17 (+5.00%), 2026-09-18 (+4.99%), 2026-09-23 (+4.99%), 2026-09-24 (+5.00%), 2026-09-25 (+4.85%), 2026-09-29 (+4.35%)",-,2026-09-15 (-5.00%),"2026-07-03 (-4.35%), 2026-07-30 (-5.00%), 2026-08-10 (-4.44%), 2026-08-14 (-4.22%), 2026-09-15 (-5.00%)",19.88,29.16,70.23
GANESHBE,Process Industries,Chemicals: Specialty,1,2,7,2,6,11,0,2,4,2026-09-28 #30 (+4.95%),"2026-09-02 #45 (+4.99%), 2026-09-28 #30 (+4.95%)","2026-07-15 #15 (+7.58%), 2026-07-22 #47 (+3.73%), 2026-07-23 #48 (+3.92%), 2026-07-28 #1 (+11.20%), 2026-08-04 #45 (+5.00%), 2026-09-02 #45 (+4.99%), 2026-09-28 #30 (+4.95%)","2026-09-23 (+4.68%), 2026-09-28 (+4.95%)","2026-09-02 (+4.99%), 2026-09-07 (+5.00%), 2026-09-10 (+4.03%), 2026-09-17 (+5.00%), 2026-09-23 (+4.68%), 2026-09-28 (+4.95%)","2026-07-15 (+7.58%), 2026-07-28 (+11.20%), 2026-08-04 (+5.00%), 2026-08-20 (+5.00%), 2026-08-21 (+5.00%), 2026-09-02 (+4.99%), 2026-09-07 (+5.00%), 2026-09-10 (+4.03%), 2026-09-17 (+5.00%), 2026-09-23 (+4.68%), 2026-09-28 (+4.95%)",-,"2026-09-15 (-4.77%), 2026-09-16 (-4.87%)","2026-07-30 (-5.03%), 2026-08-28 (-4.13%), 2026-09-15 (-4.77%), 2026-09-16 (-4.87%)",10.07,14.93,33.72
SIGMAADV,Technology Services,Information Technology Services,0,2,7,1,7,21,0,1,5,-,"2026-09-10 #47 (+5.00%), 2026-09-11 #38 (+4.99%)","2026-07-24 #48 (+4.64%), 2026-07-28 #17 (+5.00%), 2026-08-19 #40 (+5.00%), 2026-08-25 #33 (+4.99%), 2026-08-27 #27 (+5.00%), 2026-09-10 #47 (+5.00%), 2026-09-11 #38 (+4.99%)",2026-09-29 (+5.00%),"2026-09-08 (+5.00%), 2026-09-10 (+5.00%), 2026-09-11 (+4.99%), 2026-09-17 (+4.94%), 2026-09-21 (+4.95%), 2026-09-22 (+4.30%), 2026-09-29 (+5.00%)","2026-07-09 (+5.00%), 2026-07-10 (+4.41%), 2026-07-24 (+4.64%), 2026-07-27 (+5.00%), 2026-07-28 (+5.00%), 2026-07-29 (+4.99%), 2026-07-31 (+4.03%), 2026-08-03 (+5.00%), 2026-08-04 (+4.90%), 2026-08-18 (+5.00%), 2026-08-19 (+5.00%), 2026-08-25 (+4.99%), 2026-08-26 (+4.99%), 2026-08-27 (+5.00%), 2026-09-08 (+5.00%), 2026-09-10 (+5.00%), 2026-09-11 (+4.99%), 2026-09-17 (+4.94%), 2026-09-21 (+4.95%), 2026-09-22 (+4.30%), 2026-09-29 (+5.00%)",-,2026-09-15 (-4.54%),"2026-07-20 (-4.37%), 2026-07-23 (-5.00%), 2026-08-17 (-5.00%), 2026-08-24 (-4.13%), 2026-09-15 (-4.54%)",3.05,24.93,74.12
MODISONLTD,Industrial Services,Engineering & Construction,0,2,7,1,5,16,0,4,7,-,"2026-09-01 #8 (+10.00%), 2026-09-10 #48 (+5.00%)","2026-07-16 #24 (+5.00%), 2026-08-14 #35 (+5.00%), 2026-08-19 #50 (+4.93%), 2026-08-25 #45 (+4.55%), 2026-08-31 #12 (+9.99%), 2026-09-01 #8 (+10.00%), 2026-09-10 #48 (+5.00%)",2026-09-29 (+4.20%),"2026-09-01 (+10.00%), 2026-09-02 (+4.24%), 2026-09-08 (+4.99%), 2026-09-10 (+5.00%), 2026-09-29 (+4.20%)","2026-07-16 (+5.00%), 2026-08-03 (+4.99%), 2026-08-10 (+4.98%), 2026-08-11 (+4.99%), 2026-08-13 (+4.60%), 2026-08-14 (+5.00%), 2026-08-17 (+5.00%), 2026-08-18 (+5.00%), 2026-08-19 (+4.93%), 2026-08-25 (+4.55%), 2026-08-31 (+9.99%), 2026-09-01 (+10.00%), 2026-09-02 (+4.24%), 2026-09-08 (+4.99%), 2026-09-10 (+5.00%), 2026-09-29 (+4.20%)",-,"2026-09-03 (-4.99%), 2026-09-04 (-4.99%), 2026-09-15 (-4.95%), 2026-09-16 (-4.83%)","2026-07-24 (-4.82%), 2026-07-28 (-4.87%), 2026-08-21 (-4.63%), 2026-09-03 (-4.99%), 2026-09-04 (-4.99%), 2026-09-15 (-4.95%), 2026-09-16 (-4.83%)",-4.38,8.47,52.56
GENESYS,Technology Services,Packaged Software,0,2,7,0,3,9,0,2,9,-,"2026-09-08 #2 (+20.00%), 2026-09-10 #11 (+9.25%)","2026-08-03 #15 (+10.00%), 2026-08-04 #23 (+5.99%), 2026-08-18 #34 (+6.70%), 2026-08-25 #1 (+19.99%), 2026-08-26 #4 (+14.96%), 2026-09-08 #2 (+20.00%), 2026-09-10 #11 (+9.25%)",-,"2026-09-07 (+4.02%), 2026-09-08 (+20.00%), 2026-09-10 (+9.25%)","2026-07-13 (+5.40%), 2026-08-03 (+10.00%), 2026-08-04 (+5.99%), 2026-08-18 (+6.70%), 2026-08-25 (+19.99%), 2026-08-26 (+14.96%), 2026-09-07 (+4.02%), 2026-09-08 (+20.00%), 2026-09-10 (+9.25%)",-,"2026-09-09 (-4.82%), 2026-09-15 (-7.24%)","2026-07-08 (-5.46%), 2026-07-22 (-7.00%), 2026-07-27 (-31.14%), 2026-07-28 (-4.72%), 2026-08-14 (-14.27%), 2026-08-17 (-5.69%), 2026-08-27 (-4.79%), 2026-09-09 (-4.82%), 2026-09-15 (-7.24%)",-0.86,22.14,-17.31
EBGNG,Technology Services,Information Technology Services,0,2,7,0,3,8,1,1,5,-,"2026-09-01 #27 (+6.20%), 2026-09-08 #24 (+7.44%)","2026-07-08 #47 (+2.89%), 2026-07-24 #36 (+5.00%), 2026-08-10 #39 (+5.71%), 2026-08-20 #44 (+6.18%), 2026-08-28 #12 (+9.45%), 2026-09-01 #27 (+6.20%), 2026-09-08 #24 (+7.44%)",-,"2026-09-01 (+6.20%), 2026-09-08 (+7.44%), 2026-09-18 (+6.26%)","2026-07-24 (+5.00%), 2026-08-10 (+5.71%), 2026-08-17 (+4.92%), 2026-08-20 (+6.18%), 2026-08-28 (+9.45%), 2026-09-01 (+6.20%), 2026-09-08 (+7.44%), 2026-09-18 (+6.26%)",2026-09-24 (-5.38%),2026-09-24 (-5.38%),"2026-07-03 (-4.99%), 2026-07-17 (-5.00%), 2026-07-31 (-4.89%), 2026-08-04 (-5.00%), 2026-09-24 (-5.38%)",-2.53,10.17,-0.01
IKIO,Producer Manufacturing,Electrical Products,0,2,7,0,2,7,0,2,4,-,"2026-09-08 #18 (+8.25%), 2026-09-10 #36 (+5.36%)","2026-07-03 #1 (+19.14%), 2026-07-09 #4 (+14.02%), 2026-07-14 #29 (+4.51%), 2026-08-12 #44 (+5.53%), 2026-08-28 #4 (+14.82%), 2026-09-08 #18 (+8.25%), 2026-09-10 #36 (+5.36%)",-,"2026-09-08 (+8.25%), 2026-09-10 (+5.36%)","2026-07-03 (+19.14%), 2026-07-09 (+14.02%), 2026-07-14 (+4.51%), 2026-08-12 (+5.53%), 2026-08-28 (+14.82%), 2026-09-08 (+8.25%), 2026-09-10 (+5.36%)",-,"2026-09-07 (-4.41%), 2026-09-15 (-5.72%)","2026-07-07 (-4.81%), 2026-07-08 (-4.41%), 2026-09-07 (-4.41%), 2026-09-15 (-5.72%)",-4.21,-8.44,15.9
JGCHEM,Process Industries,Chemicals: Specialty,1,1,7,1,3,9,0,2,3,2026-09-29 #34 (+6.10%),2026-09-29 #34 (+6.10%),"2026-07-20 #10 (+9.82%), 2026-07-24 #18 (+6.07%), 2026-08-05 #17 (+8.40%), 2026-08-10 #10 (+12.55%), 2026-08-18 #22 (+7.50%), 2026-08-28 #8 (+11.24%), 2026-09-29 #34 (+6.10%)",2026-09-29 (+6.10%),"2026-09-08 (+5.13%), 2026-09-18 (+4.12%), 2026-09-29 (+6.10%)","2026-07-20 (+9.82%), 2026-07-24 (+6.07%), 2026-08-05 (+8.40%), 2026-08-10 (+12.55%), 2026-08-18 (+7.50%), 2026-08-28 (+11.24%), 2026-09-08 (+5.13%), 2026-09-18 (+4.12%), 2026-09-29 (+6.10%)",-,"2026-09-02 (-4.06%), 2026-09-15 (-4.63%)","2026-08-25 (-4.79%), 2026-09-02 (-4.06%), 2026-09-15 (-4.63%)",7.91,4.0,55.88
MOLDTECH,Industrial Services,Engineering & Construction,0,1,7,0,2,10,0,2,5,-,2026-09-02 #43 (+4.99%),"2026-07-27 #48 (+5.72%), 2026-07-29 #25 (+6.69%), 2026-07-30 #8 (+6.41%), 2026-08-05 #13 (+9.86%), 2026-08-06 #2 (+19.35%), 2026-08-19 #42 (+5.00%), 2026-09-02 #43 (+4.99%)",-,"2026-09-02 (+4.99%), 2026-09-07 (+4.89%)","2026-07-27 (+5.72%), 2026-07-29 (+6.69%), 2026-07-30 (+6.41%), 2026-08-05 (+9.86%), 2026-08-06 (+19.35%), 2026-08-13 (+4.30%), 2026-08-19 (+5.00%), 2026-08-20 (+5.00%), 2026-09-02 (+4.99%), 2026-09-07 (+4.89%)",-,"2026-09-15 (-5.00%), 2026-09-16 (-5.00%)","2026-07-28 (-5.37%), 2026-08-11 (-4.86%), 2026-08-18 (-4.51%), 2026-09-15 (-5.00%), 2026-09-16 (-5.00%)",3.63,2.81,51.31
BLUESTONE,Retail Trade,Specialty Stores,0,1,7,0,3,9,2,3,4,-,2026-09-22 #8 (+10.05%),"2026-07-21 #1 (+19.37%), 2026-07-22 #13 (+6.51%), 2026-07-27 #30 (+6.26%), 2026-07-31 #27 (+7.03%), 2026-08-04 #25 (+5.74%), 2026-08-12 #24 (+6.76%), 2026-09-22 #8 (+10.05%)",-,"2026-09-04 (+4.70%), 2026-09-11 (+4.12%), 2026-09-22 (+10.05%)","2026-07-21 (+19.37%), 2026-07-22 (+6.51%), 2026-07-27 (+6.26%), 2026-07-31 (+7.03%), 2026-08-04 (+5.74%), 2026-08-12 (+6.76%), 2026-09-04 (+4.70%), 2026-09-11 (+4.12%), 2026-09-22 (+10.05%)","2026-09-23 (-8.05%), 2026-09-24 (-5.65%)","2026-09-15 (-6.94%), 2026-09-23 (-8.05%), 2026-09-24 (-5.65%)","2026-07-28 (-7.74%), 2026-09-15 (-6.94%), 2026-09-23 (-8.05%), 2026-09-24 (-5.65%)",-13.37,-1.39,41.24
AEGISLOG,Distribution Services,Wholesale Distributors,0,1,7,0,4,9,1,2,7,-,2026-09-09 #36 (+5.94%),"2026-07-06 #30 (+6.32%), 2026-07-15 #12 (+8.07%), 2026-07-17 #34 (+3.98%), 2026-08-03 #21 (+8.39%), 2026-08-18 #44 (+6.25%), 2026-08-21 #41 (+6.11%), 2026-09-09 #36 (+5.94%)",-,"2026-09-09 (+5.94%), 2026-09-16 (+4.36%), 2026-09-18 (+4.55%), 2026-09-21 (+4.99%)","2026-07-06 (+6.32%), 2026-07-15 (+8.07%), 2026-08-03 (+8.39%), 2026-08-18 (+6.25%), 2026-08-21 (+6.11%), 2026-09-09 (+5.94%), 2026-09-16 (+4.36%), 2026-09-18 (+4.55%), 2026-09-21 (+4.99%)",2026-09-28 (-4.20%),"2026-09-22 (-4.14%), 2026-09-28 (-4.20%)","2026-07-08 (-9.99%), 2026-07-14 (-5.50%), 2026-07-21 (-5.09%), 2026-07-27 (-4.32%), 2026-08-24 (-5.39%), 2026-09-22 (-4.14%), 2026-09-28 (-4.20%)",-8.75,2.78,-1.67
63MOONS,Technology Services,Packaged Software,0,1,7,0,1,8,1,3,7,-,2026-09-03 #43 (+5.73%),"2026-07-06 #27 (+6.50%), 2026-07-13 #25 (+8.19%), 2026-07-17 #25 (+4.40%), 2026-07-28 #49 (+3.68%), 2026-07-30 #4 (+8.85%), 2026-07-31 #7 (+9.92%), 2026-09-03 #43 (+5.73%)",-,2026-09-03 (+5.73%),"2026-07-06 (+6.50%), 2026-07-13 (+8.19%), 2026-07-17 (+4.40%), 2026-07-30 (+8.85%), 2026-07-31 (+9.92%), 2026-08-19 (+4.12%), 2026-08-28 (+4.15%), 2026-09-03 (+5.73%)",2026-09-28 (-4.55%),"2026-09-15 (-4.94%), 2026-09-22 (-5.64%), 2026-09-28 (-4.55%)","2026-07-08 (-6.43%), 2026-07-22 (-4.08%), 2026-08-13 (-7.68%), 2026-08-27 (-4.13%), 2026-09-15 (-4.94%), 2026-09-22 (-5.64%), 2026-09-28 (-4.55%)",-3.68,4.1,22.57
CORDELIA,Consumer Services,Hotels/Resorts/Cruise lines,0,0,7,0,3,11,1,1,4,-,-,"2026-07-03 #11 (+9.99%), 2026-07-07 #48 (+3.39%), 2026-07-08 #35 (+3.74%), 2026-07-21 #16 (+7.73%), 2026-08-20 #10 (+10.00%), 2026-08-21 #21 (+7.78%), 2026-08-24 #32 (+6.66%)",-,"2026-09-07 (+4.99%), 2026-09-10 (+4.98%), 2026-09-18 (+4.99%)","2026-07-03 (+9.99%), 2026-07-09 (+4.47%), 2026-07-21 (+7.73%), 2026-07-31 (+4.27%), 2026-08-20 (+10.00%), 2026-08-21 (+7.78%), 2026-08-24 (+6.66%), 2026-08-26 (+4.83%), 2026-09-07 (+4.99%), 2026-09-10 (+4.98%), 2026-09-18 (+4.99%)",2026-09-24 (-4.43%),2026-09-24 (-4.43%),"2026-07-06 (-5.25%), 2026-07-23 (-9.42%), 2026-08-27 (-4.11%), 2026-09-24 (-4.43%)",-8.58,-1.05,39.56
MBECL,Industrial Services,Engineering & Construction,0,6,6,0,14,14,0,0,0,-,"2026-09-01 #1 (+241.97%), 2026-09-02 #33 (+5.00%), 2026-09-10 #50 (+5.00%), 2026-09-11 #37 (+5.00%), 2026-09-15 #19 (+5.00%), 2026-09-16 #40 (+5.00%)","2026-09-01 #1 (+241.97%), 2026-09-02 #33 (+5.00%), 2026-09-10 #50 (+5.00%), 2026-09-11 #37 (+5.00%), 2026-09-15 #19 (+5.00%), 2026-09-16 #40 (+5.00%)",-,"2026-09-01 (+241.97%), 2026-09-02 (+5.00%), 2026-09-03 (+5.00%), 2026-09-04 (+5.00%), 2026-09-07 (+5.00%), 2026-09-08 (+5.00%), 2026-09-09 (+5.00%), 2026-09-10 (+5.00%), 2026-09-11 (+5.00%), 2026-09-15 (+5.00%), 2026-09-16 (+5.00%), 2026-09-17 (+5.00%), 2026-09-18 (+5.00%), 2026-09-21 (+5.00%)","2026-09-01 (+241.97%), 2026-09-02 (+5.00%), 2026-09-03 (+5.00%), 2026-09-04 (+5.00%), 2026-09-07 (+5.00%), 2026-09-08 (+5.00%), 2026-09-09 (+5.00%), 2026-09-10 (+5.00%), 2026-09-11 (+5.00%), 2026-09-15 (+5.00%), 2026-09-16 (+5.00%), 2026-09-17 (+5.00%), 2026-09-18 (+5.00%), 2026-09-21 (+5.00%)",-,-,-,10.4,626.04,626.04
RUBYMILLS,Process Industries,Textiles,2,5,6,1,5,12,0,2,3,"2026-09-23 #43 (+6.58%), 2026-09-28 #43 (+3.81%)","2026-09-07 #41 (+6.70%), 2026-09-09 #40 (+5.45%), 2026-09-16 #18 (+6.87%), 2026-09-23 #43 (+6.58%), 2026-09-28 #43 (+3.81%)","2026-07-17 #47 (+3.16%), 2026-09-07 #41 (+6.70%), 2026-09-09 #40 (+5.45%), 2026-09-16 #18 (+6.87%), 2026-09-23 #43 (+6.58%), 2026-09-28 #43 (+3.81%)",2026-09-23 (+6.58%),"2026-09-04 (+4.71%), 2026-09-07 (+6.70%), 2026-09-09 (+5.45%), 2026-09-16 (+6.87%), 2026-09-23 (+6.58%)","2026-07-09 (+5.00%), 2026-07-10 (+4.98%), 2026-07-16 (+4.05%), 2026-07-21 (+4.81%), 2026-08-06 (+4.54%), 2026-08-17 (+5.00%), 2026-08-18 (+4.99%), 2026-09-04 (+4.71%), 2026-09-07 (+6.70%), 2026-09-09 (+5.45%), 2026-09-16 (+6.87%), 2026-09-23 (+6.58%)",-,"2026-09-10 (-6.10%), 2026-09-15 (-4.99%)","2026-07-20 (-4.99%), 2026-09-10 (-6.10%), 2026-09-15 (-4.99%)",6.92,27.96,50.19
ROSSTECH,Electronic Technology,Telecommunications Equipment,1,5,6,1,5,8,0,0,1,2026-09-29 #37 (+5.93%),"2026-09-08 #41 (+6.08%), 2026-09-15 #27 (+4.21%), 2026-09-16 #20 (+6.68%), 2026-09-22 #9 (+9.88%), 2026-09-29 #37 (+5.93%)","2026-08-03 #9 (+11.84%), 2026-09-08 #41 (+6.08%), 2026-09-15 #27 (+4.21%), 2026-09-16 #20 (+6.68%), 2026-09-22 #9 (+9.88%), 2026-09-29 #37 (+5.93%)",2026-09-29 (+5.93%),"2026-09-08 (+6.08%), 2026-09-15 (+4.21%), 2026-09-16 (+6.68%), 2026-09-22 (+9.88%), 2026-09-29 (+5.93%)","2026-07-09 (+4.75%), 2026-08-03 (+11.84%), 2026-08-26 (+4.72%), 2026-09-08 (+6.08%), 2026-09-15 (+4.21%), 2026-09-16 (+6.68%), 2026-09-22 (+9.88%), 2026-09-29 (+5.93%)",-,-,2026-07-28 (-6.56%),-0.83,33.49,48.24
KOPRAN,Health Technology,Pharmaceuticals: Major,1,4,6,2,6,12,0,0,1,2026-09-25 #50 (+5.07%),"2026-09-03 #36 (+6.14%), 2026-09-07 #48 (+5.73%), 2026-09-15 #10 (+6.22%), 2026-09-25 #50 (+5.07%)","2026-08-14 #37 (+5.00%), 2026-08-31 #17 (+7.96%), 2026-09-03 #36 (+6.14%), 2026-09-07 #48 (+5.73%), 2026-09-15 #10 (+6.22%), 2026-09-25 #50 (+5.07%)","2026-09-25 (+5.07%), 2026-09-29 (+4.65%)","2026-09-03 (+6.14%), 2026-09-07 (+5.73%), 2026-09-15 (+6.22%), 2026-09-16 (+4.39%), 2026-09-25 (+5.07%), 2026-09-29 (+4.65%)","2026-07-13 (+5.00%), 2026-08-13 (+5.00%), 2026-08-14 (+5.00%), 2026-08-17 (+5.00%), 2026-08-28 (+4.69%), 2026-08-31 (+7.96%), 2026-09-03 (+6.14%), 2026-09-07 (+5.73%), 2026-09-15 (+6.22%), 2026-09-16 (+4.39%), 2026-09-25 (+5.07%), 2026-09-29 (+4.65%)",-,-,2026-08-07 (-4.95%),5.23,33.54,54.87
KROSS,Producer Manufacturing,Auto Parts: OEM,1,4,6,1,4,7,0,1,2,2026-09-23 #24 (+8.76%),"2026-09-10 #34 (+5.40%), 2026-09-17 #21 (+7.17%), 2026-09-21 #33 (+7.42%), 2026-09-23 #24 (+8.76%)","2026-07-20 #16 (+8.36%), 2026-08-20 #47 (+6.10%), 2026-09-10 #34 (+5.40%), 2026-09-17 #21 (+7.17%), 2026-09-21 #33 (+7.42%), 2026-09-23 #24 (+8.76%)",2026-09-23 (+8.76%),"2026-09-10 (+5.40%), 2026-09-17 (+7.17%), 2026-09-21 (+7.42%), 2026-09-23 (+8.76%)","2026-07-20 (+8.36%), 2026-08-20 (+6.10%), 2026-08-26 (+4.12%), 2026-09-10 (+5.40%), 2026-09-17 (+7.17%), 2026-09-21 (+7.42%), 2026-09-23 (+8.76%)",-,2026-09-15 (-4.27%),"2026-07-27 (-7.67%), 2026-09-15 (-4.27%)",2.23,23.09,40.95
INDOCO,Health Technology,Pharmaceuticals: Major,1,4,6,1,4,5,0,3,6,2026-09-29 #16 (+8.07%),"2026-09-02 #6 (+12.27%), 2026-09-10 #8 (+9.98%), 2026-09-16 #35 (+5.22%), 2026-09-29 #16 (+8.07%)","2026-07-08 #43 (+3.13%), 2026-08-26 #35 (+6.04%), 2026-09-02 #6 (+12.27%), 2026-09-10 #8 (+9.98%), 2026-09-16 #35 (+5.22%), 2026-09-29 #16 (+8.07%)",2026-09-29 (+8.07%),"2026-09-02 (+12.27%), 2026-09-10 (+9.98%), 2026-09-16 (+5.22%), 2026-09-29 (+8.07%)","2026-08-26 (+6.04%), 2026-09-02 (+12.27%), 2026-09-10 (+9.98%), 2026-09-16 (+5.22%), 2026-09-29 (+8.07%)",-,"2026-09-07 (-4.50%), 2026-09-09 (-5.35%), 2026-09-15 (-8.22%)","2026-07-14 (-4.05%), 2026-07-22 (-5.14%), 2026-07-28 (-8.10%), 2026-09-07 (-4.50%), 2026-09-09 (-5.35%), 2026-09-15 (-8.22%)",5.75,10.61,10.3
ABSMARINE,Transportation,Marine Shipping,0,4,6,0,5,10,0,1,1,-,"2026-09-01 #29 (+5.95%), 2026-09-03 #39 (+6.06%), 2026-09-04 #10 (+10.01%), 2026-09-22 #29 (+6.08%)","2026-08-14 #41 (+4.99%), 2026-08-25 #38 (+4.98%), 2026-09-01 #29 (+5.95%), 2026-09-03 #39 (+6.06%), 2026-09-04 #10 (+10.01%), 2026-09-22 #29 (+6.08%)",-,"2026-09-01 (+5.95%), 2026-09-03 (+6.06%), 2026-09-04 (+10.01%), 2026-09-17 (+4.07%), 2026-09-22 (+6.08%)","2026-08-14 (+4.99%), 2026-08-17 (+4.95%), 2026-08-24 (+4.99%), 2026-08-25 (+4.98%), 2026-08-26 (+4.99%), 2026-09-01 (+5.95%), 2026-09-03 (+6.06%), 2026-09-04 (+10.01%), 2026-09-17 (+4.07%), 2026-09-22 (+6.08%)",-,2026-09-18 (-6.04%),2026-09-18 (-6.04%),13.81,10.07,39.25
ELLEN,Process Industries,Chemicals: Specialty,0,4,6,0,4,8,0,2,3,-,"2026-09-03 #49 (+5.47%), 2026-09-09 #17 (+9.99%), 2026-09-10 #41 (+5.20%), 2026-09-16 #30 (+5.51%)","2026-07-10 #14 (+10.00%), 2026-08-12 #9 (+9.99%), 2026-09-03 #49 (+5.47%), 2026-09-09 #17 (+9.99%), 2026-09-10 #41 (+5.20%), 2026-09-16 #30 (+5.51%)",-,"2026-09-03 (+5.47%), 2026-09-09 (+9.99%), 2026-09-10 (+5.20%), 2026-09-16 (+5.51%)","2026-07-09 (+5.19%), 2026-07-10 (+10.00%), 2026-08-12 (+9.99%), 2026-08-13 (+4.08%), 2026-09-03 (+5.47%), 2026-09-09 (+9.99%), 2026-09-10 (+5.20%), 2026-09-16 (+5.51%)",-,"2026-09-15 (-6.60%), 2026-09-22 (-4.38%)","2026-07-30 (-4.93%), 2026-09-15 (-6.60%), 2026-09-22 (-4.38%)",3.43,14.62,40.81
CSM,Technology Services,Information Technology Services,0,4,6,0,4,8,0,1,7,-,"2026-09-15 #6 (+7.68%), 2026-09-16 #17 (+7.09%), 2026-09-17 #27 (+6.67%), 2026-09-18 #34 (+7.02%)","2026-07-16 #23 (+5.08%), 2026-07-30 #28 (+4.22%), 2026-09-15 #6 (+7.68%), 2026-09-16 #17 (+7.09%), 2026-09-17 #27 (+6.67%), 2026-09-18 #34 (+7.02%)",-,"2026-09-15 (+7.68%), 2026-09-16 (+7.09%), 2026-09-17 (+6.67%), 2026-09-18 (+7.02%)","2026-07-06 (+4.99%), 2026-07-16 (+5.08%), 2026-07-30 (+4.22%), 2026-07-31 (+4.57%), 2026-09-15 (+7.68%), 2026-09-16 (+7.09%), 2026-09-17 (+6.67%), 2026-09-18 (+7.02%)",-,2026-09-11 (-12.13%),"2026-07-03 (-4.99%), 2026-07-08 (-4.98%), 2026-07-20 (-4.42%), 2026-07-22 (-4.38%), 2026-07-29 (-4.43%), 2026-08-04 (-4.29%), 2026-09-11 (-12.13%)",-6.65,1.42,-8.56
GMMPFAUDLR,Producer Manufacturing,Industrial Machinery,0,4,6,0,4,6,0,0,0,-,"2026-09-04 #27 (+6.93%), 2026-09-07 #29 (+7.65%), 2026-09-15 #43 (+3.07%), 2026-09-18 #24 (+7.60%)","2026-07-31 #38 (+6.15%), 2026-08-06 #4 (+14.32%), 2026-09-04 #27 (+6.93%), 2026-09-07 #29 (+7.65%), 2026-09-15 #43 (+3.07%), 2026-09-18 #24 (+7.60%)",-,"2026-09-04 (+6.93%), 2026-09-07 (+7.65%), 2026-09-08 (+4.01%), 2026-09-18 (+7.60%)","2026-07-31 (+6.15%), 2026-08-06 (+14.32%), 2026-09-04 (+6.93%), 2026-09-07 (+7.65%), 2026-09-08 (+4.01%), 2026-09-18 (+7.60%)",-,-,-,1.01,41.7,91.47
LLOYDSENGG,Industrial Services,Engineering & Construction,3,3,6,3,3,7,0,0,4,"2026-09-23 #40 (+6.75%), 2026-09-25 #20 (+8.41%), 2026-09-29 #29 (+6.48%)","2026-09-23 #40 (+6.75%), 2026-09-25 #20 (+8.41%), 2026-09-29 #29 (+6.48%)","2026-07-06 #17 (+7.67%), 2026-07-10 #41 (+6.14%), 2026-08-07 #10 (+9.52%), 2026-09-23 #40 (+6.75%), 2026-09-25 #20 (+8.41%), 2026-09-29 #29 (+6.48%)","2026-09-23 (+6.75%), 2026-09-25 (+8.41%), 2026-09-29 (+6.48%)","2026-09-23 (+6.75%), 2026-09-25 (+8.41%), 2026-09-29 (+6.48%)","2026-07-06 (+7.67%), 2026-07-09 (+4.44%), 2026-07-10 (+6.14%), 2026-08-07 (+9.52%), 2026-09-23 (+6.75%), 2026-09-25 (+8.41%), 2026-09-29 (+6.48%)",-,-,"2026-07-07 (-5.30%), 2026-07-08 (-4.51%), 2026-07-22 (-4.65%), 2026-08-06 (-5.17%)",19.2,18.22,22.72
SHANTIGOLD,Consumer Durables,Other Consumer Specialties,2,3,6,2,4,8,1,2,5,"2026-09-23 #11 (+11.64%), 2026-09-25 #4 (+14.83%)","2026-09-07 #50 (+5.61%), 2026-09-23 #11 (+11.64%), 2026-09-25 #4 (+14.83%)","2026-08-14 #18 (+6.80%), 2026-08-17 #24 (+7.74%), 2026-08-21 #40 (+6.11%), 2026-09-07 #50 (+5.61%), 2026-09-23 #11 (+11.64%), 2026-09-25 #4 (+14.83%)","2026-09-23 (+11.64%), 2026-09-25 (+14.83%)","2026-09-04 (+4.61%), 2026-09-07 (+5.61%), 2026-09-23 (+11.64%), 2026-09-25 (+14.83%)","2026-08-14 (+6.80%), 2026-08-17 (+7.74%), 2026-08-20 (+5.09%), 2026-08-21 (+6.11%), 2026-09-04 (+4.61%), 2026-09-07 (+5.61%), 2026-09-23 (+11.64%), 2026-09-25 (+14.83%)",2026-09-28 (-5.19%),"2026-09-01 (-4.82%), 2026-09-28 (-5.19%)","2026-08-18 (-4.87%), 2026-08-19 (-4.77%), 2026-08-27 (-7.52%), 2026-09-01 (-4.82%), 2026-09-28 (-5.19%)",18.92,24.4,39.45
DCI,Electronic Technology,Telecommunications Equipment,2,3,6,2,3,8,0,3,7,"2026-09-24 #4 (+12.58%), 2026-09-28 #9 (+8.16%)","2026-09-17 #22 (+7.04%), 2026-09-24 #4 (+12.58%), 2026-09-28 #9 (+8.16%)","2026-07-24 #31 (+5.29%), 2026-07-31 #2 (+19.13%), 2026-08-26 #14 (+8.82%), 2026-09-17 #22 (+7.04%), 2026-09-24 #4 (+12.58%), 2026-09-28 #9 (+8.16%)","2026-09-24 (+12.58%), 2026-09-28 (+8.16%)","2026-09-17 (+7.04%), 2026-09-24 (+12.58%), 2026-09-28 (+8.16%)","2026-07-24 (+5.29%), 2026-07-31 (+19.13%), 2026-08-13 (+4.02%), 2026-08-17 (+4.72%), 2026-08-26 (+8.82%), 2026-09-17 (+7.04%), 2026-09-24 (+12.58%), 2026-09-28 (+8.16%)",-,"2026-09-02 (-4.10%), 2026-09-08 (-14.38%), 2026-09-09 (-9.96%)","2026-07-08 (-4.69%), 2026-07-13 (-4.32%), 2026-07-29 (-4.92%), 2026-08-31 (-9.13%), 2026-09-02 (-4.10%), 2026-09-08 (-14.38%), 2026-09-09 (-9.96%)",18.07,-12.59,19.79
RGL,Consumer Durables,Other Consumer Specialties,1,3,6,1,5,12,0,0,4,2026-09-23 #25 (+8.74%),"2026-09-04 #18 (+8.85%), 2026-09-10 #27 (+6.31%), 2026-09-23 #25 (+8.74%)","2026-08-05 #35 (+6.69%), 2026-08-14 #6 (+10.70%), 2026-08-26 #6 (+14.83%), 2026-09-04 #18 (+8.85%), 2026-09-10 #27 (+6.31%), 2026-09-23 #25 (+8.74%)",2026-09-23 (+8.74%),"2026-09-04 (+8.85%), 2026-09-10 (+6.31%), 2026-09-17 (+4.68%), 2026-09-21 (+5.31%), 2026-09-23 (+8.74%)","2026-07-09 (+4.33%), 2026-07-29 (+4.13%), 2026-08-05 (+6.69%), 2026-08-14 (+10.70%), 2026-08-19 (+4.19%), 2026-08-26 (+14.83%), 2026-08-28 (+4.17%), 2026-09-04 (+8.85%), 2026-09-10 (+6.31%), 2026-09-17 (+4.68%), 2026-09-21 (+5.31%), 2026-09-23 (+8.74%)",-,-,"2026-07-08 (-4.38%), 2026-08-10 (-5.22%), 2026-08-12 (-4.39%), 2026-08-27 (-12.30%)",4.78,21.48,36.3
ANLON,Distribution Services,Wholesale Distributors,1,3,6,1,4,8,1,2,5,2026-09-24 #25 (+5.07%),"2026-09-18 #43 (+6.50%), 2026-09-22 #31 (+6.01%), 2026-09-24 #25 (+5.07%)","2026-07-17 #19 (+5.00%), 2026-08-10 #15 (+10.00%), 2026-08-17 #49 (+5.68%), 2026-09-18 #43 (+6.50%), 2026-09-22 #31 (+6.01%), 2026-09-24 #25 (+5.07%)",2026-09-24 (+5.07%),"2026-09-11 (+4.01%), 2026-09-18 (+6.50%), 2026-09-22 (+6.01%), 2026-09-24 (+5.07%)","2026-07-17 (+5.00%), 2026-08-10 (+10.00%), 2026-08-11 (+4.89%), 2026-08-17 (+5.68%), 2026-09-11 (+4.01%), 2026-09-18 (+6.50%), 2026-09-22 (+6.01%), 2026-09-24 (+5.07%)",2026-09-23 (-5.87%),"2026-09-09 (-4.85%), 2026-09-23 (-5.87%)","2026-07-08 (-4.36%), 2026-07-21 (-4.19%), 2026-08-12 (-9.96%), 2026-09-09 (-4.85%), 2026-09-23 (-5.87%)",-0.21,20.29,20.07
OMNI,Producer Manufacturing,Metal Fabrication,1,3,6,1,3,8,0,1,7,2026-09-29 #25 (+6.57%),"2026-09-10 #35 (+5.38%), 2026-09-17 #39 (+5.40%), 2026-09-29 #25 (+6.57%)","2026-07-09 #30 (+7.17%), 2026-08-05 #1 (+20.00%), 2026-08-11 #20 (+8.21%), 2026-09-10 #35 (+5.38%), 2026-09-17 #39 (+5.40%), 2026-09-29 #25 (+6.57%)",2026-09-29 (+6.57%),"2026-09-10 (+5.38%), 2026-09-17 (+5.40%), 2026-09-29 (+6.57%)","2026-07-09 (+7.17%), 2026-07-13 (+4.66%), 2026-07-21 (+4.07%), 2026-08-05 (+20.00%), 2026-08-11 (+8.21%), 2026-09-10 (+5.38%), 2026-09-17 (+5.40%), 2026-09-29 (+6.57%)",-,2026-09-03 (-4.40%),"2026-07-03 (-5.00%), 2026-08-06 (-14.41%), 2026-08-07 (-7.77%), 2026-08-10 (-4.41%), 2026-08-12 (-4.16%), 2026-08-31 (-4.43%), 2026-09-03 (-4.40%)",-0.37,3.68,4.67
CORDSCABLE,Producer Manufacturing,Electrical Products,0,3,6,0,4,10,3,4,4,-,"2026-09-01 #7 (+10.78%), 2026-09-08 #5 (+18.96%), 2026-09-22 #18 (+7.75%)","2026-08-04 #47 (+5.00%), 2026-08-19 #44 (+5.00%), 2026-08-31 #5 (+12.44%), 2026-09-01 #7 (+10.78%), 2026-09-08 #5 (+18.96%), 2026-09-22 #18 (+7.75%)",-,"2026-09-01 (+10.78%), 2026-09-04 (+4.66%), 2026-09-08 (+18.96%), 2026-09-22 (+7.75%)","2026-08-03 (+5.00%), 2026-08-04 (+5.00%), 2026-08-18 (+5.00%), 2026-08-19 (+5.00%), 2026-08-24 (+5.00%), 2026-08-31 (+12.44%), 2026-09-01 (+10.78%), 2026-09-04 (+4.66%), 2026-09-08 (+18.96%), 2026-09-22 (+7.75%)","2026-09-25 (-4.89%), 2026-09-28 (-4.99%), 2026-09-29 (-4.44%)","2026-09-15 (-5.13%), 2026-09-25 (-4.89%), 2026-09-28 (-4.99%), 2026-09-29 (-4.44%)","2026-09-15 (-5.13%), 2026-09-25 (-4.89%), 2026-09-28 (-4.99%), 2026-09-29 (-4.44%)",-17.29,12.11,48.27
RPEL,Process Industries,Chemicals: Major Diversified,0,3,6,0,4,10,0,4,6,-,"2026-09-03 #34 (+6.23%), 2026-09-11 #24 (+5.83%), 2026-09-17 #24 (+6.94%)","2026-08-13 #15 (+7.72%), 2026-08-19 #10 (+9.51%), 2026-08-26 #15 (+8.33%), 2026-09-03 #34 (+6.23%), 2026-09-11 #24 (+5.83%), 2026-09-17 #24 (+6.94%)",-,"2026-09-03 (+6.23%), 2026-09-10 (+4.35%), 2026-09-11 (+5.83%), 2026-09-17 (+6.94%)","2026-08-10 (+4.56%), 2026-08-13 (+7.72%), 2026-08-18 (+4.55%), 2026-08-19 (+9.51%), 2026-08-21 (+4.65%), 2026-08-26 (+8.33%), 2026-09-03 (+6.23%), 2026-09-10 (+4.35%), 2026-09-11 (+5.83%), 2026-09-17 (+6.94%)",-,"2026-09-04 (-4.14%), 2026-09-07 (-6.97%), 2026-09-15 (-12.07%), 2026-09-16 (-4.65%)","2026-07-14 (-4.03%), 2026-07-31 (-4.59%), 2026-09-04 (-4.14%), 2026-09-07 (-6.97%), 2026-09-15 (-12.07%), 2026-09-16 (-4.65%)",-1.39,-3.0,32.68
NOVARTIND,Health Technology,Pharmaceuticals: Major,0,3,6,0,4,9,0,2,5,-,"2026-09-08 #9 (+11.12%), 2026-09-09 #3 (+20.00%), 2026-09-10 #5 (+11.06%)","2026-07-13 #10 (+11.39%), 2026-07-20 #32 (+6.23%), 2026-08-24 #38 (+5.87%), 2026-09-08 #9 (+11.12%), 2026-09-09 #3 (+20.00%), 2026-09-10 #5 (+11.06%)",-,"2026-09-08 (+11.12%), 2026-09-09 (+20.00%), 2026-09-10 (+11.06%), 2026-09-17 (+4.34%)","2026-07-13 (+11.39%), 2026-07-20 (+6.23%), 2026-08-03 (+6.41%), 2026-08-24 (+5.87%), 2026-08-31 (+4.58%), 2026-09-08 (+11.12%), 2026-09-09 (+20.00%), 2026-09-10 (+11.06%), 2026-09-17 (+4.34%)",-,"2026-09-15 (-8.50%), 2026-09-16 (-8.80%)","2026-07-15 (-4.88%), 2026-08-19 (-4.06%), 2026-08-21 (-4.27%), 2026-09-15 (-8.50%), 2026-09-16 (-8.80%)",-2.49,23.78,32.37
MOLBIO,Health Technology,Medical Specialties,0,3,6,0,3,6,1,4,7,-,"2026-09-02 #26 (+5.17%), 2026-09-09 #11 (+12.56%), 2026-09-10 #1 (+19.99%)","2026-08-18 #36 (+6.64%), 2026-08-21 #43 (+5.96%), 2026-08-24 #12 (+9.18%), 2026-09-02 #26 (+5.17%), 2026-09-09 #11 (+12.56%), 2026-09-10 #1 (+19.99%)",-,"2026-09-02 (+5.17%), 2026-09-09 (+12.56%), 2026-09-10 (+19.99%)","2026-08-18 (+6.64%), 2026-08-21 (+5.96%), 2026-08-24 (+9.18%), 2026-09-02 (+5.17%), 2026-09-09 (+12.56%), 2026-09-10 (+19.99%)",2026-09-24 (-5.10%),"2026-09-11 (-4.72%), 2026-09-15 (-5.66%), 2026-09-21 (-5.39%), 2026-09-24 (-5.10%)","2026-08-19 (-6.68%), 2026-08-27 (-7.64%), 2026-08-28 (-4.32%), 2026-09-11 (-4.72%), 2026-09-15 (-5.66%), 2026-09-21 (-5.39%), 2026-09-24 (-5.10%)",-0.65,15.59,
KRONOX,Process Industries,Chemicals: Specialty,2,2,6,3,4,10,0,0,5,"2026-09-24 #31 (+4.99%), 2026-09-28 #27 (+5.00%)","2026-09-24 #31 (+4.99%), 2026-09-28 #27 (+5.00%)","2026-07-15 #48 (+4.72%), 2026-08-04 #35 (+5.21%), 2026-08-20 #1 (+20.00%), 2026-08-21 #4 (+15.57%), 2026-09-24 #31 (+4.99%), 2026-09-28 #27 (+5.00%)","2026-09-24 (+4.99%), 2026-09-25 (+5.00%), 2026-09-28 (+5.00%)","2026-09-02 (+4.69%), 2026-09-24 (+4.99%), 2026-09-25 (+5.00%), 2026-09-28 (+5.00%)","2026-07-15 (+4.72%), 2026-08-04 (+5.21%), 2026-08-12 (+4.06%), 2026-08-20 (+20.00%), 2026-08-21 (+15.57%), 2026-08-26 (+5.00%), 2026-09-02 (+4.69%), 2026-09-24 (+4.99%), 2026-09-25 (+5.00%), 2026-09-28 (+5.00%)",-,-,"2026-07-08 (-4.59%), 2026-08-13 (-10.80%), 2026-08-24 (-4.56%), 2026-08-25 (-9.36%), 2026-08-28 (-4.61%)",19.08,20.85,34.47
ROLEXRINGS,Producer Manufacturing,Metal Fabrication,2,2,6,2,2,6,0,0,3,"2026-09-23 #49 (+6.42%), 2026-09-25 #23 (+7.68%)","2026-09-23 #49 (+6.42%), 2026-09-25 #23 (+7.68%)","2026-07-15 #26 (+5.91%), 2026-08-06 #38 (+5.51%), 2026-08-11 #4 (+14.19%), 2026-08-20 #42 (+6.37%), 2026-09-23 #49 (+6.42%), 2026-09-25 #23 (+7.68%)","2026-09-23 (+6.42%), 2026-09-25 (+7.68%)","2026-09-23 (+6.42%), 2026-09-25 (+7.68%)","2026-07-15 (+5.91%), 2026-08-06 (+5.51%), 2026-08-11 (+14.19%), 2026-08-20 (+6.37%), 2026-09-23 (+6.42%), 2026-09-25 (+7.68%)",-,-,"2026-07-03 (-5.17%), 2026-07-22 (-4.85%), 2026-07-23 (-4.52%)",10.48,5.53,27.25
MANAKSTEEL,Non-Energy Minerals,Steel,1,2,6,1,5,13,1,4,7,2026-09-28 #36 (+4.81%),"2026-09-02 #34 (+5.00%), 2026-09-28 #36 (+4.81%)","2026-08-03 #16 (+9.99%), 2026-08-04 #29 (+5.38%), 2026-08-06 #13 (+8.35%), 2026-08-31 #47 (+4.99%), 2026-09-02 #34 (+5.00%), 2026-09-28 #36 (+4.81%)",2026-09-28 (+4.81%),"2026-09-01 (+4.60%), 2026-09-02 (+5.00%), 2026-09-09 (+4.99%), 2026-09-10 (+4.99%), 2026-09-28 (+4.81%)","2026-07-06 (+4.99%), 2026-07-15 (+4.52%), 2026-08-03 (+9.99%), 2026-08-04 (+5.38%), 2026-08-06 (+8.35%), 2026-08-11 (+5.00%), 2026-08-28 (+5.00%), 2026-08-31 (+4.99%), 2026-09-01 (+4.60%), 2026-09-02 (+5.00%), 2026-09-09 (+4.99%), 2026-09-10 (+4.99%), 2026-09-28 (+4.81%)",2026-09-24 (-4.20%),"2026-09-04 (-4.12%), 2026-09-15 (-5.00%), 2026-09-16 (-5.00%), 2026-09-24 (-4.20%)","2026-07-28 (-4.33%), 2026-08-07 (-4.20%), 2026-08-10 (-4.44%), 2026-09-04 (-4.12%), 2026-09-15 (-5.00%), 2026-09-16 (-5.00%), 2026-09-24 (-4.20%)",4.96,18.76,50.88
TDPOWERSYS,Producer Manufacturing,Electrical Products,1,2,6,1,4,11,0,2,7,2026-09-29 #18 (+7.67%),"2026-09-11 #28 (+5.53%), 2026-09-29 #18 (+7.67%)","2026-07-06 #19 (+7.55%), 2026-07-31 #28 (+6.98%), 2026-08-05 #39 (+6.60%), 2026-08-12 #2 (+16.03%), 2026-09-11 #28 (+5.53%), 2026-09-29 #18 (+7.67%)",2026-09-29 (+7.67%),"2026-09-08 (+4.72%), 2026-09-11 (+5.53%), 2026-09-18 (+5.77%), 2026-09-29 (+7.67%)","2026-07-06 (+7.55%), 2026-07-10 (+5.52%), 2026-07-15 (+4.37%), 2026-07-31 (+6.98%), 2026-08-05 (+6.60%), 2026-08-12 (+16.03%), 2026-08-17 (+4.32%), 2026-09-08 (+4.72%), 2026-09-11 (+5.53%), 2026-09-18 (+5.77%), 2026-09-29 (+7.67%)",-,"2026-09-15 (-9.86%), 2026-09-16 (-4.07%)","2026-07-03 (-8.33%), 2026-07-07 (-4.56%), 2026-07-16 (-4.01%), 2026-07-29 (-7.07%), 2026-08-25 (-6.50%), 2026-09-15 (-9.86%), 2026-09-16 (-4.07%)",2.77,0.05,30.54
KMEW,Producer Manufacturing,Trucks/Construction/Farm Machinery,1,2,6,1,3,8,0,1,3,2026-09-29 #28 (+6.53%),"2026-09-03 #26 (+6.74%), 2026-09-29 #28 (+6.53%)","2026-07-10 #38 (+6.35%), 2026-07-28 #50 (+3.63%), 2026-07-29 #30 (+6.51%), 2026-08-27 #12 (+6.88%), 2026-09-03 #26 (+6.74%), 2026-09-29 #28 (+6.53%)",2026-09-29 (+6.53%),"2026-09-03 (+6.74%), 2026-09-17 (+4.41%), 2026-09-29 (+6.53%)","2026-07-10 (+6.35%), 2026-07-15 (+4.55%), 2026-07-29 (+6.51%), 2026-08-13 (+4.23%), 2026-08-27 (+6.88%), 2026-09-03 (+6.74%), 2026-09-17 (+4.41%), 2026-09-29 (+6.53%)",-,2026-09-15 (-4.83%),"2026-07-30 (-5.63%), 2026-08-31 (-4.18%), 2026-09-15 (-4.83%)",2.96,4.8,34.26
AEGISVOPAK,Transportation,Air Freight/Couriers,1,2,6,0,2,7,1,2,6,2026-09-28 #42 (+3.84%),"2026-09-02 #24 (+6.00%), 2026-09-28 #42 (+3.84%)","2026-07-03 #14 (+9.67%), 2026-07-06 #12 (+8.76%), 2026-07-07 #14 (+5.13%), 2026-07-13 #32 (+7.11%), 2026-09-02 #24 (+6.00%), 2026-09-28 #42 (+3.84%)",-,"2026-09-02 (+6.00%), 2026-09-17 (+4.63%)","2026-07-03 (+9.67%), 2026-07-06 (+8.76%), 2026-07-07 (+5.13%), 2026-07-13 (+7.11%), 2026-08-03 (+4.01%), 2026-09-02 (+6.00%), 2026-09-17 (+4.63%)",2026-09-24 (-4.52%),"2026-09-22 (-5.31%), 2026-09-24 (-4.52%)","2026-07-08 (-6.02%), 2026-07-14 (-7.47%), 2026-07-16 (-4.50%), 2026-08-05 (-4.15%), 2026-09-22 (-5.31%), 2026-09-24 (-4.52%)",-2.37,9.49,25.36
DEEPINDS,Industrial Services,Oilfield Services/Equipment,0,2,6,0,5,12,0,1,4,-,"2026-09-03 #22 (+7.38%), 2026-09-04 #45 (+5.59%)","2026-07-27 #16 (+7.68%), 2026-07-29 #19 (+7.10%), 2026-07-31 #9 (+8.76%), 2026-08-03 #20 (+8.78%), 2026-09-03 #22 (+7.38%), 2026-09-04 #45 (+5.59%)",-,"2026-09-02 (+4.31%), 2026-09-03 (+7.38%), 2026-09-04 (+5.59%), 2026-09-08 (+4.27%), 2026-09-22 (+4.86%)","2026-07-24 (+4.37%), 2026-07-27 (+7.68%), 2026-07-29 (+7.10%), 2026-07-31 (+8.76%), 2026-08-03 (+8.78%), 2026-08-18 (+5.47%), 2026-08-21 (+4.50%), 2026-09-02 (+4.31%), 2026-09-03 (+7.38%), 2026-09-04 (+5.59%), 2026-09-08 (+4.27%), 2026-09-22 (+4.86%)",-,2026-09-15 (-5.68%),"2026-08-13 (-4.34%), 2026-08-19 (-7.05%), 2026-08-25 (-4.19%), 2026-09-15 (-5.68%)",2.74,13.43,72.43
ORCHPHARMA,Health Technology,Pharmaceuticals: Major,0,2,6,0,2,8,0,0,3,-,"2026-09-09 #29 (+6.11%), 2026-09-21 #23 (+9.31%)","2026-07-08 #7 (+8.39%), 2026-07-14 #28 (+4.52%), 2026-07-15 #50 (+4.60%), 2026-08-10 #23 (+7.72%), 2026-09-09 #29 (+6.11%), 2026-09-21 #23 (+9.31%)",-,"2026-09-09 (+6.11%), 2026-09-21 (+9.31%)","2026-07-08 (+8.39%), 2026-07-09 (+4.86%), 2026-07-14 (+4.52%), 2026-07-15 (+4.60%), 2026-08-10 (+7.72%), 2026-08-28 (+5.04%), 2026-09-09 (+6.11%), 2026-09-21 (+9.31%)",-,-,"2026-08-17 (-4.52%), 2026-08-26 (-6.28%), 2026-08-27 (-4.58%)",-8.34,4.53,3.64
ITDC,Consumer Services,Hotels/Resorts/Cruise lines,0,2,6,0,2,6,0,1,2,-,"2026-09-10 #33 (+5.55%), 2026-09-22 #16 (+8.25%)","2026-07-07 #2 (+19.99%), 2026-07-08 #46 (+2.93%), 2026-07-15 #2 (+16.16%), 2026-08-12 #25 (+6.56%), 2026-09-10 #33 (+5.55%), 2026-09-22 #16 (+8.25%)",-,"2026-09-10 (+5.55%), 2026-09-22 (+8.25%)","2026-07-07 (+19.99%), 2026-07-15 (+16.16%), 2026-07-20 (+4.03%), 2026-08-12 (+6.56%), 2026-09-10 (+5.55%), 2026-09-22 (+8.25%)",-,2026-09-15 (-5.41%),"2026-07-16 (-4.87%), 2026-09-15 (-5.41%)",-6.89,2.65,10.85
HATSUN,Consumer Non-Durables,Food: Meat/Fish/Dairy,0,2,6,0,2,5,0,1,2,-,"2026-09-08 #45 (+5.76%), 2026-09-15 #28 (+4.13%)","2026-07-14 #46 (+3.50%), 2026-08-24 #37 (+6.07%), 2026-08-26 #46 (+5.44%), 2026-08-27 #18 (+6.07%), 2026-09-08 #45 (+5.76%), 2026-09-15 #28 (+4.13%)",-,"2026-09-08 (+5.76%), 2026-09-15 (+4.13%)","2026-08-24 (+6.07%), 2026-08-26 (+5.44%), 2026-08-27 (+6.07%), 2026-09-08 (+5.76%), 2026-09-15 (+4.13%)",-,2026-09-16 (-4.78%),"2026-08-19 (-5.59%), 2026-09-16 (-4.78%)",-5.85,-7.62,20.17
MAWANASUG,Consumer Non-Durables,Food: Specialty/Candy,1,1,6,1,2,11,0,2,3,2026-09-25 #5 (+14.49%),2026-09-25 #5 (+14.49%),"2026-07-03 #49 (+4.99%), 2026-08-04 #44 (+5.00%), 2026-08-17 #33 (+6.91%), 2026-08-20 #16 (+8.84%), 2026-08-21 #11 (+8.88%), 2026-09-25 #5 (+14.49%)",2026-09-25 (+14.49%),"2026-09-22 (+4.77%), 2026-09-25 (+14.49%)","2026-07-03 (+4.99%), 2026-07-06 (+4.99%), 2026-07-21 (+4.40%), 2026-08-03 (+5.00%), 2026-08-04 (+5.00%), 2026-08-17 (+6.91%), 2026-08-20 (+8.84%), 2026-08-21 (+8.88%), 2026-08-28 (+4.43%), 2026-09-22 (+4.77%), 2026-09-25 (+14.49%)",-,"2026-09-01 (-4.55%), 2026-09-15 (-4.18%)","2026-08-25 (-4.73%), 2026-09-01 (-4.55%), 2026-09-15 (-4.18%)",10.36,-2.72,44.24
AVADHSUGAR,Process Industries,Agricultural Commodities/Milling,1,1,6,1,1,9,0,1,1,2026-09-25 #12 (+10.00%),2026-09-25 #12 (+10.00%),"2026-08-03 #11 (+10.85%), 2026-08-04 #10 (+10.09%), 2026-08-10 #40 (+5.67%), 2026-08-17 #10 (+11.04%), 2026-08-20 #12 (+9.52%), 2026-09-25 #12 (+10.00%)",2026-09-25 (+10.00%),2026-09-25 (+10.00%),"2026-07-03 (+4.99%), 2026-07-06 (+4.97%), 2026-08-03 (+10.85%), 2026-08-04 (+10.09%), 2026-08-10 (+5.67%), 2026-08-17 (+11.04%), 2026-08-19 (+4.58%), 2026-08-20 (+9.52%), 2026-09-25 (+10.00%)",-,2026-09-15 (-4.79%),2026-09-15 (-4.79%),8.28,-7.23,62.74
INDOBORAX,Process Industries,Chemicals: Specialty,1,1,6,1,1,9,0,2,6,2026-09-28 #17 (+6.13%),2026-09-28 #17 (+6.13%),"2026-07-17 #33 (+4.07%), 2026-07-24 #2 (+11.41%), 2026-08-03 #10 (+11.68%), 2026-08-10 #26 (+7.27%), 2026-08-20 #5 (+14.82%), 2026-09-28 #17 (+6.13%)",2026-09-28 (+6.13%),2026-09-28 (+6.13%),"2026-07-09 (+4.38%), 2026-07-10 (+4.65%), 2026-07-13 (+4.15%), 2026-07-17 (+4.07%), 2026-07-24 (+11.41%), 2026-08-03 (+11.68%), 2026-08-10 (+7.27%), 2026-08-20 (+14.82%), 2026-09-28 (+6.13%)",-,"2026-09-10 (-5.38%), 2026-09-15 (-4.90%)","2026-07-15 (-7.41%), 2026-07-21 (-10.59%), 2026-07-22 (-7.77%), 2026-07-23 (-5.85%), 2026-09-10 (-5.38%), 2026-09-15 (-4.90%)",5.6,-3.73,25.0
DALMIASUG,Process Industries,Agricultural Commodities/Milling,1,1,6,2,2,8,0,2,3,2026-09-25 #29 (+7.32%),2026-09-25 #29 (+7.32%),"2026-07-06 #10 (+9.91%), 2026-08-03 #4 (+17.37%), 2026-08-17 #15 (+8.81%), 2026-08-19 #38 (+5.05%), 2026-08-20 #32 (+6.84%), 2026-09-25 #29 (+7.32%)","2026-09-23 (+5.06%), 2026-09-25 (+7.32%)","2026-09-23 (+5.06%), 2026-09-25 (+7.32%)","2026-07-06 (+9.91%), 2026-08-03 (+17.37%), 2026-08-13 (+4.21%), 2026-08-17 (+8.81%), 2026-08-19 (+5.05%), 2026-08-20 (+6.84%), 2026-09-23 (+5.06%), 2026-09-25 (+7.32%)",-,"2026-09-04 (-4.88%), 2026-09-15 (-4.59%)","2026-08-05 (-4.71%), 2026-09-04 (-4.88%), 2026-09-15 (-4.59%)",6.21,-14.86,22.81
MAGADSUGAR,Process Industries,Agricultural Commodities/Milling,1,1,6,1,1,8,0,2,5,2026-09-25 #15 (+9.63%),2026-09-25 #15 (+9.63%),"2026-07-07 #29 (+4.27%), 2026-07-30 #31 (+4.19%), 2026-08-03 #43 (+6.90%), 2026-08-20 #30 (+6.90%), 2026-08-28 #41 (+6.02%), 2026-09-25 #15 (+9.63%)",2026-09-25 (+9.63%),2026-09-25 (+9.63%),"2026-07-07 (+4.27%), 2026-07-30 (+4.19%), 2026-08-03 (+6.90%), 2026-08-13 (+4.32%), 2026-08-17 (+5.03%), 2026-08-20 (+6.90%), 2026-08-28 (+6.02%), 2026-09-25 (+9.63%)",-,"2026-09-01 (-4.53%), 2026-09-15 (-4.35%)","2026-07-08 (-4.46%), 2026-08-05 (-6.65%), 2026-08-27 (-4.52%), 2026-09-01 (-4.53%), 2026-09-15 (-4.35%)",7.18,-8.12,15.72
INDSWFTLAB,Health Technology,Pharmaceuticals: Major,0,1,6,0,2,10,0,1,3,-,2026-09-22 #23 (+6.89%),"2026-07-08 #23 (+4.80%), 2026-08-11 #1 (+20.00%), 2026-08-12 #47 (+5.38%), 2026-08-18 #7 (+10.81%), 2026-08-26 #7 (+13.29%), 2026-09-22 #23 (+6.89%)",-,"2026-09-08 (+5.32%), 2026-09-22 (+6.89%)","2026-07-08 (+4.80%), 2026-07-09 (+4.48%), 2026-07-10 (+4.61%), 2026-07-27 (+5.46%), 2026-08-11 (+20.00%), 2026-08-12 (+5.38%), 2026-08-18 (+10.81%), 2026-08-26 (+13.29%), 2026-09-08 (+5.32%), 2026-09-22 (+6.89%)",-,2026-09-04 (-4.49%),"2026-07-29 (-5.39%), 2026-08-19 (-7.15%), 2026-09-04 (-4.49%)",1.86,13.22,100.32
OMAXE,Finance,Real Estate Development,0,1,6,1,4,10,2,6,7,-,2026-09-04 #22 (+7.14%),"2026-07-06 #3 (+13.08%), 2026-07-14 #9 (+7.44%), 2026-08-13 #2 (+19.99%), 2026-08-26 #12 (+9.78%), 2026-08-28 #3 (+16.19%), 2026-09-04 #22 (+7.14%)",2026-09-23 (+5.69%),"2026-09-02 (+4.65%), 2026-09-04 (+7.14%), 2026-09-17 (+4.94%), 2026-09-23 (+5.69%)","2026-07-06 (+13.08%), 2026-07-10 (+4.12%), 2026-07-14 (+7.44%), 2026-08-13 (+19.99%), 2026-08-26 (+9.78%), 2026-08-28 (+16.19%), 2026-09-02 (+4.65%), 2026-09-04 (+7.14%), 2026-09-17 (+4.94%), 2026-09-23 (+5.69%)","2026-09-24 (-4.43%), 2026-09-28 (-6.97%)","2026-09-03 (-4.06%), 2026-09-07 (-4.81%), 2026-09-09 (-4.88%), 2026-09-15 (-4.79%), 2026-09-24 (-4.43%), 2026-09-28 (-6.97%)","2026-08-31 (-4.72%), 2026-09-03 (-4.06%), 2026-09-07 (-4.81%), 2026-09-09 (-4.88%), 2026-09-15 (-4.79%), 2026-09-24 (-4.43%), 2026-09-28 (-6.97%)",-6.03,-12.78,40.07
ASIANENE,Energy Minerals,Oil & Gas Production,0,1,6,0,1,8,0,1,3,-,2026-09-08 #19 (+8.16%),"2026-07-14 #31 (+4.05%), 2026-07-27 #13 (+7.90%), 2026-08-17 #4 (+13.58%), 2026-08-18 #13 (+8.89%), 2026-08-26 #37 (+6.01%), 2026-09-08 #19 (+8.16%)",-,2026-09-08 (+8.16%),"2026-07-09 (+4.32%), 2026-07-14 (+4.05%), 2026-07-27 (+7.90%), 2026-08-07 (+4.32%), 2026-08-17 (+13.58%), 2026-08-18 (+8.89%), 2026-08-26 (+6.01%), 2026-09-08 (+8.16%)",-,2026-09-15 (-9.32%),"2026-07-03 (-4.19%), 2026-08-14 (-8.68%), 2026-09-15 (-9.32%)",-2.32,1.43,37.8
EXICOM,Producer Manufacturing,Electrical Products,0,1,6,1,2,8,0,1,6,-,2026-09-04 #26 (+7.05%),"2026-07-10 #42 (+6.01%), 2026-07-21 #43 (+5.11%), 2026-08-13 #28 (+6.75%), 2026-08-18 #38 (+6.56%), 2026-08-28 #24 (+7.55%), 2026-09-04 #26 (+7.05%)",2026-09-23 (+4.12%),"2026-09-04 (+7.05%), 2026-09-23 (+4.12%)","2026-07-10 (+6.01%), 2026-07-20 (+4.15%), 2026-07-21 (+5.11%), 2026-08-13 (+6.75%), 2026-08-18 (+6.56%), 2026-08-28 (+7.55%), 2026-09-04 (+7.05%), 2026-09-23 (+4.12%)",-,2026-09-15 (-7.60%),"2026-07-06 (-5.38%), 2026-07-22 (-4.25%), 2026-07-23 (-4.61%), 2026-08-07 (-6.29%), 2026-08-11 (-6.05%), 2026-09-15 (-7.60%)",-5.25,-7.84,-10.9
HUHTAMAKI,Process Industries,Containers/Packaging,0,1,6,0,1,7,0,1,5,-,2026-09-09 #24 (+6.84%),"2026-07-16 #38 (+4.68%), 2026-07-20 #44 (+5.20%), 2026-07-21 #32 (+5.76%), 2026-07-22 #7 (+10.52%), 2026-07-24 #11 (+7.16%), 2026-09-09 #24 (+6.84%)",-,2026-09-09 (+6.84%),"2026-07-13 (+4.93%), 2026-07-16 (+4.68%), 2026-07-20 (+5.20%), 2026-07-21 (+5.76%), 2026-07-22 (+10.52%), 2026-07-24 (+7.16%), 2026-09-09 (+6.84%)",-,2026-09-15 (-4.82%),"2026-07-08 (-4.49%), 2026-07-28 (-4.51%), 2026-08-07 (-5.17%), 2026-08-12 (-4.54%), 2026-09-15 (-4.82%)",-4.4,-10.35,11.87
RUBICON,Health Technology,Biotechnology,0,1,6,0,1,6,1,1,2,-,2026-09-08 #35 (+6.42%),"2026-07-14 #43 (+3.69%), 2026-07-20 #46 (+5.02%), 2026-07-23 #45 (+4.02%), 2026-08-17 #9 (+11.09%), 2026-08-26 #32 (+6.44%), 2026-09-08 #35 (+6.42%)",-,2026-09-08 (+6.42%),"2026-07-06 (+4.22%), 2026-07-20 (+5.02%), 2026-07-23 (+4.02%), 2026-08-17 (+11.09%), 2026-08-26 (+6.44%), 2026-09-08 (+6.42%)",2026-09-28 (-4.98%),2026-09-28 (-4.98%),"2026-07-03 (-4.89%), 2026-09-28 (-4.98%)",-3.72,-11.57,17.09
ASIANHOTNR,Consumer Services,Hotels/Resorts/Cruise lines,0,1,6,0,1,6,1,2,5,-,2026-09-08 #43 (+6.04%),"2026-07-03 #7 (+11.80%), 2026-07-06 #4 (+11.84%), 2026-07-22 #28 (+4.77%), 2026-07-24 #29 (+5.38%), 2026-08-31 #3 (+15.97%), 2026-09-08 #43 (+6.04%)",-,2026-09-08 (+6.04%),"2026-07-03 (+11.80%), 2026-07-06 (+11.84%), 2026-07-22 (+4.77%), 2026-07-24 (+5.38%), 2026-08-31 (+15.97%), 2026-09-08 (+6.04%)",2026-09-28 (-5.67%),"2026-09-10 (-5.53%), 2026-09-28 (-5.67%)","2026-07-07 (-5.49%), 2026-07-08 (-4.72%), 2026-07-23 (-5.70%), 2026-09-10 (-5.53%), 2026-09-28 (-5.67%)",-6.17,-1.38,25.99
ARIHANT,Finance,Real Estate Development,0,0,6,0,2,9,0,1,3,-,-,"2026-07-20 #21 (+7.21%), 2026-07-21 #26 (+6.29%), 2026-07-23 #10 (+6.82%), 2026-07-24 #30 (+5.35%), 2026-07-27 #45 (+5.84%), 2026-07-29 #46 (+5.19%)",-,"2026-09-17 (+4.00%), 2026-09-18 (+4.42%)","2026-07-20 (+7.21%), 2026-07-21 (+6.29%), 2026-07-23 (+6.82%), 2026-07-24 (+5.35%), 2026-07-27 (+5.84%), 2026-07-29 (+5.19%), 2026-07-31 (+5.13%), 2026-09-17 (+4.00%), 2026-09-18 (+4.42%)",-,2026-09-08 (-4.34%),"2026-07-30 (-5.06%), 2026-08-31 (-5.33%), 2026-09-08 (-4.34%)",-3.79,-7.3,13.63
KAMATHOTEL,Consumer Services,Hotels/Resorts/Cruise lines,0,0,6,0,2,8,0,2,3,-,-,"2026-07-07 #34 (+3.99%), 2026-08-11 #48 (+5.23%), 2026-08-13 #45 (+5.50%), 2026-08-21 #12 (+8.82%), 2026-08-24 #14 (+8.80%), 2026-08-27 #50 (+4.15%)",-,"2026-09-17 (+4.56%), 2026-09-18 (+4.49%)","2026-08-11 (+5.23%), 2026-08-13 (+5.50%), 2026-08-14 (+4.44%), 2026-08-21 (+8.82%), 2026-08-24 (+8.80%), 2026-08-27 (+4.15%), 2026-09-17 (+4.56%), 2026-09-18 (+4.49%)",-,"2026-09-03 (-6.48%), 2026-09-15 (-7.40%)","2026-07-08 (-4.19%), 2026-09-03 (-6.48%), 2026-09-15 (-7.40%)",-0.14,5.16,28.4
COMSYN,Process Industries,Containers/Packaging,0,0,6,0,1,8,1,1,3,-,-,"2026-07-03 #20 (+7.26%), 2026-07-20 #8 (+10.61%), 2026-07-29 #2 (+15.99%), 2026-08-07 #16 (+7.28%), 2026-08-10 #3 (+19.66%), 2026-08-31 #36 (+5.35%)",-,2026-09-18 (+4.62%),"2026-07-03 (+7.26%), 2026-07-20 (+10.61%), 2026-07-29 (+15.99%), 2026-08-07 (+7.28%), 2026-08-10 (+19.66%), 2026-08-13 (+4.98%), 2026-08-31 (+5.35%), 2026-09-18 (+4.62%)",2026-09-29 (-6.73%),2026-09-29 (-6.73%),"2026-07-06 (-4.74%), 2026-07-21 (-9.97%), 2026-09-29 (-6.73%)",-13.05,-11.83,40.26
NILKAMAL,Consumer Durables,Home Furnishings,0,0,6,0,0,7,0,1,3,-,-,"2026-07-17 #7 (+9.87%), 2026-07-21 #37 (+5.46%), 2026-07-27 #41 (+5.91%), 2026-07-28 #3 (+9.71%), 2026-08-11 #23 (+7.93%), 2026-08-19 #5 (+10.13%)",-,-,"2026-07-17 (+9.87%), 2026-07-21 (+5.46%), 2026-07-27 (+5.91%), 2026-07-28 (+9.71%), 2026-08-11 (+7.93%), 2026-08-19 (+10.13%), 2026-08-26 (+4.01%)",-,2026-09-16 (-4.83%),"2026-07-30 (-6.26%), 2026-08-03 (-5.45%), 2026-09-16 (-4.83%)",1.83,-8.35,50.52
MBAPL,Process Industries,Chemicals: Agricultural,0,0,6,0,0,6,0,0,3,-,-,"2026-07-08 #24 (+4.61%), 2026-07-09 #11 (+10.00%), 2026-07-17 #39 (+3.50%), 2026-07-20 #23 (+6.86%), 2026-07-23 #22 (+5.42%), 2026-07-27 #7 (+10.59%)",-,-,"2026-07-08 (+4.61%), 2026-07-09 (+10.00%), 2026-07-20 (+6.86%), 2026-07-23 (+5.42%), 2026-07-27 (+10.59%), 2026-08-10 (+4.02%)",-,-,"2026-07-06 (-4.59%), 2026-07-07 (-5.49%), 2026-07-14 (-6.66%)",0.7,3.34,38.04
CENTUM,Electronic Technology,Electronic Components,1,5,5,1,5,5,1,2,4,2026-09-29 #19 (+7.65%),"2026-09-03 #35 (+6.21%), 2026-09-07 #3 (+16.18%), 2026-09-16 #21 (+6.62%), 2026-09-21 #22 (+9.37%), 2026-09-29 #19 (+7.65%)","2026-09-03 #35 (+6.21%), 2026-09-07 #3 (+16.18%), 2026-09-16 #21 (+6.62%), 2026-09-21 #22 (+9.37%), 2026-09-29 #19 (+7.65%)",2026-09-29 (+7.65%),"2026-09-03 (+6.21%), 2026-09-07 (+16.18%), 2026-09-16 (+6.62%), 2026-09-21 (+9.37%), 2026-09-29 (+7.65%)","2026-09-03 (+6.21%), 2026-09-07 (+16.18%), 2026-09-16 (+6.62%), 2026-09-21 (+9.37%), 2026-09-29 (+7.65%)",2026-09-28 (-4.81%),"2026-09-15 (-4.33%), 2026-09-28 (-4.81%)","2026-08-14 (-6.66%), 2026-08-17 (-4.97%), 2026-09-15 (-4.33%), 2026-09-28 (-4.81%)",1.28,42.82,33.21
DELTACORP,Consumer Services,Movies/Entertainment,4,4,5,4,5,6,1,1,2,"2026-09-23 #12 (+11.14%), 2026-09-24 #21 (+5.87%), 2026-09-25 #40 (+5.72%), 2026-09-29 #12 (+8.99%)","2026-09-23 #12 (+11.14%), 2026-09-24 #21 (+5.87%), 2026-09-25 #40 (+5.72%), 2026-09-29 #12 (+8.99%)","2026-08-25 #49 (+4.48%), 2026-09-23 #12 (+11.14%), 2026-09-24 #21 (+5.87%), 2026-09-25 #40 (+5.72%), 2026-09-29 #12 (+8.99%)","2026-09-23 (+11.14%), 2026-09-24 (+5.87%), 2026-09-25 (+5.72%), 2026-09-29 (+8.99%)","2026-09-21 (+5.57%), 2026-09-23 (+11.14%), 2026-09-24 (+5.87%), 2026-09-25 (+5.72%), 2026-09-29 (+8.99%)","2026-08-25 (+4.48%), 2026-09-21 (+5.57%), 2026-09-23 (+11.14%), 2026-09-24 (+5.87%), 2026-09-25 (+5.72%), 2026-09-29 (+8.99%)",2026-09-28 (-6.04%),2026-09-28 (-6.04%),"2026-08-12 (-4.05%), 2026-09-28 (-6.04%)",27.39,34.58,15.93
WHEELS,Producer Manufacturing,Auto Parts: OEM,1,4,5,1,5,7,1,2,6,2026-09-25 #45 (+5.30%),"2026-09-03 #23 (+7.13%), 2026-09-08 #1 (+20.00%), 2026-09-09 #10 (+13.97%), 2026-09-25 #45 (+5.30%)","2026-08-14 #22 (+6.06%), 2026-09-03 #23 (+7.13%), 2026-09-08 #1 (+20.00%), 2026-09-09 #10 (+13.97%), 2026-09-25 #45 (+5.30%)",2026-09-25 (+5.30%),"2026-09-03 (+7.13%), 2026-09-04 (+4.26%), 2026-09-08 (+20.00%), 2026-09-09 (+13.97%), 2026-09-25 (+5.30%)","2026-07-10 (+4.69%), 2026-08-14 (+6.06%), 2026-09-03 (+7.13%), 2026-09-04 (+4.26%), 2026-09-08 (+20.00%), 2026-09-09 (+13.97%), 2026-09-25 (+5.30%)",2026-09-29 (-5.16%),"2026-09-15 (-4.53%), 2026-09-29 (-5.16%)","2026-07-03 (-8.16%), 2026-07-08 (-5.26%), 2026-07-22 (-4.65%), 2026-07-28 (-5.25%), 2026-09-15 (-4.53%), 2026-09-29 (-5.16%)",1.38,42.52,35.7
ENGINERSIN,Industrial Services,Engineering & Construction,1,4,5,1,4,6,0,0,0,2026-09-25 #32 (+6.40%),"2026-09-01 #21 (+6.94%), 2026-09-21 #38 (+7.10%), 2026-09-22 #30 (+6.06%), 2026-09-25 #32 (+6.40%)","2026-08-05 #32 (+6.84%), 2026-09-01 #21 (+6.94%), 2026-09-21 #38 (+7.10%), 2026-09-22 #30 (+6.06%), 2026-09-25 #32 (+6.40%)",2026-09-25 (+6.40%),"2026-09-01 (+6.94%), 2026-09-21 (+7.10%), 2026-09-22 (+6.06%), 2026-09-25 (+6.40%)","2026-08-05 (+6.84%), 2026-08-24 (+4.05%), 2026-09-01 (+6.94%), 2026-09-21 (+7.10%), 2026-09-22 (+6.06%), 2026-09-25 (+6.40%)",-,-,-,2.53,18.46,32.45
WSTCSTPAPR,Producer Manufacturing,Office Equipment/Supplies,0,4,5,0,5,8,0,0,0,-,"2026-09-01 #23 (+6.83%), 2026-09-07 #47 (+5.73%), 2026-09-10 #24 (+6.37%), 2026-09-18 #27 (+7.24%)","2026-07-22 #18 (+5.65%), 2026-09-01 #23 (+6.83%), 2026-09-07 #47 (+5.73%), 2026-09-10 #24 (+6.37%), 2026-09-18 #27 (+7.24%)",-,"2026-09-01 (+6.83%), 2026-09-03 (+4.44%), 2026-09-07 (+5.73%), 2026-09-10 (+6.37%), 2026-09-18 (+7.24%)","2026-07-22 (+5.65%), 2026-07-27 (+5.09%), 2026-08-12 (+4.60%), 2026-09-01 (+6.83%), 2026-09-03 (+4.44%), 2026-09-07 (+5.73%), 2026-09-10 (+6.37%), 2026-09-18 (+7.24%)",-,-,-,-6.18,14.98,32.23
ELANTAS,Process Industries,Industrial Specialties,0,4,5,0,4,8,0,1,2,-,"2026-09-02 #25 (+5.37%), 2026-09-07 #39 (+6.83%), 2026-09-08 #36 (+6.41%), 2026-09-11 #12 (+8.33%)","2026-08-05 #2 (+20.00%), 2026-09-02 #25 (+5.37%), 2026-09-07 #39 (+6.83%), 2026-09-08 #36 (+6.41%), 2026-09-11 #12 (+8.33%)",-,"2026-09-02 (+5.37%), 2026-09-07 (+6.83%), 2026-09-08 (+6.41%), 2026-09-11 (+8.33%)","2026-07-09 (+5.40%), 2026-08-03 (+4.56%), 2026-08-05 (+20.00%), 2026-08-06 (+4.47%), 2026-09-02 (+5.37%), 2026-09-07 (+6.83%), 2026-09-08 (+6.41%), 2026-09-11 (+8.33%)",-,2026-09-15 (-7.11%),"2026-08-10 (-4.60%), 2026-09-15 (-7.11%)",-5.28,17.62,34.65
RIR,Electronic Technology,Semiconductors,0,4,5,0,4,6,0,2,3,-,"2026-09-04 #21 (+7.79%), 2026-09-07 #6 (+13.00%), 2026-09-16 #49 (+4.82%), 2026-09-17 #9 (+9.93%)","2026-08-11 #11 (+11.50%), 2026-09-04 #21 (+7.79%), 2026-09-07 #6 (+13.00%), 2026-09-16 #49 (+4.82%), 2026-09-17 #9 (+9.93%)",-,"2026-09-04 (+7.79%), 2026-09-07 (+13.00%), 2026-09-16 (+4.82%), 2026-09-17 (+9.93%)","2026-08-11 (+11.50%), 2026-08-17 (+5.19%), 2026-09-04 (+7.79%), 2026-09-07 (+13.00%), 2026-09-16 (+4.82%), 2026-09-17 (+9.93%)",-,"2026-09-08 (-4.23%), 2026-09-10 (-4.07%)","2026-08-13 (-5.75%), 2026-09-08 (-4.23%), 2026-09-10 (-4.07%)",-1.82,18.09,
SANATHAN,Process Industries,Textiles,2,3,5,2,4,7,0,0,1,"2026-09-23 #33 (+7.44%), 2026-09-24 #43 (+4.52%)","2026-09-04 #47 (+5.35%), 2026-09-23 #33 (+7.44%), 2026-09-24 #43 (+4.52%)","2026-07-21 #40 (+5.31%), 2026-07-22 #15 (+6.04%), 2026-09-04 #47 (+5.35%), 2026-09-23 #33 (+7.44%), 2026-09-24 #43 (+4.52%)","2026-09-23 (+7.44%), 2026-09-24 (+4.52%)","2026-09-04 (+5.35%), 2026-09-18 (+4.09%), 2026-09-23 (+7.44%), 2026-09-24 (+4.52%)","2026-07-21 (+5.31%), 2026-07-22 (+6.04%), 2026-08-11 (+4.05%), 2026-09-04 (+5.35%), 2026-09-18 (+4.09%), 2026-09-23 (+7.44%), 2026-09-24 (+4.52%)",-,-,2026-08-12 (-5.10%),9.27,14.94,15.94
KANORICHEM,Process Industries,Chemicals: Specialty,1,3,5,2,6,12,0,0,1,2026-09-24 #32 (+4.99%),"2026-09-15 #20 (+5.00%), 2026-09-16 #44 (+4.97%), 2026-09-24 #32 (+4.99%)","2026-07-17 #24 (+4.90%), 2026-07-23 #39 (+4.42%), 2026-09-15 #20 (+5.00%), 2026-09-16 #44 (+4.97%), 2026-09-24 #32 (+4.99%)","2026-09-23 (+5.00%), 2026-09-24 (+4.99%)","2026-09-09 (+4.97%), 2026-09-10 (+5.00%), 2026-09-15 (+5.00%), 2026-09-16 (+4.97%), 2026-09-23 (+5.00%), 2026-09-24 (+4.99%)","2026-07-10 (+4.92%), 2026-07-17 (+4.90%), 2026-07-21 (+4.01%), 2026-07-23 (+4.42%), 2026-08-05 (+4.98%), 2026-08-11 (+4.21%), 2026-09-09 (+4.97%), 2026-09-10 (+5.00%), 2026-09-15 (+5.00%), 2026-09-16 (+4.97%), 2026-09-23 (+5.00%), 2026-09-24 (+4.99%)",-,-,2026-07-30 (-5.00%),15.19,25.69,48.15
ONIXSOLAR,Producer Manufacturing,Industrial Machinery,1,3,5,2,8,12,1,8,13,2026-09-24 #29 (+4.99%),"2026-09-01 #46 (+4.99%), 2026-09-02 #42 (+4.99%), 2026-09-24 #29 (+4.99%)","2026-08-27 #46 (+4.28%), 2026-08-31 #49 (+4.98%), 2026-09-01 #46 (+4.99%), 2026-09-02 #42 (+4.99%), 2026-09-24 #29 (+4.99%)","2026-09-24 (+4.99%), 2026-09-25 (+4.99%)","2026-09-01 (+4.99%), 2026-09-02 (+4.99%), 2026-09-03 (+4.99%), 2026-09-04 (+5.00%), 2026-09-07 (+4.96%), 2026-09-08 (+4.99%), 2026-09-24 (+4.99%), 2026-09-25 (+4.99%)","2026-08-26 (+4.49%), 2026-08-27 (+4.28%), 2026-08-28 (+5.00%), 2026-08-31 (+4.98%), 2026-09-01 (+4.99%), 2026-09-02 (+4.99%), 2026-09-03 (+4.99%), 2026-09-04 (+5.00%), 2026-09-07 (+4.96%), 2026-09-08 (+4.99%), 2026-09-24 (+4.99%), 2026-09-25 (+4.99%)",2026-09-23 (-4.99%),"2026-09-11 (-4.52%), 2026-09-15 (-4.99%), 2026-09-16 (-4.99%), 2026-09-17 (-4.99%), 2026-09-18 (-5.00%), 2026-09-21 (-4.99%), 2026-09-22 (-4.99%), 2026-09-23 (-4.99%)","2026-08-19 (-4.99%), 2026-08-20 (-4.99%), 2026-08-21 (-4.99%), 2026-08-24 (-4.99%), 2026-08-25 (-4.95%), 2026-09-11 (-4.52%), 2026-09-15 (-4.99%), 2026-09-16 (-4.99%), 2026-09-17 (-4.99%), 2026-09-18 (-5.00%), 2026-09-21 (-4.99%), 2026-09-22 (-4.99%), 2026-09-23 (-4.99%)",6.79,9.0,
QMSMEDI,Distribution Services,Medical Distributors,1,3,5,2,6,11,0,1,1,2026-09-28 #26 (+5.00%),"2026-09-11 #35 (+5.00%), 2026-09-15 #22 (+4.96%), 2026-09-28 #26 (+5.00%)","2026-07-22 #34 (+4.24%), 2026-08-12 #7 (+11.24%), 2026-09-11 #35 (+5.00%), 2026-09-15 #22 (+4.96%), 2026-09-28 #26 (+5.00%)","2026-09-28 (+5.00%), 2026-09-29 (+5.00%)","2026-09-11 (+5.00%), 2026-09-15 (+4.96%), 2026-09-18 (+5.00%), 2026-09-21 (+5.00%), 2026-09-28 (+5.00%), 2026-09-29 (+5.00%)","2026-07-22 (+4.24%), 2026-08-12 (+11.24%), 2026-08-17 (+4.71%), 2026-08-20 (+5.00%), 2026-08-21 (+5.00%), 2026-09-11 (+5.00%), 2026-09-15 (+4.96%), 2026-09-18 (+5.00%), 2026-09-21 (+5.00%), 2026-09-28 (+5.00%), 2026-09-29 (+5.00%)",-,2026-09-08 (-4.14%),2026-09-08 (-4.14%),12.44,42.73,114.07
RBZJEWEL,Consumer Durables,Other Consumer Specialties,1,3,5,3,7,11,0,5,6,2026-09-28 #25 (+5.00%),"2026-09-01 #4 (+12.08%), 2026-09-03 #2 (+18.71%), 2026-09-28 #25 (+5.00%)","2026-07-09 #38 (+6.82%), 2026-07-31 #48 (+5.29%), 2026-09-01 #4 (+12.08%), 2026-09-03 #2 (+18.71%), 2026-09-28 #25 (+5.00%)","2026-09-25 (+5.00%), 2026-09-28 (+5.00%), 2026-09-29 (+4.14%)","2026-09-01 (+12.08%), 2026-09-03 (+18.71%), 2026-09-04 (+4.70%), 2026-09-17 (+4.37%), 2026-09-25 (+5.00%), 2026-09-28 (+5.00%), 2026-09-29 (+4.14%)","2026-07-09 (+6.82%), 2026-07-31 (+5.29%), 2026-08-24 (+4.75%), 2026-08-26 (+5.15%), 2026-09-01 (+12.08%), 2026-09-03 (+18.71%), 2026-09-04 (+4.70%), 2026-09-17 (+4.37%), 2026-09-25 (+5.00%), 2026-09-28 (+5.00%), 2026-09-29 (+4.14%)",-,"2026-09-02 (-4.46%), 2026-09-07 (-4.97%), 2026-09-08 (-5.00%), 2026-09-09 (-4.18%), 2026-09-15 (-4.87%)","2026-08-12 (-8.58%), 2026-09-02 (-4.46%), 2026-09-07 (-4.97%), 2026-09-08 (-5.00%), 2026-09-09 (-4.18%), 2026-09-15 (-4.87%)",11.25,31.16,35.56
NRBBEARING,Producer Manufacturing,Auto Parts: OEM,0,3,5,0,3,7,0,1,2,-,"2026-09-07 #28 (+8.05%), 2026-09-10 #20 (+6.48%), 2026-09-18 #5 (+11.29%)","2026-07-07 #50 (+3.26%), 2026-08-05 #41 (+6.47%), 2026-09-07 #28 (+8.05%), 2026-09-10 #20 (+6.48%), 2026-09-18 #5 (+11.29%)",-,"2026-09-07 (+8.05%), 2026-09-10 (+6.48%), 2026-09-18 (+11.29%)","2026-07-27 (+5.43%), 2026-08-03 (+5.83%), 2026-08-05 (+6.47%), 2026-08-17 (+5.48%), 2026-09-07 (+8.05%), 2026-09-10 (+6.48%), 2026-09-18 (+11.29%)",-,2026-09-15 (-6.57%),"2026-08-11 (-4.81%), 2026-09-15 (-6.57%)",3.95,14.18,23.58
KSHINTL,Producer Manufacturing,Electrical Products,0,3,5,1,4,7,1,2,5,-,"2026-09-03 #17 (+8.14%), 2026-09-04 #34 (+6.37%), 2026-09-08 #33 (+6.43%)","2026-07-09 #21 (+8.28%), 2026-08-11 #15 (+9.81%), 2026-09-03 #17 (+8.14%), 2026-09-04 #34 (+6.37%), 2026-09-08 #33 (+6.43%)",2026-09-29 (+4.45%),"2026-09-03 (+8.14%), 2026-09-04 (+6.37%), 2026-09-08 (+6.43%), 2026-09-29 (+4.45%)","2026-07-09 (+8.28%), 2026-08-03 (+4.58%), 2026-08-11 (+9.81%), 2026-09-03 (+8.14%), 2026-09-04 (+6.37%), 2026-09-08 (+6.43%), 2026-09-29 (+4.45%)",2026-09-28 (-4.92%),"2026-09-15 (-9.57%), 2026-09-28 (-4.92%)","2026-07-07 (-7.08%), 2026-07-17 (-4.27%), 2026-07-28 (-4.64%), 2026-09-15 (-9.57%), 2026-09-28 (-4.92%)",-1.21,8.59,22.17
EMUDHRA,Technology Services,Packaged Software,0,3,5,0,3,6,0,1,1,-,"2026-09-15 #1 (+20.00%), 2026-09-16 #10 (+8.34%), 2026-09-21 #31 (+7.91%)","2026-08-04 #17 (+7.57%), 2026-08-18 #16 (+8.35%), 2026-09-15 #1 (+20.00%), 2026-09-16 #10 (+8.34%), 2026-09-21 #31 (+7.91%)",-,"2026-09-15 (+20.00%), 2026-09-16 (+8.34%), 2026-09-21 (+7.91%)","2026-07-10 (+4.78%), 2026-08-04 (+7.57%), 2026-08-18 (+8.35%), 2026-09-15 (+20.00%), 2026-09-16 (+8.34%), 2026-09-21 (+7.91%)",-,2026-09-07 (-4.26%),2026-09-07 (-4.26%),-3.4,14.47,43.53
SHANTIGEAR,Producer Manufacturing,Auto Parts: OEM,0,3,5,0,3,5,2,3,4,-,"2026-09-03 #8 (+9.99%), 2026-09-04 #28 (+6.68%), 2026-09-08 #11 (+10.00%)","2026-08-21 #3 (+19.99%), 2026-08-24 #4 (+18.26%), 2026-09-03 #8 (+9.99%), 2026-09-04 #28 (+6.68%), 2026-09-08 #11 (+10.00%)",-,"2026-09-03 (+9.99%), 2026-09-04 (+6.68%), 2026-09-08 (+10.00%)","2026-08-21 (+19.99%), 2026-08-24 (+18.26%), 2026-09-03 (+9.99%), 2026-09-04 (+6.68%), 2026-09-08 (+10.00%)","2026-09-28 (-4.99%), 2026-09-29 (-5.00%)","2026-09-15 (-4.99%), 2026-09-28 (-4.99%), 2026-09-29 (-5.00%)","2026-08-28 (-4.97%), 2026-09-15 (-4.99%), 2026-09-28 (-4.99%), 2026-09-29 (-5.00%)",-10.69,14.49,34.39
REMSONSIND,Producer Manufacturing,Auto Parts: OEM,2,2,5,2,3,6,1,2,3,"2026-09-24 #5 (+11.26%), 2026-09-25 #49 (+5.11%)","2026-09-24 #5 (+11.26%), 2026-09-25 #49 (+5.11%)","2026-07-30 #25 (+4.68%), 2026-08-28 #25 (+7.49%), 2026-08-31 #4 (+13.86%), 2026-09-24 #5 (+11.26%), 2026-09-25 #49 (+5.11%)","2026-09-24 (+11.26%), 2026-09-25 (+5.11%)","2026-09-04 (+4.52%), 2026-09-24 (+11.26%), 2026-09-25 (+5.11%)","2026-07-30 (+4.68%), 2026-08-28 (+7.49%), 2026-08-31 (+13.86%), 2026-09-04 (+4.52%), 2026-09-24 (+11.26%), 2026-09-25 (+5.11%)",2026-09-29 (-7.33%),"2026-09-15 (-4.35%), 2026-09-29 (-7.33%)","2026-08-17 (-7.21%), 2026-09-15 (-4.35%), 2026-09-29 (-7.33%)",14.05,13.28,34.18
EMIL,Retail Trade,Electronics/Appliance Stores,1,2,5,1,4,9,0,0,1,2026-09-25 #38 (+5.85%),"2026-09-10 #45 (+5.02%), 2026-09-25 #38 (+5.85%)","2026-08-05 #9 (+10.81%), 2026-08-07 #8 (+10.72%), 2026-08-10 #18 (+9.01%), 2026-09-10 #45 (+5.02%), 2026-09-25 #38 (+5.85%)",2026-09-25 (+5.85%),"2026-09-08 (+4.36%), 2026-09-10 (+5.02%), 2026-09-18 (+6.06%), 2026-09-25 (+5.85%)","2026-07-29 (+4.35%), 2026-08-05 (+10.81%), 2026-08-07 (+10.72%), 2026-08-10 (+9.01%), 2026-08-12 (+4.80%), 2026-09-08 (+4.36%), 2026-09-10 (+5.02%), 2026-09-18 (+6.06%), 2026-09-25 (+5.85%)",-,-,2026-07-06 (-4.78%),-0.47,6.15,40.04
WABAG,Industrial Services,Engineering & Construction,1,2,5,1,2,9,0,1,5,2026-09-29 #39 (+5.90%),"2026-09-09 #30 (+6.10%), 2026-09-29 #39 (+5.90%)","2026-07-07 #8 (+7.20%), 2026-07-20 #31 (+6.32%), 2026-08-26 #30 (+6.62%), 2026-09-09 #30 (+6.10%), 2026-09-29 #39 (+5.90%)",2026-09-29 (+5.90%),"2026-09-09 (+6.10%), 2026-09-29 (+5.90%)","2026-07-07 (+7.20%), 2026-07-10 (+4.89%), 2026-07-20 (+6.32%), 2026-07-31 (+4.65%), 2026-08-18 (+4.37%), 2026-08-20 (+4.08%), 2026-08-26 (+6.62%), 2026-09-09 (+6.10%), 2026-09-29 (+5.90%)",-,2026-09-15 (-7.66%),"2026-07-03 (-4.99%), 2026-07-08 (-5.53%), 2026-07-28 (-4.24%), 2026-08-31 (-5.12%), 2026-09-15 (-7.66%)",1.05,5.79,-4.41
DIVGIITTS,Producer Manufacturing,Auto Parts: OEM,1,2,5,2,3,8,0,2,2,2026-09-28 #21 (+5.54%),"2026-09-01 #22 (+6.92%), 2026-09-28 #21 (+5.54%)","2026-08-07 #26 (+5.93%), 2026-08-12 #3 (+14.45%), 2026-08-14 #19 (+6.67%), 2026-09-01 #22 (+6.92%), 2026-09-28 #21 (+5.54%)","2026-09-23 (+5.20%), 2026-09-28 (+5.54%)","2026-09-01 (+6.92%), 2026-09-23 (+5.20%), 2026-09-28 (+5.54%)","2026-07-03 (+4.15%), 2026-08-05 (+4.25%), 2026-08-07 (+5.93%), 2026-08-12 (+14.45%), 2026-08-14 (+6.67%), 2026-09-01 (+6.92%), 2026-09-23 (+5.20%), 2026-09-28 (+5.54%)",-,"2026-09-07 (-4.85%), 2026-09-15 (-6.90%)","2026-09-07 (-4.85%), 2026-09-15 (-6.90%)",8.4,2.21,23.66
AVTNPL,Consumer Non-Durables,Food: Specialty/Candy,1,2,5,1,4,7,2,3,3,2026-09-29 #30 (+6.45%),"2026-09-22 #12 (+9.13%), 2026-09-29 #30 (+6.45%)","2026-08-14 #4 (+13.94%), 2026-08-17 #17 (+8.43%), 2026-08-31 #16 (+8.06%), 2026-09-22 #12 (+9.13%), 2026-09-29 #30 (+6.45%)",2026-09-29 (+6.45%),"2026-09-03 (+5.14%), 2026-09-21 (+5.06%), 2026-09-22 (+9.13%), 2026-09-29 (+6.45%)","2026-08-14 (+13.94%), 2026-08-17 (+8.43%), 2026-08-31 (+8.06%), 2026-09-03 (+5.14%), 2026-09-21 (+5.06%), 2026-09-22 (+9.13%), 2026-09-29 (+6.45%)","2026-09-24 (-4.08%), 2026-09-28 (-6.45%)","2026-09-15 (-4.32%), 2026-09-24 (-4.08%), 2026-09-28 (-6.45%)","2026-09-15 (-4.32%), 2026-09-24 (-4.08%), 2026-09-28 (-6.45%)",-6.17,0.15,31.25
NGLFINE,Health Technology,Pharmaceuticals: Major,1,2,5,1,3,7,1,1,4,2026-09-29 #46 (+5.16%),"2026-09-03 #11 (+9.38%), 2026-09-29 #46 (+5.16%)","2026-07-03 #16 (+9.14%), 2026-07-08 #27 (+4.28%), 2026-07-21 #17 (+7.55%), 2026-09-03 #11 (+9.38%), 2026-09-29 #46 (+5.16%)",2026-09-29 (+5.16%),"2026-09-03 (+9.38%), 2026-09-22 (+4.68%), 2026-09-29 (+5.16%)","2026-07-03 (+9.14%), 2026-07-08 (+4.28%), 2026-07-21 (+7.55%), 2026-08-05 (+5.22%), 2026-09-03 (+9.38%), 2026-09-22 (+4.68%), 2026-09-29 (+5.16%)",2026-09-28 (-6.06%),2026-09-28 (-6.06%),"2026-07-07 (-4.48%), 2026-08-17 (-15.80%), 2026-08-31 (-5.83%), 2026-09-28 (-6.06%)",0.4,2.04,-4.39
AZAD,Producer Manufacturing,Metal Fabrication,1,2,5,1,2,6,0,2,4,2026-09-29 #22 (+7.01%),"2026-09-18 #31 (+7.10%), 2026-09-29 #22 (+7.01%)","2026-07-09 #8 (+11.07%), 2026-08-13 #18 (+7.49%), 2026-08-17 #35 (+6.70%), 2026-09-18 #31 (+7.10%), 2026-09-29 #22 (+7.01%)",2026-09-29 (+7.01%),"2026-09-18 (+7.10%), 2026-09-29 (+7.01%)","2026-07-06 (+4.53%), 2026-07-09 (+11.07%), 2026-08-13 (+7.49%), 2026-08-17 (+6.70%), 2026-09-18 (+7.10%), 2026-09-29 (+7.01%)",-,"2026-09-15 (-5.06%), 2026-09-16 (-4.55%)","2026-07-13 (-4.07%), 2026-07-30 (-5.66%), 2026-09-15 (-5.06%), 2026-09-16 (-4.55%)",4.97,1.83,40.51
IOLCP,Process Industries,Chemicals: Specialty,0,2,5,0,3,9,0,2,5,-,"2026-09-07 #43 (+6.55%), 2026-09-16 #9 (+8.38%)","2026-07-07 #3 (+14.25%), 2026-08-05 #43 (+6.29%), 2026-08-26 #18 (+7.91%), 2026-09-07 #43 (+6.55%), 2026-09-16 #9 (+8.38%)",-,"2026-09-03 (+4.27%), 2026-09-07 (+6.55%), 2026-09-16 (+8.38%)","2026-07-07 (+14.25%), 2026-07-20 (+4.79%), 2026-08-05 (+6.29%), 2026-08-13 (+4.80%), 2026-08-20 (+4.35%), 2026-08-26 (+7.91%), 2026-09-03 (+4.27%), 2026-09-07 (+6.55%), 2026-09-16 (+8.38%)",-,"2026-09-11 (-8.10%), 2026-09-15 (-7.61%)","2026-07-03 (-4.89%), 2026-07-15 (-4.65%), 2026-07-17 (-9.59%), 2026-09-11 (-8.10%), 2026-09-15 (-7.61%)",0.54,4.02,34.04
DHOOTTRANS,Producer Manufacturing,Electrical Products,0,2,5,0,4,8,0,1,2,-,"2026-09-02 #47 (+4.97%), 2026-09-11 #9 (+10.00%)","2026-08-18 #11 (+10.00%), 2026-08-19 #14 (+7.53%), 2026-08-25 #23 (+5.43%), 2026-09-02 #47 (+4.97%), 2026-09-11 #9 (+10.00%)",-,"2026-09-02 (+4.97%), 2026-09-03 (+4.03%), 2026-09-11 (+10.00%), 2026-09-22 (+4.48%)","2026-08-18 (+10.00%), 2026-08-19 (+7.53%), 2026-08-20 (+4.60%), 2026-08-25 (+5.43%), 2026-09-02 (+4.97%), 2026-09-03 (+4.03%), 2026-09-11 (+10.00%), 2026-09-22 (+4.48%)",-,2026-09-15 (-10.00%),"2026-08-27 (-4.80%), 2026-09-15 (-10.00%)",-8.99,2.03,
RISHABH,Producer Manufacturing,Electrical Products,0,2,5,0,2,7,1,2,3,-,"2026-09-02 #15 (+7.23%), 2026-09-07 #14 (+9.68%)","2026-07-08 #40 (+3.37%), 2026-08-03 #49 (+6.49%), 2026-08-17 #31 (+7.08%), 2026-09-02 #15 (+7.23%), 2026-09-07 #14 (+9.68%)",-,"2026-09-02 (+7.23%), 2026-09-07 (+9.68%)","2026-08-03 (+6.49%), 2026-08-10 (+5.12%), 2026-08-17 (+7.08%), 2026-08-19 (+4.39%), 2026-08-24 (+4.52%), 2026-09-02 (+7.23%), 2026-09-07 (+9.68%)",2026-09-24 (-4.66%),"2026-09-15 (-6.04%), 2026-09-24 (-4.66%)","2026-08-18 (-4.15%), 2026-09-15 (-6.04%), 2026-09-24 (-4.66%)",-1.72,2.61,12.09
FINCABLES,Producer Manufacturing,Electrical Products,0,2,5,0,4,7,0,3,3,-,"2026-09-03 #24 (+6.86%), 2026-09-08 #39 (+6.14%)","2026-08-11 #5 (+14.16%), 2026-08-12 #33 (+5.98%), 2026-08-17 #46 (+5.93%), 2026-09-03 #24 (+6.86%), 2026-09-08 #39 (+6.14%)",-,"2026-09-03 (+6.86%), 2026-09-08 (+6.14%), 2026-09-10 (+4.80%), 2026-09-22 (+4.89%)","2026-08-11 (+14.16%), 2026-08-12 (+5.98%), 2026-08-17 (+5.93%), 2026-09-03 (+6.86%), 2026-09-08 (+6.14%), 2026-09-10 (+4.80%), 2026-09-22 (+4.89%)",-,"2026-09-02 (-4.57%), 2026-09-04 (-4.14%), 2026-09-15 (-5.91%)","2026-09-02 (-4.57%), 2026-09-04 (-4.14%), 2026-09-15 (-5.91%)",-2.22,15.1,27.06
PINELABS,Technology Services,Packaged Software,0,2,5,0,3,7,2,4,5,-,"2026-09-04 #35 (+6.31%), 2026-09-11 #3 (+16.75%)","2026-07-13 #36 (+6.79%), 2026-08-03 #17 (+9.50%), 2026-08-06 #35 (+5.56%), 2026-09-04 #35 (+6.31%), 2026-09-11 #3 (+16.75%)",-,"2026-09-04 (+6.31%), 2026-09-11 (+16.75%), 2026-09-18 (+4.10%)","2026-07-13 (+6.79%), 2026-08-03 (+9.50%), 2026-08-06 (+5.56%), 2026-08-10 (+4.86%), 2026-09-04 (+6.31%), 2026-09-11 (+16.75%), 2026-09-18 (+4.10%)","2026-09-23 (-4.70%), 2026-09-24 (-4.77%)","2026-09-15 (-4.14%), 2026-09-16 (-4.17%), 2026-09-23 (-4.70%), 2026-09-24 (-4.77%)","2026-07-29 (-5.43%), 2026-09-15 (-4.14%), 2026-09-16 (-4.17%), 2026-09-23 (-4.70%), 2026-09-24 (-4.77%)",-13.17,4.58,7.33
AEROENTER,Producer Manufacturing,Industrial Machinery,0,2,5,0,2,7,0,3,7,-,"2026-09-07 #20 (+9.11%), 2026-09-17 #14 (+8.46%)","2026-07-23 #16 (+6.11%), 2026-08-04 #16 (+7.60%), 2026-08-21 #24 (+7.21%), 2026-09-07 #20 (+9.11%), 2026-09-17 #14 (+8.46%)",-,"2026-09-07 (+9.11%), 2026-09-17 (+8.46%)","2026-07-10 (+4.25%), 2026-07-23 (+6.11%), 2026-08-04 (+7.60%), 2026-08-18 (+4.10%), 2026-08-21 (+7.21%), 2026-09-07 (+9.11%), 2026-09-17 (+8.46%)",-,"2026-09-09 (-6.35%), 2026-09-10 (-5.55%), 2026-09-15 (-14.71%)","2026-07-03 (-4.40%), 2026-07-07 (-7.16%), 2026-07-27 (-4.08%), 2026-08-31 (-5.36%), 2026-09-09 (-6.35%), 2026-09-10 (-5.55%), 2026-09-15 (-14.71%)",0.89,-9.93,-8.75
SHAREINDIA,Finance,Investment Banks/Brokers,0,2,5,0,3,6,0,0,1,-,"2026-09-09 #13 (+10.85%), 2026-09-17 #7 (+11.42%)","2026-07-07 #1 (+20.00%), 2026-07-08 #8 (+7.77%), 2026-07-17 #40 (+3.49%), 2026-09-09 #13 (+10.85%), 2026-09-17 #7 (+11.42%)",-,"2026-09-09 (+10.85%), 2026-09-17 (+11.42%), 2026-09-18 (+4.45%)","2026-07-07 (+20.00%), 2026-07-08 (+7.77%), 2026-08-13 (+4.58%), 2026-09-09 (+10.85%), 2026-09-17 (+11.42%), 2026-09-18 (+4.45%)",-,-,2026-07-28 (-4.87%),-7.9,19.09,47.97
ARIHANTCAP,Finance,Investment Banks/Brokers,0,2,5,0,1,5,0,0,1,-,"2026-09-15 #42 (+3.10%), 2026-09-22 #5 (+11.49%)","2026-07-09 #47 (+6.54%), 2026-07-23 #20 (+5.60%), 2026-08-19 #29 (+5.30%), 2026-09-15 #42 (+3.10%), 2026-09-22 #5 (+11.49%)",-,2026-09-22 (+11.49%),"2026-07-06 (+4.76%), 2026-07-09 (+6.54%), 2026-07-23 (+5.60%), 2026-08-19 (+5.30%), 2026-09-22 (+11.49%)",-,-,2026-07-27 (-4.36%),-0.45,14.09,30.97
RML,Producer Manufacturing,Auto Parts: OEM,0,2,5,1,3,5,0,0,4,-,"2026-09-04 #6 (+14.95%), 2026-09-07 #34 (+7.12%)","2026-07-08 #50 (+2.63%), 2026-07-30 #48 (+3.43%), 2026-08-24 #46 (+5.43%), 2026-09-04 #6 (+14.95%), 2026-09-07 #34 (+7.12%)",2026-09-29 (+4.15%),"2026-09-04 (+14.95%), 2026-09-07 (+7.12%), 2026-09-29 (+4.15%)","2026-08-03 (+4.86%), 2026-08-24 (+5.43%), 2026-09-04 (+14.95%), 2026-09-07 (+7.12%), 2026-09-29 (+4.15%)",-,-,"2026-07-17 (-5.00%), 2026-07-22 (-4.52%), 2026-08-05 (-5.03%), 2026-08-06 (-6.57%)",2.45,22.24,15.61
AEQUS,Electronic Technology,Aerospace & Defense,1,1,5,2,3,8,0,0,1,2026-09-28 #20 (+5.71%),2026-09-28 #20 (+5.71%),"2026-07-07 #24 (+4.55%), 2026-07-08 #16 (+5.66%), 2026-07-20 #41 (+5.25%), 2026-08-13 #32 (+6.56%), 2026-09-28 #20 (+5.71%)","2026-09-28 (+5.71%), 2026-09-29 (+4.43%)","2026-09-22 (+4.88%), 2026-09-28 (+5.71%), 2026-09-29 (+4.43%)","2026-07-07 (+4.55%), 2026-07-08 (+5.66%), 2026-07-20 (+5.25%), 2026-08-13 (+6.56%), 2026-08-18 (+4.11%), 2026-09-22 (+4.88%), 2026-09-28 (+5.71%), 2026-09-29 (+4.43%)",-,-,2026-07-23 (-4.79%),11.84,11.17,17.87
DHAMPURSUG,Process Industries,Agricultural Commodities/Milling,1,1,5,1,1,7,0,2,3,2026-09-25 #34 (+6.09%),2026-09-25 #34 (+6.09%),"2026-08-04 #34 (+5.24%), 2026-08-10 #41 (+5.66%), 2026-08-17 #41 (+6.18%), 2026-08-20 #22 (+7.71%), 2026-09-25 #34 (+6.09%)",2026-09-25 (+6.09%),2026-09-25 (+6.09%),"2026-08-03 (+6.17%), 2026-08-04 (+5.24%), 2026-08-10 (+5.66%), 2026-08-17 (+6.18%), 2026-08-19 (+4.46%), 2026-08-20 (+7.71%), 2026-09-25 (+6.09%)",-,"2026-09-04 (-5.34%), 2026-09-15 (-4.27%)","2026-08-27 (-6.94%), 2026-09-04 (-5.34%), 2026-09-15 (-4.27%)",4.67,-4.12,21.05
UTTAMSUGAR,Process Industries,Agricultural Commodities/Milling,1,1,5,1,1,7,0,3,4,2026-09-25 #6 (+12.75%),2026-09-25 #6 (+12.75%),"2026-08-03 #24 (+8.15%), 2026-08-04 #33 (+5.27%), 2026-08-17 #30 (+7.08%), 2026-08-20 #7 (+11.70%), 2026-09-25 #6 (+12.75%)",2026-09-25 (+12.75%),2026-09-25 (+12.75%),"2026-08-03 (+8.15%), 2026-08-04 (+5.27%), 2026-08-13 (+4.52%), 2026-08-17 (+7.08%), 2026-08-20 (+11.70%), 2026-08-31 (+4.18%), 2026-09-25 (+12.75%)",-,"2026-09-01 (-5.05%), 2026-09-04 (-5.95%), 2026-09-15 (-8.29%)","2026-08-27 (-4.63%), 2026-09-01 (-5.05%), 2026-09-04 (-5.95%), 2026-09-15 (-8.29%)",12.6,-6.82,24.45
JNKINDIA,Producer Manufacturing,Building Products,1,1,5,1,1,7,0,0,6,2026-09-29 #20 (+7.56%),2026-09-29 #20 (+7.56%),"2026-07-06 #35 (+5.68%), 2026-07-09 #16 (+9.58%), 2026-07-14 #22 (+4.90%), 2026-08-14 #8 (+10.43%), 2026-09-29 #20 (+7.56%)",2026-09-29 (+7.56%),2026-09-29 (+7.56%),"2026-07-06 (+5.68%), 2026-07-09 (+9.58%), 2026-07-14 (+4.90%), 2026-08-04 (+4.49%), 2026-08-14 (+10.43%), 2026-08-17 (+4.41%), 2026-09-29 (+7.56%)",-,-,"2026-07-07 (-4.46%), 2026-07-08 (-4.82%), 2026-07-16 (-8.99%), 2026-07-31 (-4.57%), 2026-08-03 (-6.10%), 2026-08-07 (-4.25%)",9.13,0.92,-8.31
PVP,Technology Services,Information Technology Services,0,1,5,1,5,19,4,9,10,-,2026-09-22 #47 (+5.00%),"2026-08-25 #21 (+5.68%), 2026-08-26 #10 (+9.99%), 2026-08-27 #5 (+9.99%), 2026-08-31 #43 (+5.00%), 2026-09-22 #47 (+5.00%)",2026-09-23 (+4.99%),"2026-09-03 (+5.00%), 2026-09-04 (+4.68%), 2026-09-21 (+4.99%), 2026-09-22 (+5.00%), 2026-09-23 (+4.99%)","2026-07-13 (+6.85%), 2026-08-06 (+19.60%), 2026-08-07 (+4.83%), 2026-08-13 (+7.38%), 2026-08-17 (+4.46%), 2026-08-18 (+8.62%), 2026-08-20 (+10.27%), 2026-08-21 (+5.10%), 2026-08-24 (+7.14%), 2026-08-25 (+5.68%), 2026-08-26 (+9.99%), 2026-08-27 (+9.99%), 2026-08-28 (+4.99%), 2026-08-31 (+5.00%), 2026-09-03 (+5.00%), 2026-09-04 (+4.68%), 2026-09-21 (+4.99%), 2026-09-22 (+5.00%), 2026-09-23 (+4.99%)","2026-09-24 (-4.97%), 2026-09-25 (-5.00%), 2026-09-28 (-4.99%), 2026-09-29 (-5.00%)","2026-09-01 (-4.99%), 2026-09-02 (-5.00%), 2026-09-07 (-4.09%), 2026-09-15 (-5.00%), 2026-09-16 (-4.99%), 2026-09-24 (-4.97%), 2026-09-25 (-5.00%), 2026-09-28 (-4.99%), 2026-09-29 (-5.00%)","2026-07-06 (-5.93%), 2026-09-01 (-4.99%), 2026-09-02 (-5.00%), 2026-09-07 (-4.09%), 2026-09-15 (-5.00%), 2026-09-16 (-4.99%), 2026-09-24 (-4.97%), 2026-09-25 (-5.00%), 2026-09-28 (-4.99%), 2026-09-29 (-5.00%)",-14.45,-18.36,93.59
UNIVASTU,Industrial Services,Engineering & Construction,0,1,5,0,4,16,1,4,8,-,2026-09-02 #39 (+4.99%),"2026-07-06 #43 (+5.00%), 2026-07-07 #23 (+4.57%), 2026-07-14 #42 (+3.70%), 2026-08-14 #32 (+5.00%), 2026-09-02 #39 (+4.99%)",-,"2026-09-02 (+4.99%), 2026-09-03 (+4.79%), 2026-09-17 (+5.00%), 2026-09-18 (+5.00%)","2026-07-06 (+5.00%), 2026-07-07 (+4.57%), 2026-07-10 (+4.99%), 2026-07-13 (+4.85%), 2026-07-15 (+4.17%), 2026-07-29 (+4.75%), 2026-08-11 (+5.00%), 2026-08-12 (+5.00%), 2026-08-13 (+4.99%), 2026-08-14 (+5.00%), 2026-08-17 (+4.98%), 2026-08-18 (+4.85%), 2026-09-02 (+4.99%), 2026-09-03 (+4.79%), 2026-09-17 (+5.00%), 2026-09-18 (+5.00%)",2026-09-29 (-4.64%),"2026-09-11 (-4.55%), 2026-09-15 (-4.99%), 2026-09-16 (-4.99%), 2026-09-29 (-4.64%)","2026-07-08 (-4.65%), 2026-08-07 (-4.80%), 2026-08-19 (-5.00%), 2026-08-24 (-4.13%), 2026-09-11 (-4.55%), 2026-09-15 (-4.99%), 2026-09-16 (-4.99%), 2026-09-29 (-4.64%)",-14.54,-19.47,44.29
SICALLOG,Transportation,Other Transportation,0,1,5,0,2,15,0,1,9,-,2026-09-02 #40 (+4.99%),"2026-07-07 #20 (+4.98%), 2026-07-15 #39 (+4.99%), 2026-07-28 #22 (+4.99%), 2026-07-30 #17 (+5.00%), 2026-09-02 #40 (+4.99%)",-,"2026-09-02 (+4.99%), 2026-09-03 (+5.00%)","2026-07-07 (+4.98%), 2026-07-15 (+4.99%), 2026-07-21 (+4.15%), 2026-07-27 (+5.00%), 2026-07-28 (+4.99%), 2026-07-29 (+4.20%), 2026-07-30 (+5.00%), 2026-08-06 (+4.09%), 2026-08-11 (+5.00%), 2026-08-12 (+4.33%), 2026-08-13 (+5.00%), 2026-08-26 (+4.42%), 2026-08-28 (+4.96%), 2026-09-02 (+4.99%), 2026-09-03 (+5.00%)",-,2026-09-07 (-4.05%),"2026-07-06 (-4.04%), 2026-07-08 (-4.22%), 2026-08-03 (-4.99%), 2026-08-04 (-4.99%), 2026-08-17 (-4.99%), 2026-08-24 (-5.00%), 2026-08-25 (-5.00%), 2026-08-27 (-4.85%), 2026-09-07 (-4.05%)",-4.95,-14.86,-6.85
CHEMBONDCH,Process Industries,Chemicals: Major Diversified,0,1,5,0,3,12,2,3,8,-,2026-09-11 #42 (+4.98%),"2026-07-06 #47 (+5.00%), 2026-07-07 #35 (+3.95%), 2026-07-14 #27 (+4.67%), 2026-07-20 #50 (+5.00%), 2026-09-11 #42 (+4.98%)",-,"2026-09-01 (+4.32%), 2026-09-07 (+4.99%), 2026-09-11 (+4.98%)","2026-07-06 (+5.00%), 2026-07-10 (+5.00%), 2026-07-13 (+5.00%), 2026-07-14 (+4.67%), 2026-07-20 (+5.00%), 2026-08-10 (+5.00%), 2026-08-11 (+5.00%), 2026-08-12 (+4.99%), 2026-08-20 (+4.53%), 2026-09-01 (+4.32%), 2026-09-07 (+4.99%), 2026-09-11 (+4.98%)","2026-09-28 (-4.92%), 2026-09-29 (-4.99%)","2026-09-21 (-4.05%), 2026-09-28 (-4.92%), 2026-09-29 (-4.99%)","2026-07-08 (-5.00%), 2026-07-17 (-5.00%), 2026-07-28 (-4.09%), 2026-07-30 (-4.44%), 2026-08-31 (-4.10%), 2026-09-21 (-4.05%), 2026-09-28 (-4.92%), 2026-09-29 (-4.99%)",-11.56,-13.9,3.49
STALLION,Distribution Services,Wholesale Distributors,0,1,5,0,4,11,0,1,6,-,2026-09-09 #48 (+5.00%),"2026-07-03 #38 (+5.65%), 2026-07-10 #7 (+12.50%), 2026-07-21 #6 (+13.00%), 2026-07-31 #32 (+6.50%), 2026-09-09 #48 (+5.00%)",-,"2026-09-08 (+5.00%), 2026-09-09 (+5.00%), 2026-09-10 (+4.86%), 2026-09-21 (+4.99%)","2026-07-03 (+5.65%), 2026-07-10 (+12.50%), 2026-07-21 (+13.00%), 2026-07-27 (+5.62%), 2026-07-31 (+6.50%), 2026-08-12 (+4.99%), 2026-08-17 (+4.81%), 2026-09-08 (+5.00%), 2026-09-09 (+5.00%), 2026-09-10 (+4.86%), 2026-09-21 (+4.99%)",-,2026-09-15 (-5.00%),"2026-07-24 (-4.47%), 2026-08-07 (-5.07%), 2026-08-11 (-5.00%), 2026-08-13 (-4.74%), 2026-08-14 (-4.76%), 2026-09-15 (-5.00%)",-2.94,4.07,18.49
YUKEN,Producer Manufacturing,Industrial Machinery,0,1,5,0,3,9,0,0,0,-,2026-09-16 #33 (+5.32%),"2026-08-06 #17 (+7.21%), 2026-08-18 #26 (+7.30%), 2026-08-19 #19 (+6.34%), 2026-08-28 #31 (+6.97%), 2026-09-16 #33 (+5.32%)",-,"2026-09-03 (+4.42%), 2026-09-09 (+4.95%), 2026-09-16 (+5.32%)","2026-08-05 (+4.83%), 2026-08-06 (+7.21%), 2026-08-12 (+5.09%), 2026-08-18 (+7.30%), 2026-08-19 (+6.34%), 2026-08-28 (+6.97%), 2026-09-03 (+4.42%), 2026-09-09 (+4.95%), 2026-09-16 (+5.32%)",-,-,-,-0.64,13.82,46.19
SHILPAMED,Health Technology,Pharmaceuticals: Major,0,1,5,0,3,9,0,2,3,-,2026-09-18 #41 (+6.55%),"2026-08-05 #7 (+11.96%), 2026-08-10 #29 (+6.29%), 2026-08-27 #39 (+4.77%), 2026-08-31 #40 (+5.03%), 2026-09-18 #41 (+6.55%)",-,"2026-09-02 (+4.37%), 2026-09-18 (+6.55%), 2026-09-21 (+4.87%)","2026-07-09 (+4.53%), 2026-08-05 (+11.96%), 2026-08-10 (+6.29%), 2026-08-24 (+5.01%), 2026-08-27 (+4.77%), 2026-08-31 (+5.03%), 2026-09-02 (+4.37%), 2026-09-18 (+6.55%), 2026-09-21 (+4.87%)",-,"2026-09-01 (-6.28%), 2026-09-15 (-5.12%)","2026-07-22 (-4.16%), 2026-09-01 (-6.28%), 2026-09-15 (-5.12%)",2.19,11.21,75.71
SOTL,Process Industries,Chemicals: Specialty,0,1,5,0,1,8,0,1,3,-,2026-09-01 #5 (+12.04%),"2026-07-06 #13 (+8.68%), 2026-07-23 #6 (+8.21%), 2026-08-05 #50 (+5.60%), 2026-08-06 #3 (+15.16%), 2026-09-01 #5 (+12.04%)",-,2026-09-01 (+12.04%),"2026-07-06 (+8.68%), 2026-07-09 (+5.55%), 2026-07-10 (+4.41%), 2026-07-23 (+8.21%), 2026-08-03 (+4.71%), 2026-08-05 (+5.60%), 2026-08-06 (+15.16%), 2026-09-01 (+12.04%)",-,2026-09-07 (-4.72%),"2026-07-28 (-4.57%), 2026-08-10 (-8.65%), 2026-09-07 (-4.72%)",-1.01,4.14,38.75
KENNAMET,Producer Manufacturing,Metal Fabrication,0,1,5,0,2,8,0,2,4,-,2026-09-10 #30 (+5.92%),"2026-08-07 #25 (+5.96%), 2026-08-12 #14 (+8.19%), 2026-08-21 #13 (+8.74%), 2026-08-27 #42 (+4.38%), 2026-09-10 #30 (+5.92%)",-,"2026-09-10 (+5.92%), 2026-09-17 (+4.49%)","2026-08-07 (+5.96%), 2026-08-12 (+8.19%), 2026-08-21 (+8.74%), 2026-08-24 (+4.63%), 2026-08-26 (+4.68%), 2026-08-27 (+4.38%), 2026-09-10 (+5.92%), 2026-09-17 (+4.49%)",-,"2026-09-11 (-6.87%), 2026-09-15 (-8.88%)","2026-08-14 (-4.38%), 2026-08-31 (-4.02%), 2026-09-11 (-6.87%), 2026-09-15 (-8.88%)",-7.76,-8.11,36.55
AKIKO,Finance,Finance/Rental/Leasing,0,1,5,0,1,8,1,1,4,-,2026-09-03 #28 (+6.57%),"2026-07-16 #46 (+4.38%), 2026-07-17 #23 (+4.99%), 2026-07-28 #21 (+5.00%), 2026-08-17 #38 (+6.43%), 2026-09-03 #28 (+6.57%)",-,2026-09-03 (+6.57%),"2026-07-16 (+4.38%), 2026-07-17 (+4.99%), 2026-07-20 (+5.00%), 2026-07-24 (+4.31%), 2026-07-28 (+5.00%), 2026-08-17 (+6.43%), 2026-08-18 (+4.66%), 2026-09-03 (+6.57%)",2026-09-24 (-4.10%),2026-09-24 (-4.10%),"2026-08-03 (-4.90%), 2026-08-07 (-4.76%), 2026-08-31 (-4.29%), 2026-09-24 (-4.10%)",0.0,4.44,51.24
DYCL,Producer Manufacturing,Electrical Products,0,1,5,1,2,8,1,4,7,-,2026-09-01 #12 (+9.98%),"2026-07-14 #15 (+5.74%), 2026-07-20 #3 (+15.30%), 2026-08-26 #24 (+7.16%), 2026-08-28 #14 (+8.78%), 2026-09-01 #12 (+9.98%)",2026-09-23 (+5.10%),"2026-09-01 (+9.98%), 2026-09-23 (+5.10%)","2026-07-14 (+5.74%), 2026-07-20 (+15.30%), 2026-08-10 (+5.21%), 2026-08-11 (+4.34%), 2026-08-26 (+7.16%), 2026-08-28 (+8.78%), 2026-09-01 (+9.98%), 2026-09-23 (+5.10%)",2026-09-28 (-4.77%),"2026-09-04 (-10.36%), 2026-09-07 (-5.50%), 2026-09-15 (-5.02%), 2026-09-28 (-4.77%)","2026-07-22 (-6.30%), 2026-07-28 (-4.88%), 2026-08-24 (-5.47%), 2026-09-04 (-10.36%), 2026-09-07 (-5.50%), 2026-09-15 (-5.02%), 2026-09-28 (-4.77%)",-4.37,-12.02,18.97
RAMRAT,Producer Manufacturing,Electrical Products,0,1,5,0,2,7,0,2,4,-,2026-09-17 #31 (+6.05%),"2026-08-06 #21 (+6.94%), 2026-08-12 #46 (+5.44%), 2026-08-26 #26 (+6.98%), 2026-08-27 #8 (+8.76%), 2026-09-17 #31 (+6.05%)",-,"2026-09-03 (+4.80%), 2026-09-17 (+6.05%)","2026-07-29 (+4.69%), 2026-08-06 (+6.94%), 2026-08-12 (+5.44%), 2026-08-26 (+6.98%), 2026-08-27 (+8.76%), 2026-09-03 (+4.80%), 2026-09-17 (+6.05%)",-,"2026-09-02 (-6.16%), 2026-09-07 (-5.97%)","2026-08-03 (-4.14%), 2026-08-31 (-4.76%), 2026-09-02 (-6.16%), 2026-09-07 (-5.97%)",3.74,-1.37,43.6
CGCL,Finance,Finance/Rental/Leasing,0,1,5,0,1,7,0,1,4,-,2026-09-03 #42 (+5.88%),"2026-07-09 #46 (+6.57%), 2026-07-31 #49 (+5.24%), 2026-08-26 #27 (+6.96%), 2026-08-28 #50 (+5.38%), 2026-09-03 #42 (+5.88%)",-,2026-09-03 (+5.88%),"2026-07-09 (+6.57%), 2026-07-31 (+5.24%), 2026-08-05 (+4.21%), 2026-08-24 (+4.59%), 2026-08-26 (+6.96%), 2026-08-28 (+5.38%), 2026-09-03 (+5.88%)",-,2026-09-15 (-4.10%),"2026-07-28 (-6.57%), 2026-08-07 (-4.49%), 2026-08-27 (-4.51%), 2026-09-15 (-4.10%)",-7.55,-3.73,8.4
YASHO,Consumer Non-Durables,Food: Specialty/Candy,0,1,5,2,3,7,0,1,5,-,2026-09-11 #25 (+5.74%),"2026-07-14 #32 (+3.99%), 2026-07-31 #1 (+20.00%), 2026-08-04 #8 (+12.23%), 2026-08-18 #3 (+12.69%), 2026-09-11 #25 (+5.74%)","2026-09-23 (+4.68%), 2026-09-25 (+4.71%)","2026-09-11 (+5.74%), 2026-09-23 (+4.68%), 2026-09-25 (+4.71%)","2026-07-31 (+20.00%), 2026-08-04 (+12.23%), 2026-08-18 (+12.69%), 2026-08-26 (+4.00%), 2026-09-11 (+5.74%), 2026-09-23 (+4.68%), 2026-09-25 (+4.71%)",-,2026-09-15 (-7.26%),"2026-07-23 (-4.33%), 2026-08-05 (-4.64%), 2026-08-19 (-9.05%), 2026-08-20 (-4.17%), 2026-09-15 (-7.26%)",2.57,-3.5,37.39
INOXINDIA,Producer Manufacturing,Industrial Machinery,0,1,5,1,3,7,2,3,5,-,2026-09-10 #44 (+5.05%),"2026-07-08 #30 (+3.85%), 2026-07-09 #35 (+6.95%), 2026-07-15 #23 (+6.08%), 2026-08-27 #4 (+13.04%), 2026-09-10 #44 (+5.05%)",2026-09-25 (+4.46%),"2026-09-10 (+5.05%), 2026-09-18 (+4.17%), 2026-09-25 (+4.46%)","2026-07-09 (+6.95%), 2026-07-15 (+6.08%), 2026-07-21 (+4.51%), 2026-08-27 (+13.04%), 2026-09-10 (+5.05%), 2026-09-18 (+4.17%), 2026-09-25 (+4.46%)","2026-09-24 (-4.80%), 2026-09-28 (-4.90%)","2026-09-15 (-11.30%), 2026-09-24 (-4.80%), 2026-09-28 (-4.90%)","2026-07-13 (-4.41%), 2026-07-28 (-4.52%), 2026-09-15 (-11.30%), 2026-09-24 (-4.80%), 2026-09-28 (-4.90%)",-2.97,-2.99,8.57
VSSL,Non-Energy Minerals,Steel,0,1,5,0,2,6,0,0,0,-,2026-09-10 #12 (+8.06%),"2026-07-13 #35 (+6.82%), 2026-08-05 #21 (+8.05%), 2026-08-14 #13 (+8.01%), 2026-08-26 #29 (+6.73%), 2026-09-10 #12 (+8.06%)",-,"2026-09-10 (+8.06%), 2026-09-16 (+4.30%)","2026-07-13 (+6.82%), 2026-08-05 (+8.05%), 2026-08-14 (+8.01%), 2026-08-26 (+6.73%), 2026-09-10 (+8.06%), 2026-09-16 (+4.30%)",-,-,-,-0.48,13.95,46.73
SAHYADRI,Non-Energy Minerals,Construction Materials,0,1,5,0,1,6,0,1,3,-,2026-09-04 #17 (+9.11%),"2026-07-28 #39 (+3.90%), 2026-08-03 #30 (+7.67%), 2026-08-13 #49 (+5.26%), 2026-08-17 #23 (+7.79%), 2026-09-04 #17 (+9.11%)",-,2026-09-04 (+9.11%),"2026-08-03 (+7.67%), 2026-08-06 (+4.85%), 2026-08-10 (+4.29%), 2026-08-13 (+5.26%), 2026-08-17 (+7.79%), 2026-09-04 (+9.11%)",-,2026-09-15 (-7.10%),"2026-07-08 (-5.12%), 2026-08-24 (-6.10%), 2026-09-15 (-7.10%)",-3.07,-1.97,25.34
BATLIBOI,Producer Manufacturing,Industrial Machinery,0,1,5,0,2,6,0,2,3,-,2026-09-02 #9 (+9.95%),"2026-07-21 #7 (+11.18%), 2026-08-05 #6 (+12.24%), 2026-08-06 #11 (+8.88%), 2026-08-12 #15 (+8.00%), 2026-09-02 #9 (+9.95%)",-,"2026-09-02 (+9.95%), 2026-09-21 (+4.92%)","2026-07-21 (+11.18%), 2026-08-05 (+12.24%), 2026-08-06 (+8.88%), 2026-08-12 (+8.00%), 2026-09-02 (+9.95%), 2026-09-21 (+4.92%)",-,"2026-09-03 (-5.54%), 2026-09-17 (-4.10%)","2026-08-07 (-11.24%), 2026-09-03 (-5.54%), 2026-09-17 (-4.10%)",2.75,-1.25,1.4
MARSONS,Producer Manufacturing,Electrical Products,0,1,5,0,2,6,0,4,6,-,2026-09-04 #13 (+9.58%),"2026-07-09 #10 (+10.56%), 2026-08-19 #23 (+5.92%), 2026-08-21 #32 (+6.61%), 2026-08-28 #39 (+6.08%), 2026-09-04 #13 (+9.58%)",-,"2026-09-04 (+9.58%), 2026-09-18 (+5.71%)","2026-07-09 (+10.56%), 2026-08-19 (+5.92%), 2026-08-21 (+6.61%), 2026-08-28 (+6.08%), 2026-09-04 (+9.58%), 2026-09-18 (+5.71%)",-,"2026-09-01 (-4.81%), 2026-09-07 (-6.35%), 2026-09-10 (-7.18%), 2026-09-15 (-4.67%)","2026-07-08 (-6.26%), 2026-07-14 (-5.29%), 2026-09-01 (-4.81%), 2026-09-07 (-6.35%), 2026-09-10 (-7.18%), 2026-09-15 (-4.67%)",-7.76,-9.44,3.24
FOODSIN,Consumer Non-Durables,Food: Specialty/Candy,0,1,5,0,1,5,0,0,1,-,2026-09-17 #38 (+5.41%),"2026-07-03 #15 (+9.16%), 2026-07-09 #40 (+6.73%), 2026-08-13 #50 (+5.17%), 2026-08-14 #23 (+6.06%), 2026-09-17 #38 (+5.41%)",-,2026-09-17 (+5.41%),"2026-07-03 (+9.16%), 2026-07-09 (+6.73%), 2026-08-13 (+5.17%), 2026-08-14 (+6.06%), 2026-09-17 (+5.41%)",-,-,2026-08-17 (-6.05%),-4.4,-6.39,-11.02
DMCC,Process Industries,Chemicals: Major Diversified,0,1,5,0,1,5,0,1,1,-,2026-09-18 #28 (+7.24%),"2026-07-08 #49 (+2.83%), 2026-07-31 #19 (+7.59%), 2026-08-10 #9 (+12.77%), 2026-08-28 #21 (+7.85%), 2026-09-18 #28 (+7.24%)",-,2026-09-18 (+7.24%),"2026-07-09 (+4.61%), 2026-07-31 (+7.59%), 2026-08-10 (+12.77%), 2026-08-28 (+7.85%), 2026-09-18 (+7.24%)",-,2026-09-15 (-7.67%),2026-09-15 (-7.67%),8.19,7.85,23.0
BECTORFOOD,Consumer Non-Durables,Food: Specialty/Candy,0,1,5,0,1,5,0,1,1,-,2026-09-09 #46 (+5.08%),"2026-07-16 #3 (+13.77%), 2026-07-20 #7 (+11.37%), 2026-08-07 #20 (+6.61%), 2026-08-17 #40 (+6.21%), 2026-09-09 #46 (+5.08%)",-,2026-09-09 (+5.08%),"2026-07-16 (+13.77%), 2026-07-20 (+11.37%), 2026-08-07 (+6.61%), 2026-08-17 (+6.21%), 2026-09-09 (+5.08%)",-,2026-09-15 (-7.88%),2026-09-15 (-7.88%),-4.18,-8.03,15.83
E2E,Technology Services,Information Technology Services,0,0,5,2,3,18,1,2,7,-,-,"2026-07-22 #23 (+5.00%), 2026-07-23 #26 (+4.99%), 2026-07-24 #37 (+5.00%), 2026-08-04 #46 (+5.00%), 2026-08-14 #38 (+5.00%)","2026-09-23 (+4.99%), 2026-09-29 (+4.14%)","2026-09-07 (+4.76%), 2026-09-23 (+4.99%), 2026-09-29 (+4.14%)","2026-07-09 (+4.99%), 2026-07-15 (+4.13%), 2026-07-20 (+4.99%), 2026-07-21 (+5.00%), 2026-07-22 (+5.00%), 2026-07-23 (+4.99%), 2026-07-24 (+5.00%), 2026-07-27 (+4.99%), 2026-07-31 (+4.99%), 2026-08-03 (+5.00%), 2026-08-04 (+5.00%), 2026-08-05 (+5.00%), 2026-08-10 (+4.75%), 2026-08-11 (+4.08%), 2026-08-14 (+5.00%), 2026-09-07 (+4.76%), 2026-09-23 (+4.99%), 2026-09-29 (+4.14%)",2026-09-28 (-4.03%),"2026-09-15 (-5.00%), 2026-09-28 (-4.03%)","2026-07-17 (-4.38%), 2026-07-28 (-5.00%), 2026-07-29 (-4.65%), 2026-08-07 (-4.99%), 2026-08-19 (-5.00%), 2026-09-15 (-5.00%), 2026-09-28 (-4.03%)",7.74,5.34,67.9
SHALPAINTS,Process Industries,Industrial Specialties,0,0,5,1,3,12,0,1,5,-,-,"2026-07-20 #1 (+19.98%), 2026-07-21 #2 (+17.47%), 2026-07-24 #4 (+9.98%), 2026-08-03 #3 (+19.99%), 2026-08-14 #33 (+5.00%)",2026-09-29 (+4.96%),"2026-09-03 (+5.00%), 2026-09-04 (+4.81%), 2026-09-29 (+4.96%)","2026-07-13 (+4.01%), 2026-07-20 (+19.98%), 2026-07-21 (+17.47%), 2026-07-24 (+9.98%), 2026-08-03 (+19.99%), 2026-08-05 (+4.42%), 2026-08-13 (+4.99%), 2026-08-14 (+5.00%), 2026-08-24 (+4.77%), 2026-09-03 (+5.00%), 2026-09-04 (+4.81%), 2026-09-29 (+4.96%)",-,2026-09-15 (-4.60%),"2026-07-23 (-6.58%), 2026-08-07 (-4.20%), 2026-08-18 (-5.00%), 2026-08-19 (-5.00%), 2026-09-15 (-4.60%)",0.58,-0.69,49.71
ASAHISONG,Process Industries,Chemicals: Specialty,0,0,5,0,2,11,0,0,1,-,-,"2026-07-22 #6 (+11.40%), 2026-07-23 #13 (+6.51%), 2026-07-28 #43 (+3.84%), 2026-07-30 #11 (+5.54%), 2026-08-14 #48 (+4.61%)",-,"2026-09-07 (+4.96%), 2026-09-17 (+4.94%)","2026-07-09 (+5.37%), 2026-07-13 (+5.30%), 2026-07-22 (+11.40%), 2026-07-23 (+6.51%), 2026-07-24 (+4.41%), 2026-07-30 (+5.54%), 2026-07-31 (+5.00%), 2026-08-13 (+4.99%), 2026-08-14 (+4.61%), 2026-09-07 (+4.96%), 2026-09-17 (+4.94%)",-,-,2026-08-11 (-4.99%),3.5,1.44,51.77
KAYA,Consumer Non-Durables,Household/Personal Care,0,0,5,0,4,11,1,2,6,-,-,"2026-07-22 #10 (+8.65%), 2026-07-24 #14 (+6.66%), 2026-08-12 #31 (+6.05%), 2026-08-17 #6 (+13.41%), 2026-08-20 #8 (+10.53%)",-,"2026-09-04 (+4.99%), 2026-09-07 (+4.98%), 2026-09-17 (+4.99%), 2026-09-18 (+4.99%)","2026-07-22 (+8.65%), 2026-07-24 (+6.66%), 2026-08-05 (+4.29%), 2026-08-11 (+4.42%), 2026-08-12 (+6.05%), 2026-08-17 (+13.41%), 2026-08-20 (+10.53%), 2026-09-04 (+4.99%), 2026-09-07 (+4.98%), 2026-09-17 (+4.99%), 2026-09-18 (+4.99%)",2026-09-24 (-4.32%),"2026-09-15 (-4.70%), 2026-09-24 (-4.32%)","2026-08-04 (-5.73%), 2026-08-13 (-4.53%), 2026-08-25 (-4.76%), 2026-08-27 (-4.99%), 2026-09-15 (-4.70%), 2026-09-24 (-4.32%)",-9.21,-6.16,26.86
ATHERENERG,Consumer Durables,Motor Vehicles,0,0,5,0,2,8,0,1,1,-,-,"2026-07-08 #20 (+5.21%), 2026-07-15 #14 (+7.87%), 2026-08-04 #5 (+13.96%), 2026-08-28 #18 (+8.09%), 2026-08-31 #27 (+6.27%)",-,"2026-09-10 (+4.96%), 2026-09-18 (+5.81%)","2026-07-08 (+5.21%), 2026-07-15 (+7.87%), 2026-08-04 (+13.96%), 2026-08-11 (+4.04%), 2026-08-28 (+8.09%), 2026-08-31 (+6.27%), 2026-09-10 (+4.96%), 2026-09-18 (+5.81%)",-,2026-09-15 (-5.28%),2026-09-15 (-5.28%),-8.86,-18.09,23.1
LASERPOWER,Producer Manufacturing,Electrical Products,0,0,5,1,3,8,1,2,5,-,-,"2026-07-17 #5 (+10.00%), 2026-07-24 #3 (+10.00%), 2026-07-29 #18 (+7.35%), 2026-08-13 #39 (+5.84%), 2026-08-17 #32 (+7.08%)",2026-09-23 (+4.49%),"2026-09-07 (+5.09%), 2026-09-18 (+4.37%), 2026-09-23 (+4.49%)","2026-07-17 (+10.00%), 2026-07-24 (+10.00%), 2026-07-29 (+7.35%), 2026-08-13 (+5.84%), 2026-08-17 (+7.08%), 2026-09-07 (+5.09%), 2026-09-18 (+4.37%), 2026-09-23 (+4.49%)",2026-09-24 (-4.49%),"2026-09-15 (-6.16%), 2026-09-24 (-4.49%)","2026-07-20 (-4.90%), 2026-07-28 (-6.71%), 2026-08-11 (-4.46%), 2026-09-15 (-6.16%), 2026-09-24 (-4.49%)",-1.67,-13.95,
BALAMINES,Process Industries,Chemicals: Specialty,0,0,5,1,2,8,0,2,5,-,-,"2026-07-08 #13 (+6.23%), 2026-07-09 #25 (+7.62%), 2026-08-06 #43 (+5.12%), 2026-08-24 #27 (+7.04%), 2026-08-25 #24 (+5.35%)",2026-09-23 (+6.19%),"2026-09-04 (+4.44%), 2026-09-23 (+6.19%)","2026-07-08 (+6.23%), 2026-07-09 (+7.62%), 2026-07-27 (+5.07%), 2026-08-06 (+5.12%), 2026-08-24 (+7.04%), 2026-08-25 (+5.35%), 2026-09-04 (+4.44%), 2026-09-23 (+6.19%)",-,"2026-09-09 (-4.69%), 2026-09-15 (-7.50%)","2026-07-24 (-7.44%), 2026-07-31 (-4.91%), 2026-08-03 (-5.07%), 2026-09-09 (-4.69%), 2026-09-15 (-7.50%)",0.15,-7.81,-4.0
MOL,Process Industries,Chemicals: Specialty,0,0,5,0,1,7,0,1,1,-,-,"2026-07-20 #17 (+8.17%), 2026-07-21 #19 (+7.23%), 2026-08-10 #12 (+10.97%), 2026-08-14 #12 (+9.05%), 2026-08-24 #28 (+6.92%)",-,2026-09-18 (+5.21%),"2026-07-20 (+8.17%), 2026-07-21 (+7.23%), 2026-08-10 (+10.97%), 2026-08-14 (+9.05%), 2026-08-24 (+6.92%), 2026-08-31 (+4.92%), 2026-09-18 (+5.21%)",-,2026-09-15 (-5.85%),2026-09-15 (-5.85%),-6.8,-10.43,20.67
SCPL,Consumer Non-Durables,Food: Meat/Fish/Dairy,0,0,5,0,1,7,0,0,4,-,-,"2026-07-17 #30 (+4.13%), 2026-07-21 #4 (+13.34%), 2026-07-22 #14 (+6.36%), 2026-07-31 #4 (+11.58%), 2026-08-12 #35 (+5.91%)",-,2026-09-21 (+5.00%),"2026-07-17 (+4.13%), 2026-07-21 (+13.34%), 2026-07-22 (+6.36%), 2026-07-27 (+4.98%), 2026-07-31 (+11.58%), 2026-08-12 (+5.91%), 2026-09-21 (+5.00%)",-,-,"2026-07-06 (-4.66%), 2026-07-07 (-6.64%), 2026-07-30 (-4.15%), 2026-08-24 (-4.56%)",-2.8,-0.74,18.92
AARTISURF,Process Industries,Chemicals: Major Diversified,0,0,5,0,1,7,0,1,7,-,-,"2026-08-03 #2 (+20.00%), 2026-08-04 #6 (+12.65%), 2026-08-11 #13 (+10.00%), 2026-08-12 #21 (+7.07%), 2026-08-13 #47 (+5.45%)",-,2026-09-17 (+5.00%),"2026-07-27 (+4.38%), 2026-08-03 (+20.00%), 2026-08-04 (+12.65%), 2026-08-11 (+10.00%), 2026-08-12 (+7.07%), 2026-08-13 (+5.45%), 2026-09-17 (+5.00%)",-,2026-09-09 (-4.85%),"2026-07-08 (-4.02%), 2026-07-28 (-4.68%), 2026-08-17 (-5.00%), 2026-08-18 (-4.99%), 2026-08-20 (-4.59%), 2026-08-24 (-4.99%), 2026-09-09 (-4.85%)",-4.96,-9.66,28.79
M&MFIN,Finance,Finance/Rental/Leasing,0,0,5,0,0,6,0,0,0,-,-,"2026-07-03 #45 (+5.05%), 2026-07-21 #13 (+8.46%), 2026-07-22 #11 (+8.09%), 2026-07-29 #41 (+5.42%), 2026-08-07 #43 (+5.05%)",-,-,"2026-07-03 (+5.05%), 2026-07-21 (+8.46%), 2026-07-22 (+8.09%), 2026-07-29 (+5.42%), 2026-08-03 (+5.12%), 2026-08-07 (+5.05%)",-,-,-,-6.91,-12.05,3.16
SGMART,Utilities,Electric Utilities,0,0,5,0,0,6,0,1,2,-,-,"2026-07-08 #3 (+11.51%), 2026-07-14 #18 (+5.05%), 2026-07-20 #26 (+6.61%), 2026-07-24 #24 (+5.77%), 2026-08-18 #29 (+7.00%)",-,-,"2026-07-08 (+11.51%), 2026-07-14 (+5.05%), 2026-07-20 (+6.61%), 2026-07-24 (+5.77%), 2026-08-13 (+4.12%), 2026-08-18 (+7.00%)",-,2026-09-09 (-4.52%),"2026-07-13 (-5.43%), 2026-09-09 (-4.52%)",4.73,-5.89,25.33
KECL,Producer Manufacturing,Electrical Products,0,0,5,0,0,6,1,1,4,-,-,"2026-07-16 #28 (+4.99%), 2026-07-21 #49 (+5.00%), 2026-07-27 #9 (+10.00%), 2026-07-28 #35 (+4.08%), 2026-08-05 #12 (+10.00%)",-,-,"2026-07-16 (+4.99%), 2026-07-21 (+5.00%), 2026-07-27 (+10.00%), 2026-07-28 (+4.08%), 2026-08-05 (+10.00%), 2026-08-10 (+4.64%)",2026-09-28 (-4.83%),2026-09-28 (-4.83%),"2026-07-08 (-4.79%), 2026-07-30 (-5.09%), 2026-08-17 (-4.22%), 2026-09-28 (-4.83%)",0.16,-9.96,1.47
CNL,Distribution Services,Electronics Distributors,0,0,5,0,1,6,0,3,6,-,-,"2026-07-09 #28 (+7.25%), 2026-07-13 #14 (+10.77%), 2026-07-24 #1 (+12.28%), 2026-08-05 #29 (+7.18%), 2026-08-12 #13 (+8.22%)",-,2026-09-18 (+4.47%),"2026-07-09 (+7.25%), 2026-07-13 (+10.77%), 2026-07-24 (+12.28%), 2026-08-05 (+7.18%), 2026-08-12 (+8.22%), 2026-09-18 (+4.47%)",-,"2026-09-08 (-4.99%), 2026-09-10 (-4.83%), 2026-09-15 (-4.32%)","2026-07-14 (-4.60%), 2026-07-22 (-4.13%), 2026-07-29 (-4.12%), 2026-09-08 (-4.99%), 2026-09-10 (-4.83%), 2026-09-15 (-4.32%)",-0.94,-11.63,47.8
ENTERO,Distribution Services,Medical Distributors,0,0,5,0,0,5,0,0,0,-,-,"2026-08-10 #36 (+5.83%), 2026-08-11 #19 (+8.52%), 2026-08-24 #24 (+7.46%), 2026-08-25 #14 (+6.75%), 2026-08-27 #16 (+6.40%)",-,-,"2026-08-10 (+5.83%), 2026-08-11 (+8.52%), 2026-08-24 (+7.46%), 2026-08-25 (+6.75%), 2026-08-27 (+6.40%)",-,-,-,-4.18,-2.42,48.37
RRKABEL,Producer Manufacturing,Electrical Products,0,0,5,0,0,5,0,2,4,-,-,"2026-07-13 #37 (+6.70%), 2026-07-16 #32 (+4.91%), 2026-07-22 #48 (+3.71%), 2026-07-24 #41 (+4.85%), 2026-08-05 #49 (+5.75%)",-,-,"2026-07-13 (+6.70%), 2026-07-16 (+4.91%), 2026-07-24 (+4.85%), 2026-08-05 (+5.75%), 2026-08-19 (+4.09%)",-,"2026-09-02 (-8.34%), 2026-09-04 (-6.25%)","2026-07-07 (-4.56%), 2026-07-17 (-4.60%), 2026-09-02 (-8.34%), 2026-09-04 (-6.25%)",2.05,-13.84,5.42
NEWGEN,Technology Services,Packaged Software,0,0,5,0,0,4,0,0,3,-,-,"2026-07-10 #17 (+9.30%), 2026-07-13 #6 (+14.17%), 2026-07-28 #47 (+3.78%), 2026-07-29 #26 (+6.67%), 2026-08-28 #17 (+8.43%)",-,-,"2026-07-10 (+9.30%), 2026-07-13 (+14.17%), 2026-07-29 (+6.67%), 2026-08-28 (+8.43%)",-,-,"2026-07-14 (-6.11%), 2026-07-23 (-4.57%), 2026-08-31 (-6.74%)",-4.58,-10.56,-1.64
AUGMONT,Retail Trade,Specialty Stores,2,4,4,2,4,4,0,2,2,"2026-09-28 #6 (+10.00%), 2026-09-29 #9 (+10.00%)","2026-09-02 #8 (+10.00%), 2026-09-18 #21 (+7.80%), 2026-09-28 #6 (+10.00%), 2026-09-29 #9 (+10.00%)","2026-09-02 #8 (+10.00%), 2026-09-18 #21 (+7.80%), 2026-09-28 #6 (+10.00%), 2026-09-29 #9 (+10.00%)","2026-09-28 (+10.00%), 2026-09-29 (+10.00%)","2026-09-02 (+10.00%), 2026-09-18 (+7.80%), 2026-09-28 (+10.00%), 2026-09-29 (+10.00%)","2026-09-02 (+10.00%), 2026-09-18 (+7.80%), 2026-09-28 (+10.00%), 2026-09-29 (+10.00%)",-,"2026-09-01 (-4.61%), 2026-09-15 (-6.08%)","2026-09-01 (-4.61%), 2026-09-15 (-6.08%)",24.47,16.96,
FCL,Process Industries,Industrial Specialties,1,4,4,1,4,11,1,2,6,2026-09-25 #22 (+7.87%),"2026-09-04 #31 (+6.40%), 2026-09-07 #12 (+10.00%), 2026-09-18 #23 (+7.61%), 2026-09-25 #22 (+7.87%)","2026-09-04 #31 (+6.40%), 2026-09-07 #12 (+10.00%), 2026-09-18 #23 (+7.61%), 2026-09-25 #22 (+7.87%)",2026-09-25 (+7.87%),"2026-09-04 (+6.40%), 2026-09-07 (+10.00%), 2026-09-18 (+7.61%), 2026-09-25 (+7.87%)","2026-07-15 (+9.11%), 2026-07-23 (+5.09%), 2026-07-31 (+4.21%), 2026-08-06 (+8.02%), 2026-08-14 (+4.08%), 2026-08-21 (+8.91%), 2026-08-24 (+4.62%), 2026-09-04 (+6.40%), 2026-09-07 (+10.00%), 2026-09-18 (+7.61%), 2026-09-25 (+7.87%)",2026-09-28 (-5.09%),"2026-09-15 (-6.65%), 2026-09-28 (-5.09%)","2026-07-06 (-4.37%), 2026-07-24 (-5.54%), 2026-07-30 (-4.12%), 2026-08-27 (-4.13%), 2026-09-15 (-6.65%), 2026-09-28 (-5.09%)",0.96,14.08,45.25
SHUKRAPHAR,Health Technology,Pharmaceuticals: Major,1,4,4,1,4,4,0,0,0,2026-09-28 #16 (+6.26%),"2026-09-03 #5 (+10.99%), 2026-09-15 #50 (+2.47%), 2026-09-22 #32 (+5.89%), 2026-09-28 #16 (+6.26%)","2026-09-03 #5 (+10.99%), 2026-09-15 #50 (+2.47%), 2026-09-22 #32 (+5.89%), 2026-09-28 #16 (+6.26%)",2026-09-28 (+6.26%),"2026-09-02 (+5.31%), 2026-09-03 (+10.99%), 2026-09-22 (+5.89%), 2026-09-28 (+6.26%)","2026-09-02 (+5.31%), 2026-09-03 (+10.99%), 2026-09-22 (+5.89%), 2026-09-28 (+6.26%)",-,-,-,2.92,35.84,
KMCSHIL,Health Services,Hospital/Nursing Management,1,4,4,1,4,4,0,2,2,2026-09-28 #19 (+5.82%),"2026-09-16 #4 (+10.64%), 2026-09-17 #26 (+6.68%), 2026-09-21 #39 (+6.78%), 2026-09-28 #19 (+5.82%)","2026-09-16 #4 (+10.64%), 2026-09-17 #26 (+6.68%), 2026-09-21 #39 (+6.78%), 2026-09-28 #19 (+5.82%)",2026-09-28 (+5.82%),"2026-09-16 (+10.64%), 2026-09-17 (+6.68%), 2026-09-21 (+6.78%), 2026-09-28 (+5.82%)","2026-09-16 (+10.64%), 2026-09-17 (+6.68%), 2026-09-21 (+6.78%), 2026-09-28 (+5.82%)",-,"2026-09-15 (-4.09%), 2026-09-18 (-4.13%)","2026-09-15 (-4.09%), 2026-09-18 (-4.13%)",1.48,19.52,
ASTEC,Process Industries,Chemicals: Agricultural,0,4,4,0,4,5,1,2,3,-,"2026-09-08 #4 (+20.00%), 2026-09-09 #8 (+14.82%), 2026-09-17 #3 (+14.08%), 2026-09-22 #6 (+10.43%)","2026-09-08 #4 (+20.00%), 2026-09-09 #8 (+14.82%), 2026-09-17 #3 (+14.08%), 2026-09-22 #6 (+10.43%)",-,"2026-09-08 (+20.00%), 2026-09-09 (+14.82%), 2026-09-17 (+14.08%), 2026-09-22 (+10.43%)","2026-07-31 (+4.52%), 2026-09-08 (+20.00%), 2026-09-09 (+14.82%), 2026-09-17 (+14.08%), 2026-09-22 (+10.43%)",2026-09-23 (-4.66%),"2026-09-10 (-5.94%), 2026-09-23 (-4.66%)","2026-08-03 (-4.13%), 2026-09-10 (-5.94%), 2026-09-23 (-4.66%)",-12.37,24.18,-3.56
RAYMONDREL,Finance,Real Estate Development,2,3,4,2,5,8,1,1,5,"2026-09-23 #7 (+13.90%), 2026-09-24 #22 (+5.49%)","2026-09-03 #38 (+6.07%), 2026-09-23 #7 (+13.90%), 2026-09-24 #22 (+5.49%)","2026-07-03 #24 (+6.85%), 2026-09-03 #38 (+6.07%), 2026-09-23 #7 (+13.90%), 2026-09-24 #22 (+5.49%)","2026-09-23 (+13.90%), 2026-09-24 (+5.49%)","2026-09-03 (+6.07%), 2026-09-07 (+4.64%), 2026-09-08 (+5.20%), 2026-09-23 (+13.90%), 2026-09-24 (+5.49%)","2026-07-03 (+6.85%), 2026-07-09 (+5.12%), 2026-08-03 (+4.14%), 2026-09-03 (+6.07%), 2026-09-07 (+4.64%), 2026-09-08 (+5.20%), 2026-09-23 (+13.90%), 2026-09-24 (+5.49%)",2026-09-28 (-5.39%),2026-09-28 (-5.39%),"2026-07-07 (-4.39%), 2026-08-10 (-12.02%), 2026-08-12 (-4.66%), 2026-08-31 (-4.46%), 2026-09-28 (-5.39%)",14.09,26.37,6.31
BPLPHARMA,Health Technology,Pharmaceuticals: Major,2,3,4,2,2,4,1,1,1,"2026-09-25 #1 (+20.00%), 2026-09-28 #5 (+13.27%)","2026-09-15 #49 (+2.54%), 2026-09-25 #1 (+20.00%), 2026-09-28 #5 (+13.27%)","2026-08-21 #19 (+7.91%), 2026-09-15 #49 (+2.54%), 2026-09-25 #1 (+20.00%), 2026-09-28 #5 (+13.27%)","2026-09-25 (+20.00%), 2026-09-28 (+13.27%)","2026-09-25 (+20.00%), 2026-09-28 (+13.27%)","2026-08-21 (+7.91%), 2026-08-26 (+4.67%), 2026-09-25 (+20.00%), 2026-09-28 (+13.27%)",2026-09-29 (-10.41%),2026-09-29 (-10.41%),2026-09-29 (-10.41%),25.74,26.06,
LALITHAA,Retail Trade,Specialty Stores,1,3,4,3,9,10,0,3,3,2026-09-24 #30 (+4.99%),"2026-09-03 #40 (+6.03%), 2026-09-04 #14 (+9.42%), 2026-09-24 #30 (+4.99%)","2026-08-28 #22 (+7.72%), 2026-09-03 #40 (+6.03%), 2026-09-04 #14 (+9.42%), 2026-09-24 #30 (+4.99%)","2026-09-23 (+5.00%), 2026-09-24 (+4.99%), 2026-09-29 (+5.00%)","2026-09-03 (+6.03%), 2026-09-04 (+9.42%), 2026-09-09 (+4.93%), 2026-09-18 (+4.99%), 2026-09-21 (+4.99%), 2026-09-22 (+5.00%), 2026-09-23 (+5.00%), 2026-09-24 (+4.99%), 2026-09-29 (+5.00%)","2026-08-28 (+7.72%), 2026-09-03 (+6.03%), 2026-09-04 (+9.42%), 2026-09-09 (+4.93%), 2026-09-18 (+4.99%), 2026-09-21 (+4.99%), 2026-09-22 (+5.00%), 2026-09-23 (+5.00%), 2026-09-24 (+4.99%), 2026-09-29 (+5.00%)",-,"2026-09-15 (-4.99%), 2026-09-16 (-4.99%), 2026-09-17 (-4.99%)","2026-09-15 (-4.99%), 2026-09-16 (-4.99%), 2026-09-17 (-4.99%)",11.57,45.41,
3BBLACKBIO,Process Industries,Chemicals: Agricultural,1,3,4,2,5,8,0,3,3,2026-09-28 #7 (+8.83%),"2026-09-01 #35 (+5.23%), 2026-09-21 #42 (+6.71%), 2026-09-28 #7 (+8.83%)","2026-08-28 #33 (+6.73%), 2026-09-01 #35 (+5.23%), 2026-09-21 #42 (+6.71%), 2026-09-28 #7 (+8.83%)","2026-09-23 (+4.55%), 2026-09-28 (+8.83%)","2026-09-01 (+5.23%), 2026-09-07 (+4.19%), 2026-09-21 (+6.71%), 2026-09-23 (+4.55%), 2026-09-28 (+8.83%)","2026-08-21 (+4.47%), 2026-08-24 (+4.91%), 2026-08-28 (+6.73%), 2026-09-01 (+5.23%), 2026-09-07 (+4.19%), 2026-09-21 (+6.71%), 2026-09-23 (+4.55%), 2026-09-28 (+8.83%)",-,"2026-09-08 (-4.34%), 2026-09-15 (-4.51%), 2026-09-16 (-4.66%)","2026-09-08 (-4.34%), 2026-09-15 (-4.51%), 2026-09-16 (-4.66%)",18.51,12.08,
LOKESHMACH,Technology Services,Information Technology Services,1,3,4,2,4,8,2,3,4,2026-09-23 #47 (+6.55%),"2026-09-03 #41 (+6.00%), 2026-09-16 #48 (+4.83%), 2026-09-23 #47 (+6.55%)","2026-08-31 #10 (+10.50%), 2026-09-03 #41 (+6.00%), 2026-09-16 #48 (+4.83%), 2026-09-23 #47 (+6.55%)","2026-09-23 (+6.55%), 2026-09-29 (+4.74%)","2026-09-03 (+6.00%), 2026-09-16 (+4.83%), 2026-09-23 (+6.55%), 2026-09-29 (+4.74%)","2026-07-03 (+4.98%), 2026-07-06 (+4.99%), 2026-08-28 (+4.99%), 2026-08-31 (+10.50%), 2026-09-03 (+6.00%), 2026-09-16 (+4.83%), 2026-09-23 (+6.55%), 2026-09-29 (+4.74%)","2026-09-24 (-4.55%), 2026-09-28 (-4.14%)","2026-09-15 (-4.31%), 2026-09-24 (-4.55%), 2026-09-28 (-4.14%)","2026-08-17 (-4.98%), 2026-09-15 (-4.31%), 2026-09-24 (-4.55%), 2026-09-28 (-4.14%)",1.31,-1.07,13.87
EXCELSOFT,Technology Services,Packaged Software,1,3,4,1,4,6,0,1,3,2026-09-25 #35 (+6.04%),"2026-09-09 #20 (+8.93%), 2026-09-10 #23 (+6.45%), 2026-09-25 #35 (+6.04%)","2026-08-03 #38 (+7.21%), 2026-09-09 #20 (+8.93%), 2026-09-10 #23 (+6.45%), 2026-09-25 #35 (+6.04%)",2026-09-25 (+6.04%),"2026-09-09 (+8.93%), 2026-09-10 (+6.45%), 2026-09-21 (+4.80%), 2026-09-25 (+6.04%)","2026-07-27 (+4.15%), 2026-08-03 (+7.21%), 2026-09-09 (+8.93%), 2026-09-10 (+6.45%), 2026-09-21 (+4.80%), 2026-09-25 (+6.04%)",-,2026-09-15 (-4.20%),"2026-07-08 (-4.23%), 2026-08-10 (-7.14%), 2026-09-15 (-4.20%)",0.65,19.25,1.97
ONEPOINT,Commercial Services,Miscellaneous Commercial Services,1,3,4,1,4,5,0,0,1,2026-09-23 #27 (+8.24%),"2026-09-17 #47 (+5.08%), 2026-09-22 #40 (+5.28%), 2026-09-23 #27 (+8.24%)","2026-08-07 #29 (+5.66%), 2026-09-17 #47 (+5.08%), 2026-09-22 #40 (+5.28%), 2026-09-23 #27 (+8.24%)",2026-09-23 (+8.24%),"2026-09-04 (+4.38%), 2026-09-17 (+5.08%), 2026-09-22 (+5.28%), 2026-09-23 (+8.24%)","2026-08-07 (+5.66%), 2026-09-04 (+4.38%), 2026-09-17 (+5.08%), 2026-09-22 (+5.28%), 2026-09-23 (+8.24%)",-,-,2026-07-07 (-4.92%),13.32,30.74,21.82
WOCKPHARMA,Health Technology,Pharmaceuticals: Major,1,3,4,1,4,5,0,1,3,2026-09-23 #41 (+6.60%),"2026-09-04 #24 (+7.08%), 2026-09-07 #49 (+5.71%), 2026-09-23 #41 (+6.60%)","2026-08-27 #47 (+4.25%), 2026-09-04 #24 (+7.08%), 2026-09-07 #49 (+5.71%), 2026-09-23 #41 (+6.60%)",2026-09-23 (+6.60%),"2026-09-04 (+7.08%), 2026-09-07 (+5.71%), 2026-09-21 (+4.85%), 2026-09-23 (+6.60%)","2026-08-27 (+4.25%), 2026-09-04 (+7.08%), 2026-09-07 (+5.71%), 2026-09-21 (+4.85%), 2026-09-23 (+6.60%)",-,2026-09-15 (-5.29%),"2026-08-10 (-4.44%), 2026-08-31 (-4.72%), 2026-09-15 (-5.29%)",0.4,16.48,12.52
ARROWGREEN,Process Industries,Containers/Packaging,0,3,4,0,5,8,0,0,2,-,"2026-09-02 #38 (+5.00%), 2026-09-15 #41 (+3.14%), 2026-09-16 #11 (+8.22%)","2026-07-07 #19 (+4.99%), 2026-09-02 #38 (+5.00%), 2026-09-15 #41 (+3.14%), 2026-09-16 #11 (+8.22%)",-,"2026-09-01 (+4.66%), 2026-09-02 (+5.00%), 2026-09-04 (+4.72%), 2026-09-16 (+8.22%), 2026-09-22 (+4.22%)","2026-07-07 (+4.99%), 2026-07-21 (+5.00%), 2026-08-07 (+4.73%), 2026-09-01 (+4.66%), 2026-09-02 (+5.00%), 2026-09-04 (+4.72%), 2026-09-16 (+8.22%), 2026-09-22 (+4.22%)",-,-,"2026-08-17 (-5.00%), 2026-08-18 (-5.00%)",-4.44,24.32,37.55
KAVDEFENCE,Electronic Technology,Telecommunications Equipment,0,3,4,1,5,7,1,2,2,-,"2026-09-04 #1 (+19.57%), 2026-09-10 #2 (+18.33%), 2026-09-15 #5 (+8.42%)","2026-08-10 #33 (+5.91%), 2026-09-04 #1 (+19.57%), 2026-09-10 #2 (+18.33%), 2026-09-15 #5 (+8.42%)",2026-09-23 (+4.68%),"2026-09-04 (+19.57%), 2026-09-10 (+18.33%), 2026-09-15 (+8.42%), 2026-09-21 (+4.40%), 2026-09-23 (+4.68%)","2026-08-10 (+5.91%), 2026-08-25 (+4.18%), 2026-09-04 (+19.57%), 2026-09-10 (+18.33%), 2026-09-15 (+8.42%), 2026-09-21 (+4.40%), 2026-09-23 (+4.68%)",2026-09-28 (-4.02%),"2026-09-11 (-7.28%), 2026-09-28 (-4.02%)","2026-09-11 (-7.28%), 2026-09-28 (-4.02%)",-2.26,36.81,19.77
RACLGEAR,Producer Manufacturing,Auto Parts: OEM,0,3,4,0,3,7,1,1,3,-,"2026-09-09 #31 (+6.08%), 2026-09-11 #6 (+10.61%), 2026-09-16 #28 (+5.54%)","2026-08-06 #30 (+5.88%), 2026-09-09 #31 (+6.08%), 2026-09-11 #6 (+10.61%), 2026-09-16 #28 (+5.54%)",-,"2026-09-09 (+6.08%), 2026-09-11 (+10.61%), 2026-09-16 (+5.54%)","2026-08-04 (+4.84%), 2026-08-06 (+5.88%), 2026-08-18 (+4.15%), 2026-08-21 (+5.33%), 2026-09-09 (+6.08%), 2026-09-11 (+10.61%), 2026-09-16 (+5.54%)",2026-09-28 (-4.35%),2026-09-28 (-4.35%),"2026-07-08 (-4.20%), 2026-08-10 (-6.41%), 2026-09-28 (-4.35%)",-9.64,3.44,16.13
JYOTICNC,Producer Manufacturing,Metal Fabrication,0,3,4,0,3,6,0,0,2,-,"2026-09-03 #21 (+7.45%), 2026-09-18 #33 (+7.02%), 2026-09-21 #47 (+6.11%)","2026-08-18 #17 (+8.30%), 2026-09-03 #21 (+7.45%), 2026-09-18 #33 (+7.02%), 2026-09-21 #47 (+6.11%)",-,"2026-09-03 (+7.45%), 2026-09-18 (+7.02%), 2026-09-21 (+6.11%)","2026-08-03 (+6.14%), 2026-08-18 (+8.30%), 2026-08-21 (+4.11%), 2026-09-03 (+7.45%), 2026-09-18 (+7.02%), 2026-09-21 (+6.11%)",-,-,"2026-08-07 (-9.33%), 2026-08-31 (-4.28%)",-2.31,6.47,35.84
HIKAL,Health Technology,Pharmaceuticals: Major,0,3,4,1,4,6,2,5,7,-,"2026-09-03 #1 (+19.82%), 2026-09-07 #18 (+9.31%), 2026-09-16 #26 (+5.73%)","2026-07-08 #19 (+5.23%), 2026-09-03 #1 (+19.82%), 2026-09-07 #18 (+9.31%), 2026-09-16 #26 (+5.73%)",2026-09-29 (+4.43%),"2026-09-03 (+19.82%), 2026-09-07 (+9.31%), 2026-09-16 (+5.73%), 2026-09-29 (+4.43%)","2026-07-08 (+5.23%), 2026-07-10 (+4.78%), 2026-09-03 (+19.82%), 2026-09-07 (+9.31%), 2026-09-16 (+5.73%), 2026-09-29 (+4.43%)","2026-09-24 (-7.86%), 2026-09-28 (-4.04%)","2026-09-04 (-7.51%), 2026-09-11 (-4.19%), 2026-09-15 (-5.66%), 2026-09-24 (-7.86%), 2026-09-28 (-4.04%)","2026-07-22 (-4.93%), 2026-08-06 (-4.79%), 2026-09-04 (-7.51%), 2026-09-11 (-4.19%), 2026-09-15 (-5.66%), 2026-09-24 (-7.86%), 2026-09-28 (-4.04%)",-3.94,8.26,-2.26
KOTIC,Process Industries,Chemicals: Agricultural,0,3,4,1,4,5,0,2,4,-,"2026-09-10 #3 (+11.56%), 2026-09-16 #29 (+5.52%), 2026-09-18 #46 (+6.43%)","2026-08-24 #13 (+8.95%), 2026-09-10 #3 (+11.56%), 2026-09-16 #29 (+5.52%), 2026-09-18 #46 (+6.43%)",2026-09-25 (+4.58%),"2026-09-10 (+11.56%), 2026-09-16 (+5.52%), 2026-09-18 (+6.43%), 2026-09-25 (+4.58%)","2026-08-24 (+8.95%), 2026-09-10 (+11.56%), 2026-09-16 (+5.52%), 2026-09-18 (+6.43%), 2026-09-25 (+4.58%)",-,"2026-09-11 (-11.50%), 2026-09-15 (-5.38%)","2026-08-25 (-5.70%), 2026-08-31 (-4.50%), 2026-09-11 (-11.50%), 2026-09-15 (-5.38%)",2.2,4.66,
GRAUWEIL,Process Industries,Chemicals: Specialty,0,3,4,0,3,5,1,1,4,-,"2026-09-10 #40 (+5.24%), 2026-09-17 #18 (+7.52%), 2026-09-18 #8 (+9.52%)","2026-08-21 #48 (+5.77%), 2026-09-10 #40 (+5.24%), 2026-09-17 #18 (+7.52%), 2026-09-18 #8 (+9.52%)",-,"2026-09-10 (+5.24%), 2026-09-17 (+7.52%), 2026-09-18 (+9.52%)","2026-08-21 (+5.77%), 2026-08-28 (+5.27%), 2026-09-10 (+5.24%), 2026-09-17 (+7.52%), 2026-09-18 (+9.52%)",2026-09-28 (-4.61%),2026-09-28 (-4.61%),"2026-08-04 (-8.90%), 2026-08-05 (-4.14%), 2026-08-25 (-4.84%), 2026-09-28 (-4.61%)",-0.55,15.57,0.8
NIACL,Finance,Multi-Line Insurance,0,3,4,0,3,5,1,4,5,-,"2026-09-02 #16 (+7.18%), 2026-09-04 #4 (+17.70%), 2026-09-17 #23 (+6.98%)","2026-08-05 #30 (+6.98%), 2026-09-02 #16 (+7.18%), 2026-09-04 #4 (+17.70%), 2026-09-17 #23 (+6.98%)",-,"2026-09-02 (+7.18%), 2026-09-04 (+17.70%), 2026-09-17 (+6.98%)","2026-07-31 (+4.66%), 2026-08-05 (+6.98%), 2026-09-02 (+7.18%), 2026-09-04 (+17.70%), 2026-09-17 (+6.98%)",2026-09-24 (-5.63%),"2026-09-08 (-11.24%), 2026-09-15 (-6.54%), 2026-09-18 (-4.77%), 2026-09-24 (-5.63%)","2026-07-27 (-4.41%), 2026-09-08 (-11.24%), 2026-09-15 (-6.54%), 2026-09-18 (-4.77%), 2026-09-24 (-5.63%)",-10.2,-12.0,-10.33
RSYSTEMS,Technology Services,Information Technology Services,2,2,4,2,3,6,0,0,1,"2026-09-28 #1 (+16.80%), 2026-09-29 #14 (+8.53%)","2026-09-28 #1 (+16.80%), 2026-09-29 #14 (+8.53%)","2026-07-07 #16 (+5.08%), 2026-07-23 #44 (+4.03%), 2026-09-28 #1 (+16.80%), 2026-09-29 #14 (+8.53%)","2026-09-28 (+16.80%), 2026-09-29 (+8.53%)","2026-09-01 (+4.26%), 2026-09-28 (+16.80%), 2026-09-29 (+8.53%)","2026-07-07 (+5.08%), 2026-07-23 (+4.03%), 2026-08-03 (+4.32%), 2026-09-01 (+4.26%), 2026-09-28 (+16.80%), 2026-09-29 (+8.53%)",-,-,2026-08-05 (-5.98%),24.74,21.05,33.45
INDNIPPON,Producer Manufacturing,Auto Parts: OEM,1,2,4,1,5,8,0,1,1,2026-09-24 #44 (+4.38%),"2026-09-09 #5 (+17.02%), 2026-09-24 #44 (+4.38%)","2026-07-09 #13 (+9.98%), 2026-07-13 #45 (+5.79%), 2026-09-09 #5 (+17.02%), 2026-09-24 #44 (+4.38%)",2026-09-24 (+4.38%),"2026-09-03 (+4.24%), 2026-09-04 (+4.40%), 2026-09-09 (+17.02%), 2026-09-10 (+4.24%), 2026-09-24 (+4.38%)","2026-07-09 (+9.98%), 2026-07-10 (+5.47%), 2026-07-13 (+5.79%), 2026-09-03 (+4.24%), 2026-09-04 (+4.40%), 2026-09-09 (+17.02%), 2026-09-10 (+4.24%), 2026-09-24 (+4.38%)",-,2026-09-15 (-5.88%),2026-09-15 (-5.88%),0.63,18.48,24.98
ORIRAIL,Producer Manufacturing,Building Products,1,2,4,1,3,7,0,1,2,2026-09-28 #40 (+4.15%),"2026-09-22 #13 (+9.06%), 2026-09-28 #40 (+4.15%)","2026-08-21 #6 (+10.76%), 2026-08-25 #5 (+9.92%), 2026-09-22 #13 (+9.06%), 2026-09-28 #40 (+4.15%)",2026-09-28 (+4.15%),"2026-09-04 (+4.01%), 2026-09-22 (+9.06%), 2026-09-28 (+4.15%)","2026-08-21 (+10.76%), 2026-08-24 (+4.47%), 2026-08-25 (+9.92%), 2026-08-28 (+4.06%), 2026-09-04 (+4.01%), 2026-09-22 (+9.06%), 2026-09-28 (+4.15%)",-,2026-09-15 (-4.09%),"2026-08-27 (-4.83%), 2026-09-15 (-4.09%)",-3.27,-3.91,
SHOPERSTOP,Retail Trade,Department Stores,1,2,4,1,3,5,0,0,0,2026-09-25 #11 (+10.00%),"2026-09-15 #11 (+6.14%), 2026-09-25 #11 (+10.00%)","2026-07-10 #21 (+8.22%), 2026-07-15 #44 (+4.92%), 2026-09-15 #11 (+6.14%), 2026-09-25 #11 (+10.00%)",2026-09-25 (+10.00%),"2026-09-15 (+6.14%), 2026-09-17 (+4.55%), 2026-09-25 (+10.00%)","2026-07-10 (+8.22%), 2026-07-15 (+4.92%), 2026-09-15 (+6.14%), 2026-09-17 (+4.55%), 2026-09-25 (+10.00%)",-,-,-,6.74,9.14,17.5
GUJAPOLLO,Producer Manufacturing,Trucks/Construction/Farm Machinery,1,2,4,0,1,5,0,1,1,2026-09-28 #45 (+3.75%),"2026-09-18 #18 (+8.06%), 2026-09-28 #45 (+3.75%)","2026-07-10 #46 (+5.72%), 2026-07-24 #27 (+5.50%), 2026-09-18 #18 (+8.06%), 2026-09-28 #45 (+3.75%)",-,2026-09-18 (+8.06%),"2026-07-10 (+5.72%), 2026-07-24 (+5.50%), 2026-08-03 (+5.71%), 2026-08-19 (+4.78%), 2026-09-18 (+8.06%)",-,2026-09-17 (-4.17%),2026-09-17 (-4.17%),-2.0,-2.99,-9.12
WALCHANNAG,Producer Manufacturing,Industrial Machinery,1,2,4,1,2,4,0,1,1,2026-09-23 #38 (+6.82%),"2026-09-07 #36 (+7.07%), 2026-09-23 #38 (+6.82%)","2026-07-09 #26 (+7.33%), 2026-07-30 #40 (+3.87%), 2026-09-07 #36 (+7.07%), 2026-09-23 #38 (+6.82%)",2026-09-23 (+6.82%),"2026-09-07 (+7.07%), 2026-09-23 (+6.82%)","2026-07-09 (+7.33%), 2026-07-10 (+5.18%), 2026-09-07 (+7.07%), 2026-09-23 (+6.82%)",-,2026-09-15 (-4.79%),2026-09-15 (-4.79%),2.1,-5.43,-17.63
SEDEMAC,Producer Manufacturing,Auto Parts: OEM,1,2,4,1,2,3,0,1,1,2026-09-24 #9 (+9.17%),"2026-09-16 #25 (+5.82%), 2026-09-24 #9 (+9.17%)","2026-07-22 #45 (+3.74%), 2026-08-11 #33 (+6.46%), 2026-09-16 #25 (+5.82%), 2026-09-24 #9 (+9.17%)",2026-09-24 (+9.17%),"2026-09-16 (+5.82%), 2026-09-24 (+9.17%)","2026-08-11 (+6.46%), 2026-09-16 (+5.82%), 2026-09-24 (+9.17%)",-,2026-09-02 (-4.09%),2026-09-02 (-4.09%),14.87,12.82,23.36
SAAKSHI,Producer Manufacturing,Electrical Products,0,2,4,0,5,10,0,0,2,-,"2026-09-01 #49 (+4.96%), 2026-09-15 #24 (+4.81%)","2026-07-22 #33 (+4.34%), 2026-08-14 #34 (+5.00%), 2026-09-01 #49 (+4.96%), 2026-09-15 #24 (+4.81%)",-,"2026-09-01 (+4.96%), 2026-09-08 (+4.15%), 2026-09-10 (+4.99%), 2026-09-15 (+4.81%), 2026-09-18 (+4.44%)","2026-07-09 (+4.09%), 2026-07-22 (+4.34%), 2026-08-14 (+5.00%), 2026-08-24 (+4.27%), 2026-08-28 (+5.00%), 2026-09-01 (+4.96%), 2026-09-08 (+4.15%), 2026-09-10 (+4.99%), 2026-09-15 (+4.81%), 2026-09-18 (+4.44%)",-,-,"2026-08-10 (-4.10%), 2026-08-20 (-4.13%)",-2.17,27.66,14.29
SAKAR,Health Technology,Pharmaceuticals: Major,0,2,4,0,4,9,1,1,3,-,"2026-09-01 #6 (+11.86%), 2026-09-07 #16 (+9.40%)","2026-07-14 #26 (+4.74%), 2026-08-11 #45 (+5.41%), 2026-09-01 #6 (+11.86%), 2026-09-07 #16 (+9.40%)",-,"2026-09-01 (+11.86%), 2026-09-07 (+9.40%), 2026-09-08 (+4.39%), 2026-09-18 (+4.45%)","2026-07-13 (+4.73%), 2026-07-14 (+4.74%), 2026-07-31 (+4.84%), 2026-08-03 (+4.21%), 2026-08-11 (+5.41%), 2026-09-01 (+11.86%), 2026-09-07 (+9.40%), 2026-09-08 (+4.39%), 2026-09-18 (+4.45%)",2026-09-28 (-4.07%),2026-09-28 (-4.07%),"2026-07-22 (-4.72%), 2026-08-14 (-4.61%), 2026-09-28 (-4.07%)",-5.6,29.94,34.48
KERNEX,Electronic Technology,Computer Communications,0,2,4,0,3,9,0,2,10,-,"2026-09-02 #21 (+6.25%), 2026-09-04 #36 (+6.28%)","2026-08-04 #22 (+6.19%), 2026-08-18 #15 (+8.57%), 2026-09-02 #21 (+6.25%), 2026-09-04 #36 (+6.28%)",-,"2026-09-02 (+6.25%), 2026-09-04 (+6.28%), 2026-09-17 (+4.51%)","2026-07-09 (+4.19%), 2026-07-27 (+5.26%), 2026-08-04 (+6.19%), 2026-08-05 (+5.38%), 2026-08-18 (+8.57%), 2026-08-21 (+5.31%), 2026-09-02 (+6.25%), 2026-09-04 (+6.28%), 2026-09-17 (+4.51%)",-,"2026-09-01 (-5.85%), 2026-09-15 (-4.38%)","2026-07-07 (-8.86%), 2026-07-08 (-6.92%), 2026-07-16 (-4.10%), 2026-08-06 (-4.58%), 2026-08-10 (-5.78%), 2026-08-12 (-9.08%), 2026-08-14 (-9.74%), 2026-08-17 (-13.46%), 2026-09-01 (-5.85%), 2026-09-15 (-4.38%)",-0.03,0.47,-27.0
FROG,Electronic Technology,Telecommunications Equipment,0,2,4,0,3,8,0,1,2,-,"2026-09-01 #42 (+5.00%), 2026-09-16 #7 (+9.79%)","2026-07-08 #29 (+4.24%), 2026-07-22 #24 (+4.98%), 2026-09-01 #42 (+5.00%), 2026-09-16 #7 (+9.79%)",-,"2026-09-01 (+5.00%), 2026-09-08 (+4.34%), 2026-09-16 (+9.79%)","2026-07-08 (+4.24%), 2026-07-20 (+4.98%), 2026-07-21 (+4.99%), 2026-07-22 (+4.98%), 2026-08-31 (+4.29%), 2026-09-01 (+5.00%), 2026-09-08 (+4.34%), 2026-09-16 (+9.79%)",-,2026-09-18 (-5.91%),"2026-07-13 (-4.99%), 2026-09-18 (-5.91%)",-2.76,14.76,63.06
JINDALPOLY,Process Industries,Containers/Packaging,0,2,4,0,2,7,0,0,1,-,"2026-09-01 #11 (+9.99%), 2026-09-15 #3 (+9.92%)","2026-07-08 #21 (+4.99%), 2026-08-12 #37 (+5.89%), 2026-09-01 #11 (+9.99%), 2026-09-15 #3 (+9.92%)",-,"2026-09-01 (+9.99%), 2026-09-15 (+9.92%)","2026-07-08 (+4.99%), 2026-07-09 (+5.00%), 2026-07-10 (+5.00%), 2026-08-12 (+5.89%), 2026-08-17 (+4.61%), 2026-09-01 (+9.99%), 2026-09-15 (+9.92%)",-,-,2026-07-13 (-4.27%),-6.46,6.96,9.33
SREEL,Retail Trade,Apparel/Footwear Retail,0,2,4,1,4,7,0,3,4,-,"2026-09-09 #1 (+20.00%), 2026-09-10 #15 (+7.33%)","2026-07-21 #14 (+8.22%), 2026-08-17 #19 (+8.28%), 2026-09-09 #1 (+20.00%), 2026-09-10 #15 (+7.33%)",2026-09-23 (+5.00%),"2026-09-07 (+5.23%), 2026-09-09 (+20.00%), 2026-09-10 (+7.33%), 2026-09-23 (+5.00%)","2026-07-21 (+8.22%), 2026-08-11 (+4.29%), 2026-08-17 (+8.28%), 2026-09-07 (+5.23%), 2026-09-09 (+20.00%), 2026-09-10 (+7.33%), 2026-09-23 (+5.00%)",-,"2026-09-11 (-10.00%), 2026-09-15 (-5.00%), 2026-09-16 (-5.00%)","2026-08-28 (-5.23%), 2026-09-11 (-10.00%), 2026-09-15 (-5.00%), 2026-09-16 (-5.00%)",3.2,16.57,37.78
EPACKPEB,Industrial Services,Engineering & Construction,0,2,4,0,2,7,0,1,5,-,"2026-09-09 #34 (+6.04%), 2026-09-21 #40 (+6.77%)","2026-07-09 #29 (+7.23%), 2026-08-04 #19 (+6.72%), 2026-09-09 #34 (+6.04%), 2026-09-21 #40 (+6.77%)",-,"2026-09-09 (+6.04%), 2026-09-21 (+6.77%)","2026-07-09 (+7.23%), 2026-07-13 (+4.82%), 2026-07-29 (+4.15%), 2026-08-04 (+6.72%), 2026-08-20 (+4.42%), 2026-09-09 (+6.04%), 2026-09-21 (+6.77%)",-,2026-09-15 (-7.98%),"2026-07-07 (-4.07%), 2026-07-15 (-6.95%), 2026-08-03 (-8.74%), 2026-08-12 (-4.35%), 2026-09-15 (-7.98%)",-2.8,9.75,-5.77
TNPETRO,Process Industries,Chemicals: Specialty,0,2,4,1,3,6,1,1,1,-,"2026-09-01 #13 (+9.59%), 2026-09-08 #47 (+5.66%)","2026-07-30 #32 (+4.09%), 2026-08-31 #14 (+8.44%), 2026-09-01 #13 (+9.59%), 2026-09-08 #47 (+5.66%)",2026-09-25 (+4.69%),"2026-09-01 (+9.59%), 2026-09-08 (+5.66%), 2026-09-25 (+4.69%)","2026-07-30 (+4.09%), 2026-08-11 (+4.24%), 2026-08-31 (+8.44%), 2026-09-01 (+9.59%), 2026-09-08 (+5.66%), 2026-09-25 (+4.69%)",2026-09-28 (-5.97%),2026-09-28 (-5.97%),2026-09-28 (-5.97%),-2.58,4.06,28.2
MANORAMA,Consumer Non-Durables,Food: Specialty/Candy,0,2,4,0,2,6,0,0,1,-,"2026-09-03 #15 (+8.45%), 2026-09-08 #32 (+6.45%)","2026-08-14 #14 (+7.62%), 2026-08-17 #8 (+11.88%), 2026-09-03 #15 (+8.45%), 2026-09-08 #32 (+6.45%)",-,"2026-09-03 (+8.45%), 2026-09-08 (+6.45%)","2026-07-09 (+4.53%), 2026-07-27 (+4.63%), 2026-08-14 (+7.62%), 2026-08-17 (+11.88%), 2026-09-03 (+8.45%), 2026-09-08 (+6.45%)",-,-,2026-08-11 (-4.55%),-2.49,-1.44,17.85
PWL,Commercial Services,Miscellaneous Commercial Services,0,2,4,0,4,6,1,1,2,-,"2026-09-11 #15 (+7.39%), 2026-09-18 #38 (+6.89%)","2026-07-07 #6 (+10.13%), 2026-08-07 #50 (+4.86%), 2026-09-11 #15 (+7.39%), 2026-09-18 #38 (+6.89%)",-,"2026-09-03 (+4.44%), 2026-09-04 (+4.83%), 2026-09-11 (+7.39%), 2026-09-18 (+6.89%)","2026-07-07 (+10.13%), 2026-08-07 (+4.86%), 2026-09-03 (+4.44%), 2026-09-04 (+4.83%), 2026-09-11 (+7.39%), 2026-09-18 (+6.89%)",2026-09-28 (-4.68%),2026-09-28 (-4.68%),"2026-08-13 (-4.58%), 2026-09-28 (-4.68%)",-8.21,7.61,-6.14
SATIA,Process Industries,Pulp & Paper,0,2,4,0,3,5,0,0,0,-,"2026-09-03 #45 (+5.69%), 2026-09-07 #30 (+7.62%)","2026-07-16 #5 (+12.19%), 2026-07-23 #15 (+6.14%), 2026-09-03 #45 (+5.69%), 2026-09-07 #30 (+7.62%)",-,"2026-09-03 (+5.69%), 2026-09-04 (+4.95%), 2026-09-07 (+7.62%)","2026-07-16 (+12.19%), 2026-07-23 (+6.14%), 2026-09-03 (+5.69%), 2026-09-04 (+4.95%), 2026-09-07 (+7.62%)",-,-,-,1.59,18.56,22.24
HMT,Producer Manufacturing,Industrial Machinery,0,2,4,0,3,5,0,0,1,-,"2026-09-01 #41 (+5.00%), 2026-09-02 #44 (+4.99%)","2026-07-30 #44 (+3.74%), 2026-08-25 #35 (+4.99%), 2026-09-01 #41 (+5.00%), 2026-09-02 #44 (+4.99%)",-,"2026-09-01 (+5.00%), 2026-09-02 (+4.99%), 2026-09-21 (+4.53%)","2026-08-25 (+4.99%), 2026-08-26 (+5.00%), 2026-09-01 (+5.00%), 2026-09-02 (+4.99%), 2026-09-21 (+4.53%)",-,-,2026-08-28 (-4.20%),-6.79,-2.98,-12.51
CHEMPLASTS,Process Industries,Chemicals: Major Diversified,0,2,4,0,3,5,0,0,1,-,"2026-09-07 #22 (+8.95%), 2026-09-22 #10 (+9.66%)","2026-07-23 #11 (+6.76%), 2026-08-12 #29 (+6.22%), 2026-09-07 #22 (+8.95%), 2026-09-22 #10 (+9.66%)",-,"2026-09-07 (+8.95%), 2026-09-21 (+5.65%), 2026-09-22 (+9.66%)","2026-07-23 (+6.76%), 2026-08-12 (+6.22%), 2026-09-07 (+8.95%), 2026-09-21 (+5.65%), 2026-09-22 (+9.66%)",-,-,2026-08-07 (-5.65%),-3.18,8.97,-9.56
SOLARA,Health Technology,Pharmaceuticals: Major,0,2,4,0,3,5,0,1,3,-,"2026-09-07 #21 (+9.06%), 2026-09-11 #22 (+5.92%)","2026-08-18 #18 (+7.85%), 2026-08-20 #4 (+16.35%), 2026-09-07 #21 (+9.06%), 2026-09-11 #22 (+5.92%)",-,"2026-09-07 (+9.06%), 2026-09-11 (+5.92%), 2026-09-17 (+4.24%)","2026-08-18 (+7.85%), 2026-08-20 (+16.35%), 2026-09-07 (+9.06%), 2026-09-11 (+5.92%), 2026-09-17 (+4.24%)",-,2026-09-15 (-4.45%),"2026-07-22 (-4.05%), 2026-07-24 (-6.07%), 2026-09-15 (-4.45%)",0.71,18.53,31.1
SHREEPUSHK,Process Industries,Chemicals: Specialty,0,2,4,0,1,5,0,0,3,-,"2026-09-07 #27 (+8.34%), 2026-09-15 #44 (+2.99%)","2026-08-24 #33 (+6.42%), 2026-08-25 #16 (+6.37%), 2026-09-07 #27 (+8.34%), 2026-09-15 #44 (+2.99%)",-,2026-09-07 (+8.34%),"2026-08-20 (+5.40%), 2026-08-24 (+6.42%), 2026-08-25 (+6.37%), 2026-08-31 (+4.23%), 2026-09-07 (+8.34%)",-,-,"2026-07-22 (-4.32%), 2026-08-07 (-4.16%), 2026-08-13 (-7.71%)",-4.73,2.42,20.69
SAMHI,Consumer Services,Hotels/Resorts/Cruise lines,0,2,4,0,2,3,1,1,2,-,"2026-09-10 #43 (+5.10%), 2026-09-16 #45 (+4.94%)","2026-07-23 #50 (+3.79%), 2026-07-24 #49 (+4.59%), 2026-09-10 #43 (+5.10%), 2026-09-16 #45 (+4.94%)",-,"2026-09-10 (+5.10%), 2026-09-16 (+4.94%)","2026-07-24 (+4.59%), 2026-09-10 (+5.10%), 2026-09-16 (+4.94%)",2026-09-28 (-5.67%),2026-09-28 (-5.67%),"2026-08-04 (-5.47%), 2026-09-28 (-5.67%)",-6.38,-4.49,-14.96
BLISSGVS,Health Technology,Pharmaceuticals: Major,1,1,4,1,4,11,0,2,5,2026-09-28 #38 (+4.68%),2026-09-28 #38 (+4.68%),"2026-07-07 #27 (+4.36%), 2026-08-04 #49 (+5.00%), 2026-08-19 #45 (+5.00%), 2026-09-28 #38 (+4.68%)",2026-09-28 (+4.68%),"2026-09-04 (+4.95%), 2026-09-08 (+4.48%), 2026-09-22 (+5.00%), 2026-09-28 (+4.68%)","2026-07-07 (+4.36%), 2026-08-04 (+5.00%), 2026-08-13 (+4.99%), 2026-08-18 (+5.00%), 2026-08-19 (+5.00%), 2026-08-28 (+5.00%), 2026-08-31 (+4.87%), 2026-09-04 (+4.95%), 2026-09-08 (+4.48%), 2026-09-22 (+5.00%), 2026-09-28 (+4.68%)",-,"2026-09-09 (-4.08%), 2026-09-15 (-4.99%)","2026-07-03 (-4.01%), 2026-07-17 (-4.25%), 2026-07-22 (-4.17%), 2026-09-09 (-4.08%), 2026-09-15 (-4.99%)",2.35,15.27,34.87
PGIL,Consumer Non-Durables,Apparel/Footwear,1,1,4,2,5,8,0,1,1,2026-09-23 #23 (+8.86%),2026-09-23 #23 (+8.86%),"2026-08-06 #36 (+5.56%), 2026-08-07 #6 (+10.92%), 2026-08-31 #25 (+6.46%), 2026-09-23 #23 (+8.86%)","2026-09-23 (+8.86%), 2026-09-25 (+4.36%)","2026-09-08 (+4.86%), 2026-09-10 (+4.41%), 2026-09-22 (+4.96%), 2026-09-23 (+8.86%), 2026-09-25 (+4.36%)","2026-08-06 (+5.56%), 2026-08-07 (+10.92%), 2026-08-31 (+6.46%), 2026-09-08 (+4.86%), 2026-09-10 (+4.41%), 2026-09-22 (+4.96%), 2026-09-23 (+8.86%), 2026-09-25 (+4.36%)",-,2026-09-01 (-4.70%),2026-09-01 (-4.70%),7.99,4.75,24.37
MAHASTEEL,Non-Energy Minerals,Steel,1,1,4,2,2,7,0,5,9,2026-09-24 #40 (+4.76%),2026-09-24 #40 (+4.76%),"2026-07-28 #15 (+6.68%), 2026-07-29 #10 (+10.36%), 2026-07-30 #7 (+6.69%), 2026-09-24 #40 (+4.76%)","2026-09-23 (+4.99%), 2026-09-24 (+4.76%)","2026-09-23 (+4.99%), 2026-09-24 (+4.76%)","2026-07-28 (+6.68%), 2026-07-29 (+10.36%), 2026-07-30 (+6.69%), 2026-08-04 (+4.65%), 2026-08-28 (+4.64%), 2026-09-23 (+4.99%), 2026-09-24 (+4.76%)",-,"2026-09-02 (-5.00%), 2026-09-03 (-5.00%), 2026-09-11 (-4.17%), 2026-09-17 (-5.00%), 2026-09-18 (-4.99%)","2026-07-06 (-4.15%), 2026-07-17 (-5.00%), 2026-08-06 (-4.90%), 2026-08-12 (-4.31%), 2026-09-02 (-5.00%), 2026-09-03 (-5.00%), 2026-09-11 (-4.17%), 2026-09-17 (-5.00%), 2026-09-18 (-4.99%)",9.06,-9.63,57.22
FAIRCHEMOR,Process Industries,Chemicals: Specialty,1,1,4,1,1,6,0,0,1,2026-09-24 #34 (+4.99%),2026-09-24 #34 (+4.99%),"2026-07-22 #25 (+4.93%), 2026-07-23 #30 (+4.90%), 2026-07-28 #20 (+5.00%), 2026-09-24 #34 (+4.99%)",2026-09-24 (+4.99%),2026-09-24 (+4.99%),"2026-07-09 (+4.63%), 2026-07-22 (+4.93%), 2026-07-23 (+4.90%), 2026-07-27 (+5.00%), 2026-07-28 (+5.00%), 2026-09-24 (+4.99%)",-,-,2026-07-15 (-4.23%),5.98,-0.78,-7.82
GNA,Producer Manufacturing,Auto Parts: OEM,1,1,4,1,2,6,0,0,2,2026-09-24 #48 (+3.99%),2026-09-24 #48 (+3.99%),"2026-07-13 #11 (+11.33%), 2026-07-14 #20 (+5.00%), 2026-07-16 #12 (+7.66%), 2026-09-24 #48 (+3.99%)",2026-09-23 (+6.23%),"2026-09-18 (+4.10%), 2026-09-23 (+6.23%)","2026-07-13 (+11.33%), 2026-07-14 (+5.00%), 2026-07-16 (+7.66%), 2026-07-29 (+4.15%), 2026-09-18 (+4.10%), 2026-09-23 (+6.23%)",-,-,"2026-07-17 (-4.21%), 2026-07-20 (-10.41%)",5.72,9.98,26.41
UNICHEMLAB,Health Technology,Pharmaceuticals: Major,1,1,4,2,2,6,0,0,3,2026-09-29 #36 (+5.97%),2026-09-29 #36 (+5.97%),"2026-07-08 #1 (+20.00%), 2026-07-09 #5 (+13.60%), 2026-08-11 #7 (+13.14%), 2026-09-29 #36 (+5.97%)","2026-09-23 (+6.39%), 2026-09-29 (+5.97%)","2026-09-23 (+6.39%), 2026-09-29 (+5.97%)","2026-07-08 (+20.00%), 2026-07-09 (+13.60%), 2026-08-11 (+13.14%), 2026-08-28 (+4.54%), 2026-09-23 (+6.39%), 2026-09-29 (+5.97%)",-,-,"2026-07-13 (-6.54%), 2026-07-22 (-9.96%), 2026-08-12 (-5.03%)",5.5,2.13,22.07
ORBTEXP,Process Industries,Textiles,1,1,4,1,1,6,0,1,5,2026-09-29 #3 (+15.35%),2026-09-29 #3 (+15.35%),"2026-07-03 #47 (+5.00%), 2026-07-23 #23 (+5.00%), 2026-07-24 #45 (+4.72%), 2026-09-29 #3 (+15.35%)",2026-09-29 (+15.35%),2026-09-29 (+15.35%),"2026-07-03 (+5.00%), 2026-07-23 (+5.00%), 2026-07-24 (+4.72%), 2026-08-10 (+5.00%), 2026-08-24 (+4.28%), 2026-09-29 (+15.35%)",-,2026-09-16 (-4.19%),"2026-07-17 (-4.08%), 2026-08-12 (-5.00%), 2026-08-13 (-5.00%), 2026-08-14 (-4.84%), 2026-09-16 (-4.19%)",14.76,7.55,21.54
CLEANMAX,Utilities,Alternative Power Generation,1,1,4,1,2,6,1,2,5,2026-09-23 #44 (+6.58%),2026-09-23 #44 (+6.58%),"2026-07-20 #34 (+5.89%), 2026-07-23 #47 (+3.95%), 2026-08-27 #9 (+7.81%), 2026-09-23 #44 (+6.58%)",2026-09-23 (+6.58%),"2026-09-21 (+4.78%), 2026-09-23 (+6.58%)","2026-07-09 (+5.76%), 2026-07-20 (+5.89%), 2026-08-05 (+4.08%), 2026-08-27 (+7.81%), 2026-09-21 (+4.78%), 2026-09-23 (+6.58%)",2026-09-24 (-4.96%),"2026-09-15 (-7.65%), 2026-09-24 (-4.96%)","2026-07-03 (-6.36%), 2026-07-28 (-8.47%), 2026-08-26 (-4.17%), 2026-09-15 (-7.65%), 2026-09-24 (-4.96%)",1.09,10.87,3.0
ARTEMISMED,Health Services,Hospital/Nursing Management,1,1,4,1,2,5,0,1,1,2026-09-25 #27 (+7.51%),2026-09-25 #27 (+7.51%),"2026-07-06 #32 (+6.18%), 2026-07-29 #16 (+7.72%), 2026-08-05 #33 (+6.76%), 2026-09-25 #27 (+7.51%)",2026-09-25 (+7.51%),"2026-09-04 (+4.05%), 2026-09-25 (+7.51%)","2026-07-06 (+6.18%), 2026-07-29 (+7.72%), 2026-08-05 (+6.76%), 2026-09-04 (+4.05%), 2026-09-25 (+7.51%)",-,2026-09-15 (-4.16%),2026-09-15 (-4.16%),7.55,14.83,39.63
SMCGLOBAL,Finance,Investment Banks/Brokers,1,1,4,2,3,5,1,2,2,2026-09-28 #4 (+13.59%),2026-09-28 #4 (+13.59%),"2026-07-10 #37 (+6.56%), 2026-07-14 #37 (+3.80%), 2026-07-28 #25 (+4.67%), 2026-09-28 #4 (+13.59%)","2026-09-23 (+5.71%), 2026-09-28 (+13.59%)","2026-09-07 (+4.55%), 2026-09-23 (+5.71%), 2026-09-28 (+13.59%)","2026-07-10 (+6.56%), 2026-07-28 (+4.67%), 2026-09-07 (+4.55%), 2026-09-23 (+5.71%), 2026-09-28 (+13.59%)",2026-09-29 (-4.37%),"2026-09-15 (-4.72%), 2026-09-29 (-4.37%)","2026-09-15 (-4.72%), 2026-09-29 (-4.37%)",12.8,17.28,31.12
DBOL,Process Industries,Agricultural Commodities/Milling,1,1,4,1,1,5,0,1,2,2026-09-25 #21 (+7.99%),2026-09-25 #21 (+7.99%),"2026-07-17 #46 (+3.18%), 2026-08-04 #39 (+5.09%), 2026-08-19 #21 (+5.96%), 2026-09-25 #21 (+7.99%)",2026-09-25 (+7.99%),2026-09-25 (+7.99%),"2026-08-03 (+5.14%), 2026-08-04 (+5.09%), 2026-08-19 (+5.96%), 2026-08-20 (+4.91%), 2026-09-25 (+7.99%)",-,2026-09-15 (-4.46%),"2026-07-15 (-4.71%), 2026-09-15 (-4.46%)",8.43,-2.16,10.44
SAURASHCEM,Non-Energy Minerals,Construction Materials,1,1,4,1,1,5,1,1,3,2026-09-25 #43 (+5.61%),2026-09-25 #43 (+5.61%),"2026-07-16 #4 (+12.52%), 2026-07-31 #35 (+6.36%), 2026-08-05 #10 (+10.25%), 2026-09-25 #43 (+5.61%)",2026-09-25 (+5.61%),2026-09-25 (+5.61%),"2026-07-16 (+12.52%), 2026-07-27 (+4.08%), 2026-07-31 (+6.36%), 2026-08-05 (+10.25%), 2026-09-25 (+5.61%)",2026-09-28 (-4.25%),2026-09-28 (-4.25%),"2026-07-08 (-4.90%), 2026-08-07 (-9.85%), 2026-09-28 (-4.25%)",1.79,-3.08,-3.27
LORDSCHLO,Process Industries,Chemicals: Specialty,1,1,4,1,1,5,1,3,7,2026-09-25 #10 (+10.19%),2026-09-25 #10 (+10.19%),"2026-07-06 #41 (+5.15%), 2026-07-17 #12 (+7.18%), 2026-07-27 #43 (+5.91%), 2026-09-25 #10 (+10.19%)",2026-09-25 (+10.19%),2026-09-25 (+10.19%),"2026-07-06 (+5.15%), 2026-07-17 (+7.18%), 2026-07-21 (+4.19%), 2026-07-27 (+5.91%), 2026-09-25 (+10.19%)",2026-09-29 (-5.30%),"2026-09-07 (-5.23%), 2026-09-15 (-4.77%), 2026-09-29 (-5.30%)","2026-07-08 (-4.13%), 2026-07-28 (-4.36%), 2026-07-29 (-5.63%), 2026-08-18 (-4.69%), 2026-09-07 (-5.23%), 2026-09-15 (-4.77%), 2026-09-29 (-5.30%)",1.48,3.22,4.4
JINDRILL,Industrial Services,Contract Drilling,1,1,4,1,2,4,0,1,2,2026-09-28 #22 (+5.40%),2026-09-28 #22 (+5.40%),"2026-07-08 #4 (+11.26%), 2026-07-30 #38 (+3.89%), 2026-08-18 #6 (+11.08%), 2026-09-28 #22 (+5.40%)",2026-09-28 (+5.40%),"2026-09-02 (+4.30%), 2026-09-28 (+5.40%)","2026-07-08 (+11.26%), 2026-08-18 (+11.08%), 2026-09-02 (+4.30%), 2026-09-28 (+5.40%)",-,2026-09-15 (-5.46%),"2026-08-10 (-5.43%), 2026-09-15 (-5.46%)",2.09,-3.3,8.52
PFOCUS,Consumer Services,Movies/Entertainment,0,1,4,0,3,11,2,2,4,-,2026-09-15 #47 (+2.62%),"2026-07-16 #7 (+9.84%), 2026-07-29 #23 (+6.74%), 2026-08-18 #23 (+7.45%), 2026-09-15 #47 (+2.62%)",-,"2026-09-03 (+4.03%), 2026-09-04 (+5.26%), 2026-09-17 (+4.52%)","2026-07-09 (+4.57%), 2026-07-10 (+5.00%), 2026-07-13 (+5.00%), 2026-07-16 (+9.84%), 2026-07-29 (+6.74%), 2026-08-03 (+4.05%), 2026-08-18 (+7.45%), 2026-08-21 (+5.08%), 2026-09-03 (+4.03%), 2026-09-04 (+5.26%), 2026-09-17 (+4.52%)","2026-09-23 (-5.68%), 2026-09-24 (-5.46%)","2026-09-23 (-5.68%), 2026-09-24 (-5.46%)","2026-07-30 (-5.98%), 2026-08-12 (-4.81%), 2026-09-23 (-5.68%), 2026-09-24 (-5.46%)",-11.18,10.51,30.51
VINCOFE,Distribution Services,Wholesale Distributors,0,1,4,1,3,9,0,2,4,-,2026-09-17 #42 (+5.20%),"2026-07-07 #17 (+5.05%), 2026-08-21 #49 (+5.71%), 2026-08-27 #15 (+6.44%), 2026-09-17 #42 (+5.20%)",2026-09-23 (+5.51%),"2026-09-07 (+4.82%), 2026-09-17 (+5.20%), 2026-09-23 (+5.51%)","2026-07-07 (+5.05%), 2026-07-09 (+5.31%), 2026-07-27 (+4.28%), 2026-08-21 (+5.71%), 2026-08-27 (+6.44%), 2026-08-31 (+4.38%), 2026-09-07 (+4.82%), 2026-09-17 (+5.20%), 2026-09-23 (+5.51%)",-,"2026-09-01 (-4.80%), 2026-09-15 (-4.48%)","2026-07-29 (-5.42%), 2026-07-30 (-4.54%), 2026-09-01 (-4.80%), 2026-09-15 (-4.48%)",4.8,-1.73,16.24
KIRIINDUS,Process Industries,Chemicals: Specialty,0,1,4,1,4,9,0,2,4,-,2026-09-03 #7 (+10.56%),"2026-08-19 #26 (+5.47%), 2026-08-20 #28 (+6.96%), 2026-08-31 #20 (+7.71%), 2026-09-03 #7 (+10.56%)",2026-09-23 (+5.97%),"2026-09-03 (+10.56%), 2026-09-07 (+4.31%), 2026-09-17 (+4.29%), 2026-09-23 (+5.97%)","2026-08-06 (+4.14%), 2026-08-19 (+5.47%), 2026-08-20 (+6.96%), 2026-08-24 (+5.13%), 2026-08-31 (+7.71%), 2026-09-03 (+10.56%), 2026-09-07 (+4.31%), 2026-09-17 (+4.29%), 2026-09-23 (+5.97%)",-,"2026-09-09 (-6.35%), 2026-09-10 (-5.02%)","2026-08-13 (-4.56%), 2026-08-27 (-6.80%), 2026-09-09 (-6.35%), 2026-09-10 (-5.02%)",0.55,2.36,42.79
PRECWIRE,Producer Manufacturing,Electrical Products,0,1,4,1,3,9,1,2,6,-,2026-09-18 #44 (+6.49%),"2026-08-05 #26 (+7.42%), 2026-08-13 #6 (+10.98%), 2026-08-28 #1 (+20.00%), 2026-09-18 #44 (+6.49%)",2026-09-29 (+4.06%),"2026-09-08 (+4.18%), 2026-09-18 (+6.49%), 2026-09-29 (+4.06%)","2026-07-31 (+5.17%), 2026-08-05 (+7.42%), 2026-08-10 (+4.71%), 2026-08-13 (+10.98%), 2026-08-26 (+4.98%), 2026-08-28 (+20.00%), 2026-09-08 (+4.18%), 2026-09-18 (+6.49%), 2026-09-29 (+4.06%)",2026-09-28 (-4.37%),"2026-09-15 (-4.86%), 2026-09-28 (-4.37%)","2026-07-17 (-4.83%), 2026-08-11 (-4.41%), 2026-08-19 (-6.22%), 2026-08-25 (-4.03%), 2026-09-15 (-4.86%), 2026-09-28 (-4.37%)",1.84,-1.08,23.39
CONFIPET,Retail Trade,Specialty Stores,0,1,4,0,2,8,0,0,4,-,2026-09-09 #18 (+9.90%),"2026-07-10 #47 (+5.71%), 2026-07-24 #32 (+5.17%), 2026-08-25 #8 (+7.92%), 2026-09-09 #18 (+9.90%)",-,"2026-09-09 (+9.90%), 2026-09-18 (+5.98%)","2026-07-09 (+4.37%), 2026-07-10 (+5.71%), 2026-07-20 (+4.84%), 2026-07-24 (+5.17%), 2026-08-03 (+5.16%), 2026-08-25 (+7.92%), 2026-09-09 (+9.90%), 2026-09-18 (+5.98%)",-,-,"2026-07-03 (-4.20%), 2026-07-28 (-4.38%), 2026-08-11 (-5.22%), 2026-08-12 (-5.87%)",0.5,7.15,12.62
SEJALLTD,Process Industries,Industrial Specialties,0,1,4,1,5,8,0,3,5,-,2026-09-16 #37 (+5.00%),"2026-07-17 #50 (+3.13%), 2026-07-23 #29 (+4.92%), 2026-08-31 #42 (+5.00%), 2026-09-16 #37 (+5.00%)",2026-09-23 (+5.00%),"2026-09-10 (+4.09%), 2026-09-16 (+5.00%), 2026-09-17 (+5.00%), 2026-09-18 (+4.80%), 2026-09-23 (+5.00%)","2026-07-10 (+4.70%), 2026-07-23 (+4.92%), 2026-08-31 (+5.00%), 2026-09-10 (+4.09%), 2026-09-16 (+5.00%), 2026-09-17 (+5.00%), 2026-09-18 (+4.80%), 2026-09-23 (+5.00%)",-,"2026-09-01 (-4.48%), 2026-09-15 (-4.32%), 2026-09-21 (-4.97%)","2026-07-08 (-4.77%), 2026-07-14 (-4.44%), 2026-09-01 (-4.48%), 2026-09-15 (-4.32%), 2026-09-21 (-4.97%)",-2.63,-8.24,-13.45
MATRIMONY,Technology Services,Internet Software/Services,0,1,4,0,1,7,0,0,0,-,2026-09-16 #16 (+7.15%),"2026-07-06 #36 (+5.64%), 2026-08-07 #15 (+7.35%), 2026-08-11 #9 (+11.81%), 2026-09-16 #16 (+7.15%)",-,2026-09-16 (+7.15%),"2026-07-06 (+5.64%), 2026-07-10 (+4.67%), 2026-07-15 (+4.40%), 2026-08-06 (+4.76%), 2026-08-07 (+7.35%), 2026-08-11 (+11.81%), 2026-09-16 (+7.15%)",-,-,-,-5.72,0.83,27.74
PAUSHAKLTD,Process Industries,Chemicals: Major Diversified,0,1,4,0,2,7,0,1,1,-,2026-09-01 #30 (+5.75%),"2026-07-30 #41 (+3.87%), 2026-08-04 #7 (+12.62%), 2026-08-13 #26 (+6.91%), 2026-09-01 #30 (+5.75%)",-,"2026-09-01 (+5.75%), 2026-09-16 (+4.77%)","2026-07-09 (+4.27%), 2026-07-31 (+4.08%), 2026-08-04 (+12.62%), 2026-08-13 (+6.91%), 2026-08-28 (+5.22%), 2026-09-01 (+5.75%), 2026-09-16 (+4.77%)",-,2026-09-15 (-6.41%),2026-09-15 (-6.41%),-4.66,-11.84,19.94
PARAGMILK,Consumer Non-Durables,Food: Meat/Fish/Dairy,0,1,4,1,3,7,0,1,2,-,2026-09-16 #19 (+6.72%),"2026-08-21 #14 (+8.44%), 2026-08-24 #31 (+6.71%), 2026-08-31 #22 (+7.06%), 2026-09-16 #19 (+6.72%)",2026-09-25 (+4.06%),"2026-09-10 (+4.44%), 2026-09-16 (+6.72%), 2026-09-25 (+4.06%)","2026-08-03 (+5.21%), 2026-08-21 (+8.44%), 2026-08-24 (+6.71%), 2026-08-31 (+7.06%), 2026-09-10 (+4.44%), 2026-09-16 (+6.72%), 2026-09-25 (+4.06%)",-,2026-09-15 (-6.09%),"2026-07-22 (-4.47%), 2026-09-15 (-6.09%)",-3.88,5.55,14.8
GABRIEL,Producer Manufacturing,Auto Parts: OEM,0,1,4,0,1,7,0,0,2,-,2026-09-22 #4 (+14.04%),"2026-07-15 #11 (+8.48%), 2026-07-21 #24 (+6.47%), 2026-08-31 #38 (+5.14%), 2026-09-22 #4 (+14.04%)",-,2026-09-22 (+14.04%),"2026-07-15 (+8.48%), 2026-07-20 (+4.59%), 2026-07-21 (+6.47%), 2026-07-27 (+5.45%), 2026-08-03 (+5.94%), 2026-08-31 (+5.14%), 2026-09-22 (+14.04%)",-,-,"2026-07-22 (-4.29%), 2026-08-24 (-4.34%)",-11.38,-9.32,4.98
SONATSOFTW,Technology Services,Information Technology Services,0,1,4,0,1,7,1,1,3,-,2026-09-15 #12 (+5.81%),"2026-07-13 #15 (+10.76%), 2026-07-29 #27 (+6.65%), 2026-08-03 #36 (+7.26%), 2026-09-15 #12 (+5.81%)",-,2026-09-15 (+5.81%),"2026-07-13 (+10.76%), 2026-07-29 (+6.65%), 2026-07-31 (+4.39%), 2026-08-03 (+7.26%), 2026-08-11 (+4.31%), 2026-08-28 (+5.22%), 2026-09-15 (+5.81%)",2026-09-29 (-4.82%),2026-09-29 (-4.82%),"2026-08-07 (-4.19%), 2026-08-31 (-4.12%), 2026-09-29 (-4.82%)",-8.3,-10.68,-4.69
RBA,Consumer Services,Restaurants,0,1,4,0,1,7,1,1,3,-,2026-09-09 #43 (+5.19%),"2026-08-04 #1 (+20.00%), 2026-08-07 #40 (+5.17%), 2026-08-18 #33 (+6.78%), 2026-09-09 #43 (+5.19%)",-,2026-09-09 (+5.19%),"2026-08-03 (+6.18%), 2026-08-04 (+20.00%), 2026-08-07 (+5.17%), 2026-08-13 (+4.83%), 2026-08-18 (+6.78%), 2026-08-20 (+4.11%), 2026-09-09 (+5.19%)",2026-09-24 (-4.44%),2026-09-24 (-4.44%),"2026-08-10 (-4.94%), 2026-08-19 (-4.97%), 2026-09-24 (-4.44%)",-1.77,-6.24,18.59
CHENNPETRO,Energy Minerals,Oil Refining/Marketing,0,1,4,0,1,7,0,1,3,-,2026-09-09 #14 (+10.06%),"2026-07-16 #14 (+7.22%), 2026-07-22 #43 (+3.95%), 2026-08-11 #3 (+15.00%), 2026-09-09 #14 (+10.06%)",-,2026-09-09 (+10.06%),"2026-07-10 (+5.26%), 2026-07-15 (+4.17%), 2026-07-16 (+7.22%), 2026-08-03 (+5.15%), 2026-08-11 (+15.00%), 2026-08-17 (+4.58%), 2026-09-09 (+10.06%)",-,2026-09-15 (-6.43%),"2026-07-14 (-4.06%), 2026-07-24 (-4.32%), 2026-09-15 (-6.43%)",3.23,5.08,26.7
AGASTYAEN,Process Industries,Chemicals: Specialty,0,1,4,0,1,7,0,0,5,-,2026-09-01 #48 (+4.98%),"2026-08-19 #47 (+4.99%), 2026-08-27 #35 (+4.96%), 2026-08-31 #48 (+4.99%), 2026-09-01 #48 (+4.98%)",-,2026-09-01 (+4.98%),"2026-08-17 (+5.00%), 2026-08-18 (+4.99%), 2026-08-19 (+4.99%), 2026-08-27 (+4.96%), 2026-08-28 (+4.98%), 2026-08-31 (+4.99%), 2026-09-01 (+4.98%)",-,-,"2026-08-20 (-4.99%), 2026-08-21 (-4.98%), 2026-08-24 (-5.00%), 2026-08-25 (-5.00%), 2026-08-26 (-4.99%)",-5.88,30.5,57.83
PCCL,Process Industries,Industrial Specialties,0,1,4,0,1,6,0,0,0,-,2026-09-03 #46 (+5.69%),"2026-07-24 #26 (+5.53%), 2026-07-30 #42 (+3.82%), 2026-08-27 #17 (+6.32%), 2026-09-03 #46 (+5.69%)",-,2026-09-03 (+5.69%),"2026-07-09 (+4.70%), 2026-07-24 (+5.53%), 2026-08-03 (+5.02%), 2026-08-19 (+4.87%), 2026-08-27 (+6.32%), 2026-09-03 (+5.69%)",-,-,-,-0.63,17.83,89.83
ARIES,Process Industries,Chemicals: Agricultural,0,1,4,0,1,6,0,0,0,-,2026-09-02 #14 (+7.95%),"2026-08-12 #6 (+11.68%), 2026-08-14 #16 (+7.10%), 2026-08-26 #8 (+12.75%), 2026-09-02 #14 (+7.95%)",-,2026-09-02 (+7.95%),"2026-08-12 (+11.68%), 2026-08-14 (+7.10%), 2026-08-17 (+5.11%), 2026-08-21 (+4.05%), 2026-08-26 (+12.75%), 2026-09-02 (+7.95%)",-,-,-,1.03,-1.96,39.73
IFGLEXPOR,Producer Manufacturing,Industrial Machinery,0,1,4,0,1,6,0,0,1,-,2026-09-09 #22 (+8.29%),"2026-07-03 #36 (+5.99%), 2026-07-06 #20 (+7.33%), 2026-07-31 #26 (+7.09%), 2026-09-09 #22 (+8.29%)",-,2026-09-09 (+8.29%),"2026-07-03 (+5.99%), 2026-07-06 (+7.33%), 2026-07-31 (+7.09%), 2026-08-04 (+4.69%), 2026-08-13 (+4.79%), 2026-09-09 (+8.29%)",-,-,2026-07-07 (-5.68%),-2.59,-9.87,-9.26
GRAPHITE,Process Industries,Industrial Specialties,0,1,4,0,2,6,0,1,1,-,2026-09-09 #6 (+15.04%),"2026-07-16 #34 (+4.80%), 2026-07-23 #37 (+4.50%), 2026-08-04 #15 (+7.92%), 2026-09-09 #6 (+15.04%)",-,"2026-09-01 (+4.32%), 2026-09-09 (+15.04%)","2026-07-10 (+5.45%), 2026-07-16 (+4.80%), 2026-07-23 (+4.50%), 2026-08-04 (+7.92%), 2026-09-01 (+4.32%), 2026-09-09 (+15.04%)",-,2026-09-15 (-5.36%),2026-09-15 (-5.36%),-3.17,14.09,27.65
KSL,Non-Energy Minerals,Steel,0,1,4,1,3,6,0,0,2,-,2026-09-10 #25 (+6.35%),"2026-07-08 #39 (+3.43%), 2026-08-19 #15 (+6.60%), 2026-08-26 #50 (+5.16%), 2026-09-10 #25 (+6.35%)",2026-09-23 (+4.08%),"2026-09-03 (+5.08%), 2026-09-10 (+6.35%), 2026-09-23 (+4.08%)","2026-07-09 (+4.49%), 2026-08-19 (+6.60%), 2026-08-26 (+5.16%), 2026-09-03 (+5.08%), 2026-09-10 (+6.35%), 2026-09-23 (+4.08%)",-,-,"2026-07-14 (-4.75%), 2026-08-27 (-4.13%)",0.54,6.0,9.34
INFINIUM,Health Technology,Pharmaceuticals: Major,0,1,4,0,2,6,0,1,2,-,2026-09-04 #44 (+5.60%),"2026-08-12 #23 (+6.91%), 2026-08-25 #4 (+10.00%), 2026-08-26 #11 (+9.99%), 2026-09-04 #44 (+5.60%)",-,"2026-09-04 (+5.60%), 2026-09-07 (+4.13%)","2026-08-07 (+4.55%), 2026-08-12 (+6.91%), 2026-08-25 (+10.00%), 2026-08-26 (+9.99%), 2026-09-04 (+5.60%), 2026-09-07 (+4.13%)",-,2026-09-22 (-4.48%),"2026-08-19 (-7.45%), 2026-09-22 (-4.48%)",-2.19,1.7,31.3
BHARATSE,Producer Manufacturing,Auto Parts: OEM,0,1,4,0,1,6,0,1,3,-,2026-09-07 #31 (+7.54%),"2026-07-09 #42 (+6.70%), 2026-07-31 #36 (+6.27%), 2026-08-07 #14 (+7.80%), 2026-09-07 #31 (+7.54%)",-,2026-09-07 (+7.54%),"2026-07-09 (+6.70%), 2026-07-13 (+5.42%), 2026-07-31 (+6.27%), 2026-08-07 (+7.80%), 2026-08-13 (+4.23%), 2026-09-07 (+7.54%)",-,2026-09-15 (-4.07%),"2026-07-14 (-4.54%), 2026-08-19 (-5.70%), 2026-09-15 (-4.07%)",-2.84,-4.74,-11.28
PROV,Distribution Services,Food Distributors,0,1,4,0,2,6,0,2,4,-,2026-09-17 #6 (+12.06%),"2026-07-06 #23 (+7.19%), 2026-07-17 #28 (+4.22%), 2026-08-11 #25 (+7.47%), 2026-09-17 #6 (+12.06%)",-,"2026-09-17 (+12.06%), 2026-09-18 (+5.54%)","2026-07-06 (+7.19%), 2026-07-17 (+4.22%), 2026-08-05 (+5.00%), 2026-08-11 (+7.47%), 2026-09-17 (+12.06%), 2026-09-18 (+5.54%)",-,"2026-09-08 (-5.38%), 2026-09-21 (-5.09%)","2026-07-07 (-4.25%), 2026-07-29 (-4.07%), 2026-09-08 (-5.38%), 2026-09-21 (-5.09%)",3.7,2.15,20.03
LXCHEM,Process Industries,Chemicals: Specialty,0,1,4,1,3,6,1,3,4,-,2026-09-08 #27 (+7.29%),"2026-07-13 #49 (+5.59%), 2026-07-23 #32 (+4.85%), 2026-07-27 #42 (+5.91%), 2026-09-08 #27 (+7.29%)",2026-09-23 (+5.86%),"2026-09-08 (+7.29%), 2026-09-17 (+4.37%), 2026-09-23 (+5.86%)","2026-07-13 (+5.59%), 2026-07-23 (+4.85%), 2026-07-27 (+5.91%), 2026-09-08 (+7.29%), 2026-09-17 (+4.37%), 2026-09-23 (+5.86%)",2026-09-24 (-4.16%),"2026-09-10 (-4.44%), 2026-09-15 (-4.40%), 2026-09-24 (-4.16%)","2026-07-30 (-9.15%), 2026-09-10 (-4.44%), 2026-09-15 (-4.40%), 2026-09-24 (-4.16%)",-0.85,5.96,8.6
CHAVDA,Consumer Durables,Homebuilding,0,1,4,1,2,6,1,2,4,-,2026-09-21 #8 (+14.12%),"2026-07-13 #3 (+19.99%), 2026-07-20 #4 (+13.57%), 2026-08-07 #33 (+5.47%), 2026-09-21 #8 (+14.12%)",2026-09-25 (+4.27%),"2026-09-21 (+14.12%), 2026-09-25 (+4.27%)","2026-07-13 (+19.99%), 2026-07-20 (+13.57%), 2026-07-21 (+4.53%), 2026-08-07 (+5.47%), 2026-09-21 (+14.12%), 2026-09-25 (+4.27%)",2026-09-28 (-7.16%),"2026-09-14 (-50.00%), 2026-09-28 (-7.16%)","2026-07-07 (-4.47%), 2026-08-31 (-6.56%), 2026-09-14 (-50.00%), 2026-09-28 (-7.16%)",-0.62,-50.92,-25.14
FINKURVE,Finance,Finance/Rental/Leasing,0,1,4,0,1,6,0,1,5,-,2026-09-11 #11 (+8.63%),"2026-08-14 #3 (+15.77%), 2026-08-18 #27 (+7.21%), 2026-08-20 #29 (+6.95%), 2026-09-11 #11 (+8.63%)",-,2026-09-11 (+8.63%),"2026-07-06 (+4.91%), 2026-08-14 (+15.77%), 2026-08-18 (+7.21%), 2026-08-20 (+6.95%), 2026-08-24 (+4.34%), 2026-09-11 (+8.63%)",-,2026-09-01 (-6.19%),"2026-07-08 (-7.87%), 2026-08-03 (-4.80%), 2026-08-19 (-8.74%), 2026-08-31 (-4.41%), 2026-09-01 (-6.19%)",-1.45,-3.96,6.18
OILCOUNTUB,Industrial Services,Oilfield Services/Equipment,0,1,4,0,1,5,0,0,0,-,2026-09-01 #40 (+5.00%),"2026-07-20 #48 (+5.00%), 2026-07-23 #25 (+4.99%), 2026-08-31 #50 (+4.98%), 2026-09-01 #40 (+5.00%)",-,2026-09-01 (+5.00%),"2026-07-20 (+5.00%), 2026-07-23 (+4.99%), 2026-08-05 (+4.91%), 2026-08-31 (+4.98%), 2026-09-01 (+5.00%)",-,-,-,10.16,23.15,28.35
DENTALKART,Retail Trade,Specialty Stores,0,1,4,0,1,5,0,0,0,-,2026-09-18 #49 (+6.30%),"2026-07-16 #48 (+4.28%), 2026-07-17 #14 (+6.78%), 2026-08-14 #43 (+4.88%), 2026-09-18 #49 (+6.30%)",-,2026-09-18 (+6.30%),"2026-07-16 (+4.28%), 2026-07-17 (+6.78%), 2026-08-14 (+4.88%), 2026-08-24 (+4.11%), 2026-09-18 (+6.30%)",-,-,-,2.77,3.59,10.62
SHADOWFAX,Technology Services,Packaged Software,0,1,4,0,1,5,0,1,3,-,2026-09-21 #28 (+8.43%),"2026-07-17 #8 (+9.45%), 2026-07-31 #5 (+10.32%), 2026-08-31 #35 (+5.35%), 2026-09-21 #28 (+8.43%)",-,2026-09-21 (+8.43%),"2026-07-17 (+9.45%), 2026-07-29 (+4.18%), 2026-07-31 (+10.32%), 2026-08-31 (+5.35%), 2026-09-21 (+8.43%)",-,2026-09-15 (-4.83%),"2026-07-14 (-6.25%), 2026-08-26 (-4.19%), 2026-09-15 (-4.83%)",-0.78,8.65,21.85
INDOFARM,Producer Manufacturing,Trucks/Construction/Farm Machinery,0,1,4,0,2,5,0,0,3,-,2026-09-08 #13 (+9.50%),"2026-07-03 #5 (+12.11%), 2026-07-15 #43 (+4.96%), 2026-07-31 #39 (+6.07%), 2026-09-08 #13 (+9.50%)",-,"2026-09-08 (+9.50%), 2026-09-21 (+4.81%)","2026-07-03 (+12.11%), 2026-07-15 (+4.96%), 2026-07-31 (+6.07%), 2026-09-08 (+9.50%), 2026-09-21 (+4.81%)",-,-,"2026-07-07 (-6.32%), 2026-08-10 (-5.13%), 2026-08-19 (-4.30%)",-4.81,-2.55,-8.75
SPAL,Consumer Non-Durables,Apparel/Footwear,0,1,4,0,1,5,0,1,4,-,2026-09-02 #31 (+5.00%),"2026-07-07 #28 (+4.30%), 2026-07-20 #27 (+6.54%), 2026-08-28 #28 (+7.25%), 2026-09-02 #31 (+5.00%)",-,2026-09-02 (+5.00%),"2026-07-07 (+4.30%), 2026-07-20 (+6.54%), 2026-08-04 (+4.42%), 2026-08-28 (+7.25%), 2026-09-02 (+5.00%)",-,2026-09-15 (-4.81%),"2026-07-17 (-4.71%), 2026-07-21 (-5.55%), 2026-08-12 (-9.18%), 2026-09-15 (-4.81%)",-4.48,-10.9,-15.3
DATAPATTNS,Electronic Technology,Electronic Production Equipment,0,1,4,0,1,5,0,1,5,-,2026-09-08 #25 (+7.44%),"2026-07-21 #25 (+6.34%), 2026-07-22 #3 (+12.70%), 2026-08-26 #49 (+5.22%), 2026-09-08 #25 (+7.44%)",-,2026-09-08 (+7.44%),"2026-07-21 (+6.34%), 2026-07-22 (+12.70%), 2026-08-18 (+4.60%), 2026-08-26 (+5.22%), 2026-09-08 (+7.44%)",-,2026-09-15 (-9.74%),"2026-07-07 (-4.74%), 2026-07-28 (-4.31%), 2026-07-31 (-4.06%), 2026-08-25 (-4.09%), 2026-09-15 (-9.74%)",-5.87,-6.63,-9.34
MASTERTR,Finance,Investment Banks/Brokers,0,1,4,0,1,4,0,0,0,-,2026-09-04 #9 (+10.03%),"2026-07-08 #10 (+7.00%), 2026-07-09 #2 (+17.75%), 2026-08-21 #10 (+8.96%), 2026-09-04 #9 (+10.03%)",-,2026-09-04 (+10.03%),"2026-07-08 (+7.00%), 2026-07-09 (+17.75%), 2026-08-21 (+8.96%), 2026-09-04 (+10.03%)",-,-,-,-3.87,1.02,9.1
WINDLAS,Health Technology,Pharmaceuticals: Major,0,1,4,0,1,4,0,0,2,-,2026-09-02 #11 (+8.75%),"2026-08-11 #8 (+12.32%), 2026-08-13 #38 (+6.12%), 2026-08-19 #34 (+5.12%), 2026-09-02 #11 (+8.75%)",-,2026-09-02 (+8.75%),"2026-08-11 (+12.32%), 2026-08-13 (+6.12%), 2026-08-19 (+5.12%), 2026-09-02 (+8.75%)",-,-,"2026-08-10 (-4.89%), 2026-08-12 (-5.13%)",-0.55,10.26,27.29
FSL,Commercial Services,Miscellaneous Commercial Services,0,1,4,0,1,4,0,0,2,-,2026-09-15 #2 (+14.44%),"2026-07-10 #33 (+6.90%), 2026-07-29 #9 (+11.60%), 2026-08-03 #35 (+7.36%), 2026-09-15 #2 (+14.44%)",-,2026-09-15 (+14.44%),"2026-07-10 (+6.90%), 2026-07-29 (+11.60%), 2026-08-03 (+7.36%), 2026-09-15 (+14.44%)",-,-,"2026-08-06 (-13.40%), 2026-08-07 (-4.80%)",-7.64,-6.0,4.25
MRPL,Energy Minerals,Oil Refining/Marketing,0,1,4,0,1,4,0,1,3,-,2026-09-09 #26 (+6.65%),"2026-07-10 #20 (+8.56%), 2026-07-16 #6 (+10.07%), 2026-08-11 #12 (+11.16%), 2026-09-09 #26 (+6.65%)",-,2026-09-09 (+6.65%),"2026-07-10 (+8.56%), 2026-07-16 (+10.07%), 2026-08-11 (+11.16%), 2026-09-09 (+6.65%)",-,2026-09-15 (-5.15%),"2026-07-14 (-4.72%), 2026-07-27 (-4.39%), 2026-09-15 (-5.15%)",4.38,0.75,14.43
CARTRADE,Technology Services,Internet Software/Services,0,1,4,0,1,4,1,3,5,-,2026-09-07 #44 (+5.99%),"2026-07-14 #48 (+3.42%), 2026-07-27 #3 (+12.13%), 2026-08-21 #39 (+6.14%), 2026-09-07 #44 (+5.99%)",-,2026-09-07 (+5.99%),"2026-07-27 (+12.13%), 2026-08-20 (+4.01%), 2026-08-21 (+6.14%), 2026-09-07 (+5.99%)",2026-09-28 (-4.08%),"2026-09-09 (-4.71%), 2026-09-16 (-4.37%), 2026-09-28 (-4.08%)","2026-07-17 (-4.02%), 2026-07-23 (-4.18%), 2026-09-09 (-4.71%), 2026-09-16 (-4.37%), 2026-09-28 (-4.08%)",-0.01,-2.81,6.04
VIRAT,Consumer Non-Durables,Apparel/Footwear,0,1,4,0,1,4,1,5,6,-,2026-09-08 #37 (+6.27%),"2026-08-21 #1 (+20.00%), 2026-08-24 #2 (+19.99%), 2026-08-28 #49 (+5.43%), 2026-09-08 #37 (+6.27%)",-,2026-09-08 (+6.27%),"2026-08-21 (+20.00%), 2026-08-24 (+19.99%), 2026-08-28 (+5.43%), 2026-09-08 (+6.27%)",2026-09-29 (-5.08%),"2026-09-15 (-6.32%), 2026-09-16 (-5.25%), 2026-09-17 (-4.31%), 2026-09-21 (-4.84%), 2026-09-29 (-5.08%)","2026-08-25 (-6.89%), 2026-09-15 (-6.32%), 2026-09-16 (-5.25%), 2026-09-17 (-4.31%), 2026-09-21 (-4.84%), 2026-09-29 (-5.08%)",-9.65,-27.0,
GRPLTD,Producer Manufacturing,Miscellaneous Manufacturing,0,1,4,0,1,3,0,0,0,-,2026-09-15 #9 (+6.29%),"2026-07-08 #32 (+3.83%), 2026-07-23 #38 (+4.44%), 2026-07-30 #26 (+4.34%), 2026-09-15 #9 (+6.29%)",-,2026-09-15 (+6.29%),"2026-07-23 (+4.44%), 2026-07-30 (+4.34%), 2026-09-15 (+6.29%)",-,-,-,-5.03,-5.54,0.23
ZENSARTECH,Technology Services,Packaged Software,0,1,4,0,0,3,0,0,1,-,2026-09-15 #35 (+3.52%),"2026-07-03 #8 (+10.43%), 2026-07-10 #6 (+13.60%), 2026-07-13 #41 (+6.29%), 2026-09-15 #35 (+3.52%)",-,-,"2026-07-03 (+10.43%), 2026-07-10 (+13.60%), 2026-07-13 (+6.29%)",-,-,2026-07-06 (-7.39%),-0.83,-6.81,-8.21
RSL,Non-Energy Minerals,Steel,0,1,4,0,1,3,1,3,3,-,2026-09-21 #25 (+9.20%),"2026-07-28 #44 (+3.81%), 2026-08-05 #46 (+5.87%), 2026-08-13 #24 (+6.96%), 2026-09-21 #25 (+9.20%)",-,2026-09-21 (+9.20%),"2026-08-05 (+5.87%), 2026-08-13 (+6.96%), 2026-09-21 (+9.20%)",2026-09-28 (-8.75%),"2026-09-15 (-4.46%), 2026-09-22 (-5.36%), 2026-09-28 (-8.75%)","2026-09-15 (-4.46%), 2026-09-22 (-5.36%), 2026-09-28 (-8.75%)",-11.65,-6.87,26.22
GAUDIUMIVF,Health Services,Medical/Nursing Services,0,0,4,1,2,10,0,1,2,-,-,"2026-07-06 #46 (+5.00%), 2026-07-16 #39 (+4.66%), 2026-07-17 #22 (+4.99%), 2026-08-31 #44 (+5.00%)",2026-09-23 (+5.69%),"2026-09-08 (+4.99%), 2026-09-23 (+5.69%)","2026-07-06 (+5.00%), 2026-07-09 (+5.00%), 2026-07-10 (+4.27%), 2026-07-13 (+4.63%), 2026-07-16 (+4.66%), 2026-07-17 (+4.99%), 2026-07-21 (+4.99%), 2026-08-31 (+5.00%), 2026-09-08 (+4.99%), 2026-09-23 (+5.69%)",-,2026-09-03 (-4.99%),"2026-07-08 (-5.00%), 2026-09-03 (-4.99%)",2.29,-10.88,-3.11
AEROPLANE,Process Industries,Agricultural Commodities/Milling,0,0,4,0,2,10,0,0,4,-,-,"2026-07-03 #13 (+9.95%), 2026-07-16 #30 (+4.97%), 2026-07-17 #43 (+3.32%), 2026-07-30 #20 (+4.93%)",-,"2026-09-03 (+4.92%), 2026-09-18 (+4.02%)","2026-07-03 (+9.95%), 2026-07-06 (+4.98%), 2026-07-09 (+4.95%), 2026-07-16 (+4.97%), 2026-07-20 (+4.30%), 2026-07-30 (+4.93%), 2026-07-31 (+4.61%), 2026-08-13 (+4.21%), 2026-09-03 (+4.92%), 2026-09-18 (+4.02%)",-,-,"2026-07-08 (-4.94%), 2026-07-14 (-4.63%), 2026-08-11 (-4.21%), 2026-08-17 (-4.84%)",-1.33,15.92,37.02
LOTUSDEV,Finance,Real Estate Development,0,0,4,1,4,10,1,1,5,-,-,"2026-07-21 #44 (+5.09%), 2026-07-22 #9 (+9.81%), 2026-07-23 #12 (+6.68%), 2026-08-25 #39 (+4.92%)",2026-09-23 (+4.97%),"2026-09-03 (+4.94%), 2026-09-04 (+4.66%), 2026-09-10 (+5.00%), 2026-09-23 (+4.97%)","2026-07-21 (+5.09%), 2026-07-22 (+9.81%), 2026-07-23 (+6.68%), 2026-07-27 (+4.19%), 2026-08-24 (+5.00%), 2026-08-25 (+4.92%), 2026-09-03 (+4.94%), 2026-09-04 (+4.66%), 2026-09-10 (+5.00%), 2026-09-23 (+4.97%)",2026-09-28 (-4.56%),2026-09-28 (-4.56%),"2026-07-08 (-4.69%), 2026-08-07 (-5.00%), 2026-08-10 (-5.00%), 2026-08-11 (-5.00%), 2026-09-28 (-4.56%)",0.14,17.11,42.72
CONSOFINVT,Finance,Financial Conglomerates,0,0,4,1,4,8,1,1,2,-,-,"2026-07-08 #6 (+8.40%), 2026-07-14 #10 (+6.85%), 2026-07-17 #45 (+3.29%), 2026-07-22 #29 (+4.66%)",2026-09-29 (+4.78%),"2026-09-04 (+4.99%), 2026-09-07 (+4.99%), 2026-09-08 (+4.87%), 2026-09-29 (+4.78%)","2026-07-08 (+8.40%), 2026-07-09 (+5.52%), 2026-07-14 (+6.85%), 2026-07-22 (+4.66%), 2026-09-04 (+4.99%), 2026-09-07 (+4.99%), 2026-09-08 (+4.87%), 2026-09-29 (+4.78%)",2026-09-24 (-4.23%),2026-09-24 (-4.23%),"2026-08-10 (-4.93%), 2026-09-24 (-4.23%)",-3.65,7.55,28.55
LAXMIINDIA,Finance,Finance/Rental/Leasing,0,0,4,0,0,8,1,2,4,-,-,"2026-07-03 #48 (+5.00%), 2026-07-17 #27 (+4.30%), 2026-07-22 #22 (+5.00%), 2026-08-17 #13 (+9.79%)",-,-,"2026-07-03 (+5.00%), 2026-07-06 (+4.99%), 2026-07-17 (+4.30%), 2026-07-20 (+4.99%), 2026-07-21 (+4.99%), 2026-07-22 (+5.00%), 2026-07-31 (+5.00%), 2026-08-17 (+9.79%)",2026-09-24 (-4.33%),"2026-09-15 (-5.80%), 2026-09-24 (-4.33%)","2026-07-07 (-5.00%), 2026-08-13 (-5.00%), 2026-09-15 (-5.80%), 2026-09-24 (-4.33%)",-3.95,-5.9,15.0
SPECIALITY,Consumer Services,Restaurants,0,0,4,0,1,7,0,0,3,-,-,"2026-07-14 #16 (+5.69%), 2026-07-23 #40 (+4.40%), 2026-08-04 #26 (+5.56%), 2026-08-11 #40 (+5.63%)",-,2026-09-10 (+4.91%),"2026-07-14 (+5.69%), 2026-07-20 (+4.98%), 2026-07-23 (+4.40%), 2026-08-04 (+5.56%), 2026-08-11 (+5.63%), 2026-08-26 (+4.79%), 2026-09-10 (+4.91%)",-,-,"2026-07-27 (-4.14%), 2026-08-13 (-7.58%), 2026-08-14 (-4.58%)",2.98,9.86,18.06
KAPSTON,Commercial Services,Miscellaneous Commercial Services,0,0,4,0,0,7,1,2,3,-,-,"2026-07-10 #12 (+10.10%), 2026-08-03 #12 (+10.74%), 2026-08-10 #24 (+7.63%), 2026-08-28 #6 (+11.62%)",-,-,"2026-07-09 (+6.40%), 2026-07-10 (+10.10%), 2026-07-21 (+4.56%), 2026-08-03 (+10.74%), 2026-08-10 (+7.63%), 2026-08-28 (+11.62%), 2026-08-31 (+4.94%)",2026-09-25 (-7.33%),"2026-09-15 (-4.21%), 2026-09-25 (-7.33%)","2026-08-17 (-11.17%), 2026-09-15 (-4.21%), 2026-09-25 (-7.33%)",-2.6,-0.63,47.81
JUBLCPL,Process Industries,Chemicals: Agricultural,0,0,4,1,2,7,1,3,5,-,-,"2026-07-03 #43 (+5.46%), 2026-08-13 #1 (+20.00%), 2026-08-19 #33 (+5.15%), 2026-08-31 #15 (+8.18%)",2026-09-23 (+4.92%),"2026-09-21 (+5.56%), 2026-09-23 (+4.92%)","2026-07-03 (+5.46%), 2026-08-11 (+4.46%), 2026-08-13 (+20.00%), 2026-08-19 (+5.15%), 2026-08-31 (+8.18%), 2026-09-21 (+5.56%), 2026-09-23 (+4.92%)",2026-09-28 (-4.20%),"2026-09-01 (-4.03%), 2026-09-10 (-4.11%), 2026-09-28 (-4.20%)","2026-08-18 (-6.12%), 2026-08-24 (-4.52%), 2026-09-01 (-4.03%), 2026-09-10 (-4.11%), 2026-09-28 (-4.20%)",0.4,-1.54,6.21
VOEPL,Health Technology,Medical Specialties,0,0,4,1,1,6,0,0,1,-,-,"2026-07-03 #22 (+7.07%), 2026-07-17 #10 (+8.15%), 2026-08-12 #42 (+5.63%), 2026-08-26 #3 (+16.20%)",2026-09-23 (+4.47%),2026-09-23 (+4.47%),"2026-07-03 (+7.07%), 2026-07-17 (+8.15%), 2026-08-03 (+4.15%), 2026-08-12 (+5.63%), 2026-08-26 (+16.20%), 2026-09-23 (+4.47%)",-,-,2026-07-30 (-4.49%),0.99,-10.46,13.6
GAEL,Consumer Non-Durables,Food: Specialty/Candy,0,0,4,0,0,6,0,0,1,-,-,"2026-07-24 #6 (+8.98%), 2026-07-29 #50 (+5.02%), 2026-07-30 #15 (+5.04%), 2026-08-31 #29 (+5.95%)",-,-,"2026-07-24 (+8.98%), 2026-07-29 (+5.02%), 2026-07-30 (+5.04%), 2026-08-03 (+4.98%), 2026-08-20 (+5.48%), 2026-08-31 (+5.95%)",-,-,2026-08-07 (-4.78%),2.97,-8.57,-2.18
MPSLTD,Consumer Services,Publishing: Books/Magazines,0,0,4,0,1,6,0,0,2,-,-,"2026-07-06 #33 (+6.08%), 2026-07-22 #1 (+20.00%), 2026-07-24 #43 (+4.80%), 2026-08-07 #24 (+6.05%)",-,2026-09-08 (+4.30%),"2026-07-06 (+6.08%), 2026-07-22 (+20.00%), 2026-07-24 (+4.80%), 2026-08-05 (+5.41%), 2026-08-07 (+6.05%), 2026-09-08 (+4.30%)",-,-,"2026-08-13 (-4.02%), 2026-08-24 (-5.63%)",1.21,-1.83,40.67
ECLERX,Commercial Services,Miscellaneous Commercial Services,0,0,4,0,0,6,1,1,3,-,-,"2026-07-03 #23 (+7.01%), 2026-07-14 #50 (+3.33%), 2026-07-17 #3 (+12.51%), 2026-07-28 #23 (+4.75%)",-,-,"2026-07-03 (+7.01%), 2026-07-09 (+5.35%), 2026-07-10 (+4.20%), 2026-07-17 (+12.51%), 2026-07-28 (+4.75%), 2026-08-03 (+4.16%)",2026-09-28 (-4.35%),2026-09-28 (-4.35%),"2026-07-20 (-5.17%), 2026-08-07 (-5.52%), 2026-09-28 (-4.35%)",-8.02,-10.48,27.2
AMAGI,Technology Services,Packaged Software,0,0,4,0,0,6,0,0,5,-,-,"2026-07-08 #9 (+7.36%), 2026-07-16 #16 (+6.70%), 2026-07-20 #40 (+5.40%), 2026-07-23 #9 (+7.11%)",-,-,"2026-07-08 (+7.36%), 2026-07-16 (+6.70%), 2026-07-20 (+5.40%), 2026-07-23 (+7.11%), 2026-07-29 (+4.53%), 2026-08-21 (+4.06%)",-,-,"2026-07-17 (-6.04%), 2026-07-24 (-7.06%), 2026-08-14 (-6.09%), 2026-08-17 (-4.55%), 2026-08-19 (-4.07%)",-2.97,-0.64,4.51
S&SPOWER,Producer Manufacturing,Electrical Products,0,0,4,0,1,6,0,1,9,-,-,"2026-07-06 #50 (+4.99%), 2026-07-21 #46 (+5.00%), 2026-08-21 #7 (+9.99%), 2026-08-24 #10 (+9.99%)",-,2026-09-08 (+5.00%),"2026-07-06 (+4.99%), 2026-07-21 (+5.00%), 2026-08-03 (+4.99%), 2026-08-21 (+9.99%), 2026-08-24 (+9.99%), 2026-09-08 (+5.00%)",-,2026-09-15 (-5.00%),"2026-07-03 (-4.27%), 2026-07-07 (-4.32%), 2026-07-15 (-4.55%), 2026-07-16 (-4.16%), 2026-07-17 (-4.85%), 2026-08-17 (-8.57%), 2026-08-18 (-6.72%), 2026-08-27 (-4.75%), 2026-09-15 (-5.00%)",-7.44,-11.07,-18.03
GKENERGY,Industrial Services,Engineering & Construction,0,0,4,0,1,5,0,0,1,-,-,"2026-07-07 #38 (+3.84%), 2026-08-07 #41 (+5.16%), 2026-08-26 #34 (+6.05%), 2026-08-27 #43 (+4.36%)",-,2026-09-21 (+5.69%),"2026-07-20 (+4.00%), 2026-08-07 (+5.16%), 2026-08-26 (+6.05%), 2026-08-27 (+4.36%), 2026-09-21 (+5.69%)",-,-,2026-07-30 (-4.57%),-6.55,-10.35,-15.08
MAXESTATES,Finance,Real Estate Development,0,0,4,0,0,5,0,0,2,-,-,"2026-07-06 #7 (+10.14%), 2026-08-10 #30 (+6.13%), 2026-08-17 #25 (+7.33%), 2026-08-24 #8 (+10.97%)",-,-,"2026-07-06 (+10.14%), 2026-08-10 (+6.13%), 2026-08-13 (+4.49%), 2026-08-17 (+7.33%), 2026-08-24 (+10.97%)",-,-,"2026-07-07 (-6.96%), 2026-08-31 (-4.93%)",-4.34,5.6,34.51
KRISHANA,Process Industries,Chemicals: Agricultural,0,0,4,0,0,5,0,0,2,-,-,"2026-07-03 #30 (+6.41%), 2026-07-09 #27 (+7.30%), 2026-07-23 #5 (+8.42%), 2026-07-30 #3 (+9.42%)",-,-,"2026-07-03 (+6.41%), 2026-07-09 (+7.30%), 2026-07-23 (+8.42%), 2026-07-24 (+4.04%), 2026-07-30 (+9.42%)",-,-,"2026-07-07 (-12.03%), 2026-08-27 (-6.45%)",-2.3,-3.06,29.78
BUILDPRO,Distribution Services,Wholesale Distributors,0,0,4,0,0,5,0,0,2,-,-,"2026-07-06 #31 (+6.22%), 2026-07-08 #17 (+5.64%), 2026-07-09 #6 (+13.55%), 2026-08-03 #23 (+8.16%)",-,-,"2026-07-06 (+6.22%), 2026-07-08 (+5.64%), 2026-07-09 (+13.55%), 2026-07-10 (+4.18%), 2026-08-03 (+8.16%)",-,-,"2026-07-07 (-4.06%), 2026-08-10 (-4.71%)",-5.08,-0.78,24.13
PNGSREVA,Consumer Durables,Other Consumer Specialties,0,0,4,0,1,5,0,2,3,-,-,"2026-07-29 #38 (+5.55%), 2026-08-04 #4 (+15.27%), 2026-08-11 #18 (+8.66%), 2026-08-12 #8 (+10.77%)",-,2026-09-07 (+4.61%),"2026-07-29 (+5.55%), 2026-08-04 (+15.27%), 2026-08-11 (+8.66%), 2026-08-12 (+10.77%), 2026-09-07 (+4.61%)",-,"2026-09-01 (-4.72%), 2026-09-09 (-4.91%)","2026-08-14 (-6.04%), 2026-09-01 (-4.72%), 2026-09-09 (-4.91%)",0.33,-4.31,23.7
EIMCOELECO,Producer Manufacturing,Trucks/Construction/Farm Machinery,0,0,4,0,0,4,0,0,1,-,-,"2026-07-15 #17 (+6.90%), 2026-08-13 #46 (+5.50%), 2026-08-14 #24 (+5.89%), 2026-08-17 #14 (+9.15%)",-,-,"2026-07-15 (+6.90%), 2026-08-13 (+5.50%), 2026-08-14 (+5.89%), 2026-08-17 (+9.15%)",-,-,2026-07-09 (-4.20%),0.98,3.74,22.99
MODIS,Finance,Real Estate Development,0,0,4,0,0,4,0,0,3,-,-,"2026-07-20 #20 (+7.34%), 2026-07-21 #20 (+7.11%), 2026-07-22 #44 (+3.78%), 2026-08-26 #38 (+5.78%)",-,-,"2026-07-20 (+7.34%), 2026-07-21 (+7.11%), 2026-08-11 (+4.13%), 2026-08-26 (+5.78%)",-,-,"2026-08-07 (-4.56%), 2026-08-21 (-4.85%), 2026-08-27 (-5.05%)",5.72,-3.31,10.04
KARNIKA,Consumer Non-Durables,Apparel/Footwear,0,0,4,0,0,4,0,0,3,-,-,"2026-07-07 #22 (+4.80%), 2026-07-09 #17 (+9.33%), 2026-07-10 #32 (+7.02%), 2026-07-31 #34 (+6.41%)",-,-,"2026-07-07 (+4.80%), 2026-07-09 (+9.33%), 2026-07-10 (+7.02%), 2026-07-31 (+6.41%)",-,-,"2026-07-06 (-13.29%), 2026-07-20 (-5.22%), 2026-08-17 (-4.54%)",6.07,8.05,-2.13
ZEEL,Consumer Services,Broadcasting,0,0,4,0,0,3,0,2,5,-,-,"2026-07-30 #43 (+3.77%), 2026-08-12 #26 (+6.51%), 2026-08-14 #26 (+5.72%), 2026-08-20 #50 (+5.68%)",-,-,"2026-08-12 (+6.51%), 2026-08-14 (+5.72%), 2026-08-20 (+5.68%)",-,"2026-09-07 (-6.13%), 2026-09-10 (-5.55%)","2026-08-03 (-14.33%), 2026-08-05 (-5.02%), 2026-08-31 (-7.81%), 2026-09-07 (-6.13%), 2026-09-10 (-5.55%)",-5.2,-20.77,-30.81
MPIMANIPAL,Commercial Services,Commercial Printing/Forms,3,3,3,3,3,3,0,0,0,"2026-09-23 #17 (+10.04%), 2026-09-28 #10 (+7.41%), 2026-09-29 #17 (+7.83%)","2026-09-23 #17 (+10.04%), 2026-09-28 #10 (+7.41%), 2026-09-29 #17 (+7.83%)","2026-09-23 #17 (+10.04%), 2026-09-28 #10 (+7.41%), 2026-09-29 #17 (+7.83%)","2026-09-23 (+10.04%), 2026-09-28 (+7.41%), 2026-09-29 (+7.83%)","2026-09-23 (+10.04%), 2026-09-28 (+7.41%), 2026-09-29 (+7.83%)","2026-09-23 (+10.04%), 2026-09-28 (+7.41%), 2026-09-29 (+7.83%)",-,-,-,23.27,,
GLASSWALL,Process Industries,Industrial Specialties,1,3,3,1,5,5,2,2,2,2026-09-29 #35 (+6.00%),"2026-09-17 #1 (+20.00%), 2026-09-21 #21 (+9.54%), 2026-09-29 #35 (+6.00%)","2026-09-17 #1 (+20.00%), 2026-09-21 #21 (+9.54%), 2026-09-29 #35 (+6.00%)",2026-09-29 (+6.00%),"2026-09-17 (+20.00%), 2026-09-18 (+4.53%), 2026-09-21 (+9.54%), 2026-09-22 (+4.77%), 2026-09-29 (+6.00%)","2026-09-17 (+20.00%), 2026-09-18 (+4.53%), 2026-09-21 (+9.54%), 2026-09-22 (+4.77%), 2026-09-29 (+6.00%)","2026-09-23 (-7.40%), 2026-09-24 (-5.01%)","2026-09-23 (-7.40%), 2026-09-24 (-5.01%)","2026-09-23 (-7.40%), 2026-09-24 (-5.01%)",-7.35,,
HTEL,Producer Manufacturing,Industrial Machinery,1,3,3,1,5,5,0,4,4,2026-09-29 #38 (+5.91%),"2026-09-11 #40 (+4.99%), 2026-09-18 #42 (+6.55%), 2026-09-29 #38 (+5.91%)","2026-09-11 #40 (+4.99%), 2026-09-18 #42 (+6.55%), 2026-09-29 #38 (+5.91%)",2026-09-29 (+5.91%),"2026-09-09 (+4.99%), 2026-09-10 (+5.00%), 2026-09-11 (+4.99%), 2026-09-18 (+6.55%), 2026-09-29 (+5.91%)","2026-09-09 (+4.99%), 2026-09-10 (+5.00%), 2026-09-11 (+4.99%), 2026-09-18 (+6.55%), 2026-09-29 (+5.91%)",-,"2026-09-03 (-4.86%), 2026-09-15 (-5.00%), 2026-09-16 (-8.74%), 2026-09-21 (-5.54%)","2026-09-03 (-4.86%), 2026-09-15 (-5.00%), 2026-09-16 (-8.74%), 2026-09-21 (-5.54%)",-2.03,,
PROTEAN,Technology Services,Information Technology Services,1,3,3,1,3,4,0,0,1,2026-09-25 #25 (+7.59%),"2026-09-21 #2 (+20.00%), 2026-09-22 #36 (+5.49%), 2026-09-25 #25 (+7.59%)","2026-09-21 #2 (+20.00%), 2026-09-22 #36 (+5.49%), 2026-09-25 #25 (+7.59%)",2026-09-25 (+7.59%),"2026-09-21 (+20.00%), 2026-09-22 (+5.49%), 2026-09-25 (+7.59%)","2026-07-27 (+5.36%), 2026-09-21 (+20.00%), 2026-09-22 (+5.49%), 2026-09-25 (+7.59%)",-,-,2026-08-05 (-7.99%),7.41,27.99,10.82
KANOHAR,Producer Manufacturing,Electrical Products,1,3,3,2,4,4,2,2,2,2026-09-29 #32 (+6.36%),"2026-09-17 #13 (+8.72%), 2026-09-21 #16 (+10.19%), 2026-09-29 #32 (+6.36%)","2026-09-17 #13 (+8.72%), 2026-09-21 #16 (+10.19%), 2026-09-29 #32 (+6.36%)","2026-09-23 (+4.19%), 2026-09-29 (+6.36%)","2026-09-17 (+8.72%), 2026-09-21 (+10.19%), 2026-09-23 (+4.19%), 2026-09-29 (+6.36%)","2026-09-17 (+8.72%), 2026-09-21 (+10.19%), 2026-09-23 (+4.19%), 2026-09-29 (+6.36%)","2026-09-24 (-4.82%), 2026-09-28 (-5.96%)","2026-09-24 (-4.82%), 2026-09-28 (-5.96%)","2026-09-24 (-4.82%), 2026-09-28 (-5.96%)",-0.89,,
KPIGREEN,Utilities,Alternative Power Generation,1,3,3,1,3,3,1,1,3,2026-09-28 #24 (+5.18%),"2026-09-21 #9 (+12.99%), 2026-09-22 #17 (+7.79%), 2026-09-28 #24 (+5.18%)","2026-09-21 #9 (+12.99%), 2026-09-22 #17 (+7.79%), 2026-09-28 #24 (+5.18%)",2026-09-28 (+5.18%),"2026-09-21 (+12.99%), 2026-09-22 (+7.79%), 2026-09-28 (+5.18%)","2026-09-21 (+12.99%), 2026-09-22 (+7.79%), 2026-09-28 (+5.18%)",2026-09-24 (-4.81%),2026-09-24 (-4.81%),"2026-08-11 (-4.97%), 2026-08-17 (-4.98%), 2026-09-24 (-4.81%)",7.16,21.88,-7.78
JASH,Producer Manufacturing,Industrial Machinery,0,3,3,0,3,4,0,0,0,-,"2026-09-07 #40 (+6.82%), 2026-09-17 #44 (+5.13%), 2026-09-21 #15 (+10.51%)","2026-09-07 #40 (+6.82%), 2026-09-17 #44 (+5.13%), 2026-09-21 #15 (+10.51%)",-,"2026-09-07 (+6.82%), 2026-09-17 (+5.13%), 2026-09-21 (+10.51%)","2026-07-10 (+4.18%), 2026-09-07 (+6.82%), 2026-09-17 (+5.13%), 2026-09-21 (+10.51%)",-,-,-,2.33,28.54,18.26
PAISALO,Finance,Finance/Rental/Leasing,0,3,3,0,4,4,1,1,1,-,"2026-09-03 #47 (+5.65%), 2026-09-04 #46 (+5.44%), 2026-09-07 #33 (+7.17%)","2026-09-03 #47 (+5.65%), 2026-09-04 #46 (+5.44%), 2026-09-07 #33 (+7.17%)",-,"2026-09-03 (+5.65%), 2026-09-04 (+5.44%), 2026-09-07 (+7.17%), 2026-09-17 (+4.89%)","2026-09-03 (+5.65%), 2026-09-04 (+5.44%), 2026-09-07 (+7.17%), 2026-09-17 (+4.89%)",2026-09-28 (-10.58%),2026-09-28 (-10.58%),2026-09-28 (-10.58%),-15.88,16.76,9.27
ZOTA,Health Technology,Pharmaceuticals: Major,0,3,3,0,3,4,0,0,2,-,"2026-09-02 #49 (+4.85%), 2026-09-21 #10 (+12.52%), 2026-09-22 #39 (+5.30%)","2026-09-02 #49 (+4.85%), 2026-09-21 #10 (+12.52%), 2026-09-22 #39 (+5.30%)",-,"2026-09-02 (+4.85%), 2026-09-21 (+12.52%), 2026-09-22 (+5.30%)","2026-07-31 (+4.40%), 2026-09-02 (+4.85%), 2026-09-21 (+12.52%), 2026-09-22 (+5.30%)",-,-,"2026-07-22 (-4.03%), 2026-08-14 (-8.86%)",-4.12,23.38,-9.61
TANAA,Electronic Technology,Aerospace & Defense,0,3,3,1,4,4,2,3,3,-,"2026-09-11 #20 (+6.14%), 2026-09-21 #3 (+19.99%), 2026-09-22 #3 (+14.85%)","2026-09-11 #20 (+6.14%), 2026-09-21 #3 (+19.99%), 2026-09-22 #3 (+14.85%)",2026-09-25 (+4.01%),"2026-09-11 (+6.14%), 2026-09-21 (+19.99%), 2026-09-22 (+14.85%), 2026-09-25 (+4.01%)","2026-09-11 (+6.14%), 2026-09-21 (+19.99%), 2026-09-22 (+14.85%), 2026-09-25 (+4.01%)","2026-09-24 (-5.86%), 2026-09-29 (-5.06%)","2026-09-10 (-7.79%), 2026-09-24 (-5.86%), 2026-09-29 (-5.06%)","2026-09-10 (-7.79%), 2026-09-24 (-5.86%), 2026-09-29 (-5.06%)",-8.73,15.54,
DCMSIL,Process Industries,Textiles,2,2,3,2,2,5,1,1,3,"2026-09-23 #21 (+10.00%), 2026-09-24 #8 (+9.99%)","2026-09-23 #21 (+10.00%), 2026-09-24 #8 (+9.99%)","2026-08-19 #12 (+8.18%), 2026-09-23 #21 (+10.00%), 2026-09-24 #8 (+9.99%)","2026-09-23 (+10.00%), 2026-09-24 (+9.99%)","2026-09-23 (+10.00%), 2026-09-24 (+9.99%)","2026-08-05 (+4.70%), 2026-08-06 (+5.00%), 2026-08-19 (+8.18%), 2026-09-23 (+10.00%), 2026-09-24 (+9.99%)",2026-09-28 (-5.95%),2026-09-28 (-5.95%),"2026-08-17 (-9.83%), 2026-08-18 (-7.16%), 2026-09-28 (-5.95%)",10.14,5.54,6.96
SDBL,Consumer Non-Durables,Beverages: Alcoholic,2,2,3,2,2,4,0,0,1,"2026-09-25 #8 (+10.59%), 2026-09-28 #8 (+8.42%)","2026-09-25 #8 (+10.59%), 2026-09-28 #8 (+8.42%)","2026-07-20 #2 (+18.00%), 2026-09-25 #8 (+10.59%), 2026-09-28 #8 (+8.42%)","2026-09-25 (+10.59%), 2026-09-28 (+8.42%)","2026-09-25 (+10.59%), 2026-09-28 (+8.42%)","2026-07-20 (+18.00%), 2026-08-13 (+4.01%), 2026-09-25 (+10.59%), 2026-09-28 (+8.42%)",-,-,2026-07-21 (-5.78%),17.2,8.73,13.11
GREAVESCOT,Producer Manufacturing,Trucks/Construction/Farm Machinery,2,2,3,2,2,4,0,0,1,"2026-09-24 #16 (+7.68%), 2026-09-25 #39 (+5.84%)","2026-09-24 #16 (+7.68%), 2026-09-25 #39 (+5.84%)","2026-07-10 #9 (+11.12%), 2026-09-24 #16 (+7.68%), 2026-09-25 #39 (+5.84%)","2026-09-24 (+7.68%), 2026-09-25 (+5.84%)","2026-09-24 (+7.68%), 2026-09-25 (+5.84%)","2026-07-09 (+5.64%), 2026-07-10 (+11.12%), 2026-09-24 (+7.68%), 2026-09-25 (+5.84%)",-,-,2026-08-04 (-14.04%),17.69,18.8,1.71
WHIRLPOOL,Consumer Durables,Electronics/Appliances,2,2,3,2,2,3,0,1,1,"2026-09-23 #1 (+20.00%), 2026-09-25 #24 (+7.67%)","2026-09-23 #1 (+20.00%), 2026-09-25 #24 (+7.67%)","2026-08-27 #7 (+9.00%), 2026-09-23 #1 (+20.00%), 2026-09-25 #24 (+7.67%)","2026-09-23 (+20.00%), 2026-09-25 (+7.67%)","2026-09-23 (+20.00%), 2026-09-25 (+7.67%)","2026-08-27 (+9.00%), 2026-09-23 (+20.00%), 2026-09-25 (+7.67%)",-,2026-09-11 (-4.19%),2026-09-11 (-4.19%),23.18,10.59,9.49
SETL,Health Technology,Medical Specialties,1,2,3,1,8,16,0,4,9,2026-09-28 #29 (+4.99%),"2026-09-11 #39 (+4.99%), 2026-09-28 #29 (+4.99%)","2026-08-27 #32 (+4.99%), 2026-09-11 #39 (+4.99%), 2026-09-28 #29 (+4.99%)",2026-09-28 (+4.99%),"2026-09-01 (+4.75%), 2026-09-03 (+4.32%), 2026-09-04 (+4.55%), 2026-09-08 (+4.11%), 2026-09-09 (+4.99%), 2026-09-10 (+4.99%), 2026-09-11 (+4.99%), 2026-09-28 (+4.99%)","2026-07-09 (+4.25%), 2026-07-10 (+4.98%), 2026-07-15 (+4.25%), 2026-08-11 (+4.78%), 2026-08-24 (+4.90%), 2026-08-26 (+4.97%), 2026-08-27 (+4.99%), 2026-08-28 (+4.99%), 2026-09-01 (+4.75%), 2026-09-03 (+4.32%), 2026-09-04 (+4.55%), 2026-09-08 (+4.11%), 2026-09-09 (+4.99%), 2026-09-10 (+4.99%), 2026-09-11 (+4.99%), 2026-09-28 (+4.99%)",-,"2026-09-07 (-4.99%), 2026-09-15 (-5.00%), 2026-09-16 (-4.99%), 2026-09-17 (-4.99%)","2026-07-03 (-4.99%), 2026-07-06 (-4.99%), 2026-07-13 (-4.52%), 2026-07-24 (-4.97%), 2026-07-28 (-4.63%), 2026-09-07 (-4.99%), 2026-09-15 (-5.00%), 2026-09-16 (-4.99%), 2026-09-17 (-4.99%)",6.56,16.09,44.65
QPOWER,Producer Manufacturing,Electrical Products,1,2,3,2,5,14,0,1,1,2026-09-28 #32 (+4.93%),"2026-09-16 #39 (+5.00%), 2026-09-28 #32 (+4.93%)","2026-08-27 #29 (+5.00%), 2026-09-16 #39 (+5.00%), 2026-09-28 #32 (+4.93%)","2026-09-23 (+4.29%), 2026-09-28 (+4.93%)","2026-09-04 (+5.00%), 2026-09-16 (+5.00%), 2026-09-17 (+4.70%), 2026-09-23 (+4.29%), 2026-09-28 (+4.93%)","2026-07-09 (+4.99%), 2026-07-10 (+5.00%), 2026-07-31 (+4.99%), 2026-08-10 (+5.00%), 2026-08-11 (+5.00%), 2026-08-12 (+4.45%), 2026-08-17 (+4.27%), 2026-08-27 (+5.00%), 2026-08-28 (+5.00%), 2026-09-04 (+5.00%), 2026-09-16 (+5.00%), 2026-09-17 (+4.70%), 2026-09-23 (+4.29%), 2026-09-28 (+4.93%)",-,2026-09-15 (-5.00%),2026-09-15 (-5.00%),8.23,12.43,37.06
SAMBHV,Non-Energy Minerals,Steel,1,2,3,3,5,9,0,0,0,2026-09-29 #44 (+5.35%),"2026-09-18 #2 (+14.32%), 2026-09-29 #44 (+5.35%)","2026-08-20 #31 (+6.89%), 2026-09-18 #2 (+14.32%), 2026-09-29 #44 (+5.35%)","2026-09-23 (+4.13%), 2026-09-25 (+4.44%), 2026-09-29 (+5.35%)","2026-09-18 (+14.32%), 2026-09-21 (+5.12%), 2026-09-23 (+4.13%), 2026-09-25 (+4.44%), 2026-09-29 (+5.35%)","2026-07-09 (+4.21%), 2026-07-27 (+4.98%), 2026-08-10 (+4.35%), 2026-08-20 (+6.89%), 2026-09-18 (+14.32%), 2026-09-21 (+5.12%), 2026-09-23 (+4.13%), 2026-09-25 (+4.44%), 2026-09-29 (+5.35%)",-,-,-,6.78,26.84,40.75
OMAXAUTO,Producer Manufacturing,Auto Parts: OEM,1,2,3,1,3,8,0,0,9,2026-09-23 #19 (+10.00%),"2026-09-17 #43 (+5.20%), 2026-09-23 #19 (+10.00%)","2026-08-10 #14 (+10.00%), 2026-09-17 #43 (+5.20%), 2026-09-23 #19 (+10.00%)",2026-09-23 (+10.00%),"2026-09-17 (+5.20%), 2026-09-21 (+5.09%), 2026-09-23 (+10.00%)","2026-07-09 (+4.27%), 2026-07-10 (+5.00%), 2026-07-13 (+5.00%), 2026-08-05 (+5.00%), 2026-08-10 (+10.00%), 2026-09-17 (+5.20%), 2026-09-21 (+5.09%), 2026-09-23 (+10.00%)",-,-,"2026-07-15 (-4.51%), 2026-07-22 (-4.16%), 2026-07-27 (-5.00%), 2026-07-28 (-5.00%), 2026-07-29 (-4.06%), 2026-07-30 (-4.92%), 2026-08-04 (-5.00%), 2026-08-07 (-4.92%), 2026-08-17 (-4.74%)",3.99,6.97,-15.55
MAXIND,Health Services,Medical/Nursing Services,1,2,3,1,2,5,0,1,3,2026-09-28 #39 (+4.65%),"2026-09-18 #12 (+8.92%), 2026-09-28 #39 (+4.65%)","2026-07-24 #5 (+9.94%), 2026-09-18 #12 (+8.92%), 2026-09-28 #39 (+4.65%)",2026-09-28 (+4.65%),"2026-09-18 (+8.92%), 2026-09-28 (+4.65%)","2026-07-10 (+4.08%), 2026-07-15 (+4.35%), 2026-07-24 (+9.94%), 2026-09-18 (+8.92%), 2026-09-28 (+4.65%)",-,2026-09-15 (-4.71%),"2026-07-28 (-6.30%), 2026-08-12 (-4.60%), 2026-09-15 (-4.71%)",5.52,6.54,0.97
POWERICA,Producer Manufacturing,Electrical Products,1,2,3,1,2,5,0,1,4,2026-09-29 #27 (+6.54%),"2026-09-10 #39 (+5.25%), 2026-09-29 #27 (+6.54%)","2026-08-12 #38 (+5.87%), 2026-09-10 #39 (+5.25%), 2026-09-29 #27 (+6.54%)",2026-09-29 (+6.54%),"2026-09-10 (+5.25%), 2026-09-29 (+6.54%)","2026-07-09 (+4.63%), 2026-08-05 (+5.00%), 2026-08-12 (+5.87%), 2026-09-10 (+5.25%), 2026-09-29 (+6.54%)",-,2026-09-15 (-6.43%),"2026-07-03 (-5.00%), 2026-08-06 (-4.49%), 2026-08-19 (-4.96%), 2026-09-15 (-6.43%)",7.23,15.56,0.44
REPRO,Commercial Services,Commercial Printing/Forms,1,2,3,1,2,4,2,3,7,2026-09-28 #2 (+15.80%),"2026-09-01 #18 (+7.35%), 2026-09-28 #2 (+15.80%)","2026-07-30 #14 (+5.08%), 2026-09-01 #18 (+7.35%), 2026-09-28 #2 (+15.80%)",2026-09-28 (+15.80%),"2026-09-01 (+7.35%), 2026-09-28 (+15.80%)","2026-07-30 (+5.08%), 2026-08-03 (+5.30%), 2026-09-01 (+7.35%), 2026-09-28 (+15.80%)","2026-09-25 (-4.62%), 2026-09-29 (-5.02%)","2026-09-15 (-4.23%), 2026-09-25 (-4.62%), 2026-09-29 (-5.02%)","2026-08-05 (-4.84%), 2026-08-10 (-4.54%), 2026-08-11 (-6.25%), 2026-08-12 (-4.58%), 2026-09-15 (-4.23%), 2026-09-25 (-4.62%), 2026-09-29 (-5.02%)",6.32,3.58,-13.14
CRIZAC,Technology Services,Internet Software/Services,1,2,3,1,2,3,1,1,3,2026-09-24 #23 (+5.44%),"2026-09-08 #42 (+6.04%), 2026-09-24 #23 (+5.44%)","2026-07-27 #49 (+5.71%), 2026-09-08 #42 (+6.04%), 2026-09-24 #23 (+5.44%)",2026-09-24 (+5.44%),"2026-09-08 (+6.04%), 2026-09-24 (+5.44%)","2026-07-27 (+5.71%), 2026-09-08 (+6.04%), 2026-09-24 (+5.44%)",2026-09-29 (-4.55%),2026-09-29 (-4.55%),"2026-08-05 (-4.45%), 2026-08-31 (-4.30%), 2026-09-29 (-4.55%)",-4.49,2.19,-15.49
SMSPHARMA,Health Technology,Pharmaceuticals: Major,0,2,3,0,4,7,0,1,3,-,"2026-09-11 #5 (+11.02%), 2026-09-18 #32 (+7.06%)","2026-08-07 #27 (+5.85%), 2026-09-11 #5 (+11.02%), 2026-09-18 #32 (+7.06%)",-,"2026-09-04 (+4.90%), 2026-09-11 (+11.02%), 2026-09-18 (+7.06%), 2026-09-21 (+5.32%)","2026-07-29 (+4.18%), 2026-08-07 (+5.85%), 2026-08-31 (+4.58%), 2026-09-04 (+4.90%), 2026-09-11 (+11.02%), 2026-09-18 (+7.06%), 2026-09-21 (+5.32%)",-,2026-09-15 (-11.50%),"2026-07-08 (-4.78%), 2026-07-30 (-5.55%), 2026-09-15 (-11.50%)",-0.82,28.92,14.79
IFCI,Finance,Finance/Rental/Leasing,0,2,3,1,3,7,2,5,5,-,"2026-09-02 #5 (+12.67%), 2026-09-04 #42 (+5.70%)","2026-08-28 #32 (+6.75%), 2026-09-02 #5 (+12.67%), 2026-09-04 #42 (+5.70%)",2026-09-23 (+4.67%),"2026-09-02 (+12.67%), 2026-09-04 (+5.70%), 2026-09-23 (+4.67%)","2026-07-29 (+4.06%), 2026-07-31 (+4.11%), 2026-08-13 (+4.29%), 2026-08-28 (+6.75%), 2026-09-02 (+12.67%), 2026-09-04 (+5.70%), 2026-09-23 (+4.67%)","2026-09-24 (-5.41%), 2026-09-28 (-4.60%)","2026-09-08 (-9.66%), 2026-09-10 (-4.28%), 2026-09-15 (-6.49%), 2026-09-24 (-5.41%), 2026-09-28 (-4.60%)","2026-09-08 (-9.66%), 2026-09-10 (-4.28%), 2026-09-15 (-6.49%), 2026-09-24 (-5.41%), 2026-09-28 (-4.60%)",-6.54,-20.88,-7.6
WELENT,Industrial Services,Engineering & Construction,0,2,3,0,4,6,0,2,2,-,"2026-09-02 #27 (+5.12%), 2026-09-04 #33 (+6.39%)","2026-08-21 #17 (+8.00%), 2026-09-02 #27 (+5.12%), 2026-09-04 #33 (+6.39%)",-,"2026-09-02 (+5.12%), 2026-09-04 (+6.39%), 2026-09-16 (+4.12%), 2026-09-18 (+5.73%)","2026-08-21 (+8.00%), 2026-08-26 (+4.82%), 2026-09-02 (+5.12%), 2026-09-04 (+6.39%), 2026-09-16 (+4.12%), 2026-09-18 (+5.73%)",-,"2026-09-15 (-6.18%), 2026-09-21 (-4.69%)","2026-09-15 (-6.18%), 2026-09-21 (-4.69%)",-5.03,8.61,21.57
GOODLUCK,Non-Energy Minerals,Steel,0,2,3,0,2,6,0,0,2,-,"2026-09-02 #50 (+4.82%), 2026-09-08 #22 (+7.48%)","2026-07-09 #44 (+6.62%), 2026-09-02 #50 (+4.82%), 2026-09-08 #22 (+7.48%)",-,"2026-09-02 (+4.82%), 2026-09-08 (+7.48%)","2026-07-09 (+6.62%), 2026-07-13 (+4.06%), 2026-08-14 (+4.32%), 2026-08-20 (+5.58%), 2026-09-02 (+4.82%), 2026-09-08 (+7.48%)",-,-,"2026-08-11 (-10.08%), 2026-08-25 (-4.50%)",-1.76,13.82,6.38
SGRL,Health Technology,Pharmaceuticals: Major,0,2,3,1,4,6,1,3,3,-,"2026-09-01 #3 (+12.80%), 2026-09-11 #49 (+4.36%)","2026-08-31 #6 (+11.81%), 2026-09-01 #3 (+12.80%), 2026-09-11 #49 (+4.36%)",2026-09-23 (+4.36%),"2026-09-01 (+12.80%), 2026-09-11 (+4.36%), 2026-09-17 (+4.56%), 2026-09-23 (+4.36%)","2026-08-28 (+5.01%), 2026-08-31 (+11.81%), 2026-09-01 (+12.80%), 2026-09-11 (+4.36%), 2026-09-17 (+4.56%), 2026-09-23 (+4.36%)",2026-09-24 (-7.94%),"2026-09-09 (-4.32%), 2026-09-10 (-5.14%), 2026-09-24 (-7.94%)","2026-09-09 (-4.32%), 2026-09-10 (-5.14%), 2026-09-24 (-7.94%)",-5.54,9.73,
BEPL,Process Industries,Industrial Specialties,0,2,3,0,2,6,0,1,3,-,"2026-09-01 #39 (+5.01%), 2026-09-08 #49 (+5.52%)","2026-07-20 #6 (+12.97%), 2026-09-01 #39 (+5.01%), 2026-09-08 #49 (+5.52%)",-,"2026-09-01 (+5.01%), 2026-09-08 (+5.52%)","2026-07-09 (+5.25%), 2026-07-13 (+4.81%), 2026-07-20 (+12.97%), 2026-08-03 (+4.05%), 2026-09-01 (+5.01%), 2026-09-08 (+5.52%)",-,2026-09-15 (-5.77%),"2026-07-27 (-5.99%), 2026-08-27 (-5.39%), 2026-09-15 (-5.77%)",-4.78,2.4,21.12
ARIS,Technology Services,Packaged Software,0,2,3,0,3,6,1,2,3,-,"2026-09-17 #11 (+9.22%), 2026-09-21 #43 (+6.57%)","2026-07-16 #19 (+6.21%), 2026-09-17 #11 (+9.22%), 2026-09-21 #43 (+6.57%)",-,"2026-09-17 (+9.22%), 2026-09-18 (+4.76%), 2026-09-21 (+6.57%)","2026-07-16 (+6.21%), 2026-07-20 (+4.05%), 2026-08-28 (+5.16%), 2026-09-17 (+9.22%), 2026-09-18 (+4.76%), 2026-09-21 (+6.57%)",2026-09-28 (-5.47%),"2026-09-01 (-7.44%), 2026-09-28 (-5.47%)","2026-08-31 (-5.97%), 2026-09-01 (-7.44%), 2026-09-28 (-5.47%)",-3.64,-5.11,24.42
SSWL,Producer Manufacturing,Auto Parts: OEM,0,2,3,0,2,5,0,1,1,-,"2026-09-01 #2 (+16.88%), 2026-09-18 #36 (+6.93%)","2026-07-15 #46 (+4.84%), 2026-09-01 #2 (+16.88%), 2026-09-18 #36 (+6.93%)",-,"2026-09-01 (+16.88%), 2026-09-18 (+6.93%)","2026-07-15 (+4.84%), 2026-07-31 (+4.43%), 2026-08-10 (+4.25%), 2026-09-01 (+16.88%), 2026-09-18 (+6.93%)",-,2026-09-15 (-8.54%),2026-09-15 (-8.54%),9.83,31.08,61.51
SPLPETRO,Process Industries,Industrial Specialties,0,2,3,0,3,5,0,0,1,-,"2026-09-04 #37 (+6.23%), 2026-09-18 #26 (+7.27%)","2026-08-12 #36 (+5.90%), 2026-09-04 #37 (+6.23%), 2026-09-18 #26 (+7.27%)",-,"2026-09-04 (+6.23%), 2026-09-07 (+4.08%), 2026-09-18 (+7.27%)","2026-08-12 (+5.90%), 2026-08-31 (+4.02%), 2026-09-04 (+6.23%), 2026-09-07 (+4.08%), 2026-09-18 (+7.27%)",-,-,2026-07-30 (-4.15%),-3.8,14.1,16.99
HERITGFOOD,Consumer Non-Durables,Food: Meat/Fish/Dairy,0,2,3,0,3,5,0,1,1,-,"2026-09-02 #18 (+7.08%), 2026-09-11 #45 (+4.86%)","2026-08-06 #26 (+6.11%), 2026-09-02 #18 (+7.08%), 2026-09-11 #45 (+4.86%)",-,"2026-09-02 (+7.08%), 2026-09-10 (+4.72%), 2026-09-11 (+4.86%)","2026-08-06 (+6.11%), 2026-08-20 (+5.21%), 2026-09-02 (+7.08%), 2026-09-10 (+4.72%), 2026-09-11 (+4.86%)",-,2026-09-15 (-5.64%),2026-09-15 (-5.64%),-3.26,11.04,19.89
AGI,Process Industries,Containers/Packaging,0,2,3,0,2,5,0,1,1,-,"2026-09-08 #28 (+6.98%), 2026-09-21 #18 (+9.97%)","2026-08-21 #45 (+5.89%), 2026-09-08 #28 (+6.98%), 2026-09-21 #18 (+9.97%)",-,"2026-09-08 (+6.98%), 2026-09-21 (+9.97%)","2026-07-27 (+5.10%), 2026-08-21 (+5.89%), 2026-08-28 (+5.03%), 2026-09-08 (+6.98%), 2026-09-21 (+9.97%)",-,2026-09-02 (-4.19%),2026-09-02 (-4.19%),-6.24,2.16,12.84
ANUHPHR,Health Technology,Pharmaceuticals: Major,0,2,3,0,4,5,0,2,2,-,"2026-09-07 #8 (+11.33%), 2026-09-08 #44 (+5.80%)","2026-08-27 #21 (+5.77%), 2026-09-07 #8 (+11.33%), 2026-09-08 #44 (+5.80%)",-,"2026-09-07 (+11.33%), 2026-09-08 (+5.80%), 2026-09-11 (+4.00%), 2026-09-17 (+5.00%)","2026-08-27 (+5.77%), 2026-09-07 (+11.33%), 2026-09-08 (+5.80%), 2026-09-11 (+4.00%), 2026-09-17 (+5.00%)",-,"2026-09-10 (-5.72%), 2026-09-15 (-4.78%)","2026-09-10 (-5.72%), 2026-09-15 (-4.78%)",-4.07,9.31,10.1
YATHARTH,Health Services,Hospital/Nursing Management,0,2,3,0,2,4,0,0,0,-,"2026-09-17 #12 (+9.17%), 2026-09-18 #50 (+6.26%)","2026-08-24 #36 (+6.13%), 2026-09-17 #12 (+9.17%), 2026-09-18 #50 (+6.26%)",-,"2026-09-17 (+9.17%), 2026-09-18 (+6.26%)","2026-08-24 (+6.13%), 2026-08-26 (+4.58%), 2026-09-17 (+9.17%), 2026-09-18 (+6.26%)",-,-,-,-1.87,10.59,28.45
IONEXCHANG,Producer Manufacturing,Industrial Machinery,0,2,3,0,3,4,0,0,1,-,"2026-09-04 #25 (+7.06%), 2026-09-07 #32 (+7.31%)","2026-07-10 #3 (+16.43%), 2026-09-04 #25 (+7.06%), 2026-09-07 #32 (+7.31%)",-,"2026-09-04 (+7.06%), 2026-09-07 (+7.31%), 2026-09-18 (+4.23%)","2026-07-10 (+16.43%), 2026-09-04 (+7.06%), 2026-09-07 (+7.31%), 2026-09-18 (+4.23%)",-,-,2026-08-06 (-7.05%),-4.56,12.74,-1.61
MOBIKWIK,Commercial Services,Miscellaneous Commercial Services,0,2,3,0,2,4,0,1,2,-,"2026-09-11 #13 (+7.72%), 2026-09-18 #35 (+6.97%)","2026-07-10 #11 (+10.29%), 2026-09-11 #13 (+7.72%), 2026-09-18 #35 (+6.97%)",-,"2026-09-11 (+7.72%), 2026-09-18 (+6.97%)","2026-07-10 (+10.29%), 2026-08-03 (+4.66%), 2026-09-11 (+7.72%), 2026-09-18 (+6.97%)",-,2026-09-15 (-4.22%),"2026-08-04 (-4.10%), 2026-09-15 (-4.22%)",-6.74,2.75,-5.11
JSWINFRA,Industrial Services,Engineering & Construction,0,2,3,0,2,4,0,1,2,-,"2026-09-18 #40 (+6.61%), 2026-09-22 #44 (+5.15%)","2026-07-13 #40 (+6.41%), 2026-09-18 #40 (+6.61%), 2026-09-22 #44 (+5.15%)",-,"2026-09-18 (+6.61%), 2026-09-22 (+5.15%)","2026-07-13 (+6.41%), 2026-08-03 (+5.31%), 2026-09-18 (+6.61%), 2026-09-22 (+5.15%)",-,2026-09-15 (-5.04%),"2026-07-22 (-4.22%), 2026-09-15 (-5.04%)",-4.79,2.94,6.87
IRISDOREME,Consumer Non-Durables,Apparel/Footwear,0,2,3,0,2,4,1,2,2,-,"2026-09-04 #38 (+6.00%), 2026-09-17 #19 (+7.51%)","2026-07-31 #30 (+6.71%), 2026-09-04 #38 (+6.00%), 2026-09-17 #19 (+7.51%)",-,"2026-09-04 (+6.00%), 2026-09-17 (+7.51%)","2026-07-07 (+4.04%), 2026-07-31 (+6.71%), 2026-09-04 (+6.00%), 2026-09-17 (+7.51%)",2026-09-28 (-5.09%),"2026-09-15 (-5.50%), 2026-09-28 (-5.09%)","2026-09-15 (-5.50%), 2026-09-28 (-5.09%)",-5.19,6.98,41.66
BBOX,Technology Services,Information Technology Services,0,2,3,0,3,4,0,1,4,-,"2026-09-07 #24 (+8.70%), 2026-09-11 #14 (+7.51%)","2026-08-13 #14 (+7.82%), 2026-09-07 #24 (+8.70%), 2026-09-11 #14 (+7.51%)",-,"2026-09-07 (+8.70%), 2026-09-11 (+7.51%), 2026-09-18 (+4.53%)","2026-08-13 (+7.82%), 2026-09-07 (+8.70%), 2026-09-11 (+7.51%), 2026-09-18 (+4.53%)",-,2026-09-15 (-6.87%),"2026-07-17 (-4.88%), 2026-07-28 (-5.58%), 2026-08-14 (-4.40%), 2026-09-15 (-6.87%)",0.34,8.71,-17.77
KUANTUM,Process Industries,Pulp & Paper,0,2,3,0,2,3,0,0,2,-,"2026-09-03 #48 (+5.52%), 2026-09-22 #42 (+5.21%)","2026-08-07 #18 (+6.74%), 2026-09-03 #48 (+5.52%), 2026-09-22 #42 (+5.21%)",-,"2026-09-03 (+5.52%), 2026-09-22 (+5.21%)","2026-08-07 (+6.74%), 2026-09-03 (+5.52%), 2026-09-22 (+5.21%)",-,-,"2026-08-13 (-6.09%), 2026-08-20 (-4.71%)",-9.68,6.39,0.93
NPST,Technology Services,Packaged Software,0,2,3,0,2,3,1,1,3,-,"2026-09-16 #1 (+11.90%), 2026-09-22 #34 (+5.54%)","2026-08-13 #34 (+6.39%), 2026-09-16 #1 (+11.90%), 2026-09-22 #34 (+5.54%)",-,"2026-09-16 (+11.90%), 2026-09-22 (+5.54%)","2026-08-13 (+6.39%), 2026-09-16 (+11.90%), 2026-09-22 (+5.54%)",2026-09-28 (-8.98%),2026-09-28 (-8.98%),"2026-07-06 (-4.46%), 2026-07-08 (-4.28%), 2026-09-28 (-8.98%)",-12.48,-1.05,-2.5
GOCLCORP,Process Industries,Industrial Specialties,0,2,3,0,2,3,2,3,4,-,"2026-09-03 #18 (+7.98%), 2026-09-17 #28 (+6.48%)","2026-08-07 #17 (+6.75%), 2026-09-03 #18 (+7.98%), 2026-09-17 #28 (+6.48%)",-,"2026-09-03 (+7.98%), 2026-09-17 (+6.48%)","2026-08-07 (+6.75%), 2026-09-03 (+7.98%), 2026-09-17 (+6.48%)","2026-09-23 (-4.45%), 2026-09-29 (-4.05%)","2026-09-22 (-9.35%), 2026-09-23 (-4.45%), 2026-09-29 (-4.05%)","2026-08-14 (-7.84%), 2026-09-22 (-9.35%), 2026-09-23 (-4.45%), 2026-09-29 (-4.05%)",-11.53,-7.35,-9.16
KISSHT,Finance,Finance/Rental/Leasing,0,2,3,0,1,2,1,1,2,-,"2026-09-15 #40 (+3.30%), 2026-09-17 #49 (+5.05%)","2026-07-21 #27 (+6.24%), 2026-09-15 #40 (+3.30%), 2026-09-17 #49 (+5.05%)",-,2026-09-17 (+5.05%),"2026-07-21 (+6.24%), 2026-09-17 (+5.05%)",2026-09-24 (-5.03%),2026-09-24 (-5.03%),"2026-07-30 (-7.54%), 2026-09-24 (-5.03%)",1.73,16.77,13.19
EMAMIPAP,Process Industries,Pulp & Paper,1,1,3,1,4,11,0,0,3,2026-09-28 #31 (+4.94%),2026-09-28 #31 (+4.94%),"2026-07-07 #30 (+4.25%), 2026-07-22 #2 (+20.00%), 2026-09-28 #31 (+4.94%)",2026-09-28 (+4.94%),"2026-09-04 (+5.00%), 2026-09-07 (+4.68%), 2026-09-18 (+4.22%), 2026-09-28 (+4.94%)","2026-07-07 (+4.25%), 2026-07-20 (+4.28%), 2026-07-21 (+4.53%), 2026-07-22 (+20.00%), 2026-07-31 (+4.99%), 2026-08-03 (+4.85%), 2026-08-17 (+4.35%), 2026-09-04 (+5.00%), 2026-09-07 (+4.68%), 2026-09-18 (+4.22%), 2026-09-28 (+4.94%)",-,-,"2026-07-27 (-4.99%), 2026-07-28 (-5.00%), 2026-08-28 (-5.10%)",4.23,3.83,36.72
OCCLLTD,Process Industries,Chemicals: Specialty,1,1,3,2,3,10,0,1,6,2026-09-28 #41 (+4.09%),2026-09-28 #41 (+4.09%),"2026-07-15 #42 (+4.96%), 2026-07-30 #23 (+4.86%), 2026-09-28 #41 (+4.09%)","2026-09-25 (+5.00%), 2026-09-28 (+4.09%)","2026-09-17 (+5.00%), 2026-09-25 (+5.00%), 2026-09-28 (+4.09%)","2026-07-15 (+4.96%), 2026-07-24 (+4.06%), 2026-07-27 (+4.99%), 2026-07-30 (+4.86%), 2026-07-31 (+5.00%), 2026-08-03 (+5.00%), 2026-08-18 (+4.99%), 2026-09-17 (+5.00%), 2026-09-25 (+5.00%), 2026-09-28 (+4.09%)",-,2026-09-15 (-4.87%),"2026-07-08 (-4.32%), 2026-08-05 (-5.00%), 2026-08-06 (-5.00%), 2026-08-12 (-4.66%), 2026-08-21 (-4.10%), 2026-09-15 (-4.87%)",17.96,12.47,39.89
JAYBARMARU,Distribution Services,Wholesale Distributors,1,1,3,2,2,9,0,0,12,2026-09-24 #28 (+5.00%),2026-09-24 #28 (+5.00%),"2026-07-06 #44 (+5.00%), 2026-07-07 #31 (+4.15%), 2026-09-24 #28 (+5.00%)","2026-09-23 (+4.99%), 2026-09-24 (+5.00%)","2026-09-23 (+4.99%), 2026-09-24 (+5.00%)","2026-07-06 (+5.00%), 2026-07-07 (+4.15%), 2026-07-09 (+5.00%), 2026-07-13 (+5.00%), 2026-07-27 (+5.00%), 2026-07-31 (+5.00%), 2026-08-28 (+4.71%), 2026-09-23 (+4.99%), 2026-09-24 (+5.00%)",-,-,"2026-07-08 (-5.00%), 2026-07-15 (-5.00%), 2026-07-16 (-5.00%), 2026-07-17 (-5.00%), 2026-07-23 (-5.00%), 2026-07-28 (-4.94%), 2026-07-29 (-5.00%), 2026-08-05 (-5.00%), 2026-08-06 (-4.99%), 2026-08-07 (-5.00%), 2026-08-10 (-5.00%), 2026-08-14 (-4.25%)",12.68,-0.2,-26.96
LLOYDSENT,Distribution Services,Wholesale Distributors,1,1,3,2,2,8,1,1,4,2026-09-25 #44 (+5.41%),2026-09-25 #44 (+5.41%),"2026-07-20 #37 (+5.56%), 2026-08-07 #42 (+5.06%), 2026-09-25 #44 (+5.41%)","2026-09-23 (+5.31%), 2026-09-25 (+5.41%)","2026-09-23 (+5.31%), 2026-09-25 (+5.41%)","2026-07-09 (+4.56%), 2026-07-10 (+4.83%), 2026-07-20 (+5.56%), 2026-07-27 (+4.61%), 2026-08-07 (+5.06%), 2026-08-18 (+4.47%), 2026-09-23 (+5.31%), 2026-09-25 (+5.41%)",2026-09-28 (-4.19%),2026-09-28 (-4.19%),"2026-07-07 (-4.03%), 2026-07-08 (-4.37%), 2026-08-24 (-4.55%), 2026-09-28 (-4.19%)",12.38,9.37,7.38
ADVANCE,Process Industries,Chemicals: Agricultural,1,1,3,1,2,5,0,0,1,2026-09-23 #15 (+10.38%),2026-09-23 #15 (+10.38%),"2026-07-28 #36 (+4.02%), 2026-08-05 #28 (+7.19%), 2026-09-23 #15 (+10.38%)",2026-09-23 (+10.38%),"2026-09-10 (+4.55%), 2026-09-23 (+10.38%)","2026-07-28 (+4.02%), 2026-07-31 (+4.70%), 2026-08-05 (+7.19%), 2026-09-10 (+4.55%), 2026-09-23 (+10.38%)",-,-,2026-08-10 (-4.69%),11.14,3.24,4.69
NELCAST,Non-Energy Minerals,Steel,1,1,3,1,2,5,0,0,2,2026-09-25 #19 (+8.72%),2026-09-25 #19 (+8.72%),"2026-07-21 #8 (+10.54%), 2026-07-31 #46 (+5.44%), 2026-09-25 #19 (+8.72%)",2026-09-25 (+8.72%),"2026-09-17 (+4.03%), 2026-09-25 (+8.72%)","2026-07-10 (+4.51%), 2026-07-21 (+10.54%), 2026-07-31 (+5.44%), 2026-09-17 (+4.03%), 2026-09-25 (+8.72%)",-,-,"2026-07-22 (-5.13%), 2026-07-27 (-13.26%)",9.21,-0.77,-12.01
SHERA,Producer Manufacturing,Electrical Products,1,1,3,1,1,5,0,1,3,2026-09-28 #11 (+7.20%),2026-09-28 #11 (+7.20%),"2026-07-16 #27 (+4.99%), 2026-07-17 #21 (+4.99%), 2026-09-28 #11 (+7.20%)",2026-09-28 (+7.20%),2026-09-28 (+7.20%),"2026-07-09 (+4.43%), 2026-07-16 (+4.99%), 2026-07-17 (+4.99%), 2026-08-28 (+4.09%), 2026-09-28 (+7.20%)",-,2026-09-15 (-6.13%),"2026-07-03 (-4.87%), 2026-07-08 (-4.87%), 2026-09-15 (-6.13%)",2.01,9.16,19.45
AARTIPHARM,Health Technology,Pharmaceuticals: Major,1,1,3,2,3,5,0,2,4,2026-09-29 #31 (+6.43%),2026-09-29 #31 (+6.43%),"2026-08-10 #2 (+20.00%), 2026-08-11 #27 (+7.38%), 2026-09-29 #31 (+6.43%)","2026-09-23 (+6.38%), 2026-09-29 (+6.43%)","2026-09-22 (+4.41%), 2026-09-23 (+6.38%), 2026-09-29 (+6.43%)","2026-08-10 (+20.00%), 2026-08-11 (+7.38%), 2026-09-22 (+4.41%), 2026-09-23 (+6.38%), 2026-09-29 (+6.43%)",-,"2026-09-09 (-4.31%), 2026-09-15 (-4.53%)","2026-07-22 (-4.22%), 2026-08-19 (-4.62%), 2026-09-09 (-4.31%), 2026-09-15 (-4.53%)",10.08,15.07,39.53
INDOAMIN,Process Industries,Chemicals: Major Diversified,1,1,3,1,2,4,0,0,1,2026-09-29 #40 (+5.80%),2026-09-29 #40 (+5.80%),"2026-07-21 #50 (+5.00%), 2026-07-22 #37 (+4.05%), 2026-09-29 #40 (+5.80%)",2026-09-29 (+5.80%),"2026-09-21 (+4.99%), 2026-09-29 (+5.80%)","2026-07-21 (+5.00%), 2026-07-22 (+4.05%), 2026-09-21 (+4.99%), 2026-09-29 (+5.80%)",-,-,2026-08-17 (-4.78%),7.9,20.62,10.67
DAMCAPITAL,Finance,Regional Banks,1,1,3,1,1,4,0,0,1,2026-09-28 #3 (+14.82%),2026-09-28 #3 (+14.82%),"2026-07-13 #50 (+5.58%), 2026-07-15 #13 (+7.90%), 2026-09-28 #3 (+14.82%)",2026-09-28 (+14.82%),2026-09-28 (+14.82%),"2026-07-09 (+4.13%), 2026-07-13 (+5.58%), 2026-07-15 (+7.90%), 2026-09-28 (+14.82%)",-,-,2026-08-12 (-4.09%),13.12,7.23,1.86
RAJRATAN,Producer Manufacturing,Metal Fabrication,1,1,3,1,2,4,0,2,2,2026-09-23 #35 (+7.33%),2026-09-23 #35 (+7.33%),"2026-07-21 #38 (+5.44%), 2026-08-04 #37 (+5.17%), 2026-09-23 #35 (+7.33%)",2026-09-23 (+7.33%),"2026-09-09 (+4.84%), 2026-09-23 (+7.33%)","2026-07-21 (+5.44%), 2026-08-04 (+5.17%), 2026-09-09 (+4.84%), 2026-09-23 (+7.33%)",-,"2026-09-16 (-4.57%), 2026-09-17 (-5.37%)","2026-09-16 (-4.57%), 2026-09-17 (-5.37%)",3.54,-6.24,2.85
PROSTARM,Producer Manufacturing,Electrical Products,1,1,3,1,1,4,0,1,2,2026-09-23 #28 (+8.01%),2026-09-23 #28 (+8.01%),"2026-08-03 #41 (+6.95%), 2026-08-06 #15 (+7.89%), 2026-09-23 #28 (+8.01%)",2026-09-23 (+8.01%),2026-09-23 (+8.01%),"2026-07-31 (+4.12%), 2026-08-03 (+6.95%), 2026-08-06 (+7.89%), 2026-09-23 (+8.01%)",-,2026-09-15 (-5.68%),"2026-08-13 (-4.69%), 2026-09-15 (-5.68%)",6.25,-0.26,-1.16
MANOMAY,Process Industries,Textiles,1,1,3,0,0,3,0,0,0,2026-09-24 #50 (+3.89%),2026-09-24 #50 (+3.89%),"2026-07-15 #45 (+4.92%), 2026-07-17 #9 (+8.48%), 2026-09-24 #50 (+3.89%)",-,-,"2026-07-09 (+4.05%), 2026-07-15 (+4.92%), 2026-07-17 (+8.48%)",-,-,-,4.01,4.66,28.76
SAIL,Non-Energy Minerals,Steel,1,1,3,1,1,3,0,1,1,2026-09-23 #45 (+6.57%),2026-09-23 #45 (+6.57%),"2026-08-04 #36 (+5.18%), 2026-08-26 #42 (+5.59%), 2026-09-23 #45 (+6.57%)",2026-09-23 (+6.57%),2026-09-23 (+6.57%),"2026-08-04 (+5.18%), 2026-08-26 (+5.59%), 2026-09-23 (+6.57%)",-,2026-09-07 (-4.52%),2026-09-07 (-4.52%),4.49,-6.76,8.15
BHAGYANGR,Producer Manufacturing,Electrical Products,0,1,3,1,6,11,0,1,8,-,2026-09-16 #41 (+5.00%),"2026-07-16 #41 (+4.63%), 2026-07-23 #27 (+4.99%), 2026-09-16 #41 (+5.00%)",2026-09-23 (+4.37%),"2026-09-08 (+4.99%), 2026-09-09 (+5.00%), 2026-09-10 (+4.99%), 2026-09-16 (+5.00%), 2026-09-17 (+5.00%), 2026-09-23 (+4.37%)","2026-07-06 (+4.99%), 2026-07-16 (+4.63%), 2026-07-23 (+4.99%), 2026-08-17 (+5.00%), 2026-08-18 (+4.85%), 2026-09-08 (+4.99%), 2026-09-09 (+5.00%), 2026-09-10 (+4.99%), 2026-09-16 (+5.00%), 2026-09-17 (+5.00%), 2026-09-23 (+4.37%)",-,2026-09-15 (-4.15%),"2026-07-03 (-4.69%), 2026-07-08 (-4.61%), 2026-07-20 (-4.58%), 2026-07-28 (-4.61%), 2026-07-29 (-5.00%), 2026-07-30 (-4.85%), 2026-08-19 (-4.65%), 2026-09-15 (-4.15%)",-4.21,6.08,4.69
RAMCOSYS,Technology Services,Information Technology Services,0,1,3,0,2,8,0,1,9,-,2026-09-22 #46 (+5.00%),"2026-07-06 #8 (+10.00%), 2026-07-13 #16 (+10.00%), 2026-09-22 #46 (+5.00%)",-,"2026-09-04 (+4.20%), 2026-09-22 (+5.00%)","2026-07-06 (+10.00%), 2026-07-13 (+10.00%), 2026-08-04 (+4.99%), 2026-08-05 (+5.00%), 2026-08-10 (+4.99%), 2026-08-24 (+4.86%), 2026-09-04 (+4.20%), 2026-09-22 (+5.00%)",-,2026-09-15 (-4.50%),"2026-07-14 (-7.84%), 2026-07-17 (-4.99%), 2026-07-24 (-9.99%), 2026-07-27 (-9.99%), 2026-07-28 (-4.99%), 2026-07-31 (-4.05%), 2026-08-12 (-5.00%), 2026-08-18 (-5.00%), 2026-09-15 (-4.50%)",-6.53,-3.75,-30.47
PTCIL,Producer Manufacturing,Metal Fabrication,0,1,3,0,2,7,0,1,1,-,2026-09-11 #27 (+5.56%),"2026-08-17 #22 (+8.05%), 2026-08-28 #29 (+7.22%), 2026-09-11 #27 (+5.56%)",-,"2026-09-03 (+4.86%), 2026-09-11 (+5.56%)","2026-08-07 (+4.69%), 2026-08-17 (+8.05%), 2026-08-21 (+5.13%), 2026-08-24 (+5.06%), 2026-08-28 (+7.22%), 2026-09-03 (+4.86%), 2026-09-11 (+5.56%)",-,2026-09-15 (-4.53%),2026-09-15 (-4.53%),1.83,1.9,28.87
MANALIPETC,Process Industries,Chemicals: Specialty,0,1,3,0,3,7,1,2,4,-,2026-09-03 #16 (+8.42%),"2026-08-20 #33 (+6.77%), 2026-08-31 #7 (+11.44%), 2026-09-03 #16 (+8.42%)",-,"2026-09-03 (+8.42%), 2026-09-08 (+4.55%), 2026-09-21 (+4.57%)","2026-07-13 (+4.47%), 2026-08-18 (+5.06%), 2026-08-20 (+6.77%), 2026-08-31 (+11.44%), 2026-09-03 (+8.42%), 2026-09-08 (+4.55%), 2026-09-21 (+4.57%)",2026-09-24 (-5.03%),"2026-09-15 (-5.58%), 2026-09-24 (-5.03%)","2026-08-21 (-4.77%), 2026-08-27 (-4.66%), 2026-09-15 (-5.58%), 2026-09-24 (-5.03%)",-5.53,-1.92,23.96
RPTECH,Distribution Services,Electronics Distributors,0,1,3,1,2,7,0,1,5,-,2026-09-22 #14 (+8.82%),"2026-07-30 #13 (+5.10%), 2026-08-28 #44 (+5.88%), 2026-09-22 #14 (+8.82%)",2026-09-29 (+4.68%),"2026-09-22 (+8.82%), 2026-09-29 (+4.68%)","2026-07-09 (+5.24%), 2026-07-30 (+5.10%), 2026-08-03 (+6.01%), 2026-08-17 (+4.53%), 2026-08-28 (+5.88%), 2026-09-22 (+8.82%), 2026-09-29 (+4.68%)",-,2026-09-08 (-4.15%),"2026-07-03 (-4.92%), 2026-08-06 (-4.13%), 2026-08-14 (-4.32%), 2026-08-25 (-10.10%), 2026-09-08 (-4.15%)",4.73,13.39,16.08
SANSERA,Producer Manufacturing,Auto Parts: OEM,0,1,3,0,2,6,1,2,2,-,2026-09-22 #25 (+6.74%),"2026-08-05 #36 (+6.67%), 2026-08-12 #49 (+5.24%), 2026-09-22 #25 (+6.74%)",-,"2026-09-18 (+6.03%), 2026-09-22 (+6.74%)","2026-07-10 (+5.16%), 2026-08-05 (+6.67%), 2026-08-12 (+5.24%), 2026-08-31 (+4.12%), 2026-09-18 (+6.03%), 2026-09-22 (+6.74%)",2026-09-28 (-4.40%),"2026-09-15 (-6.25%), 2026-09-28 (-4.40%)","2026-09-15 (-6.25%), 2026-09-28 (-4.40%)",-4.89,8.57,35.48
JAYAGROGN,Process Industries,Agricultural Commodities/Milling,0,1,3,0,1,6,0,2,2,-,2026-09-08 #15 (+9.07%),"2026-07-10 #34 (+6.88%), 2026-08-13 #16 (+7.61%), 2026-09-08 #15 (+9.07%)",-,2026-09-08 (+9.07%),"2026-07-10 (+6.88%), 2026-07-27 (+4.66%), 2026-07-31 (+4.07%), 2026-08-13 (+7.61%), 2026-08-31 (+4.39%), 2026-09-08 (+9.07%)",-,"2026-09-11 (-5.44%), 2026-09-15 (-6.86%)","2026-09-11 (-5.44%), 2026-09-15 (-6.86%)",-3.44,1.03,7.38
GFLLIMITED,Consumer Services,Movies/Entertainment,0,1,3,1,3,6,0,2,2,-,2026-09-04 #23 (+7.09%),"2026-08-13 #22 (+7.10%), 2026-08-19 #4 (+10.82%), 2026-09-04 #23 (+7.09%)",2026-09-25 (+4.30%),"2026-09-02 (+4.48%), 2026-09-04 (+7.09%), 2026-09-25 (+4.30%)","2026-08-06 (+4.28%), 2026-08-13 (+7.10%), 2026-08-19 (+10.82%), 2026-09-02 (+4.48%), 2026-09-04 (+7.09%), 2026-09-25 (+4.30%)",-,"2026-09-09 (-4.69%), 2026-09-15 (-6.14%)","2026-09-09 (-4.69%), 2026-09-15 (-6.14%)",-2.19,2.62,20.82
BRIGADE,Finance,Real Estate Development,0,1,3,0,1,6,0,1,2,-,2026-09-03 #4 (+11.30%),"2026-07-10 #26 (+7.60%), 2026-08-20 #39 (+6.47%), 2026-09-03 #4 (+11.30%)",-,2026-09-03 (+11.30%),"2026-07-06 (+4.57%), 2026-07-09 (+6.22%), 2026-07-10 (+7.60%), 2026-08-10 (+4.42%), 2026-08-20 (+6.47%), 2026-09-03 (+11.30%)",-,2026-09-15 (-4.13%),"2026-07-22 (-4.05%), 2026-09-15 (-4.13%)",-8.68,-14.15,12.33
ALICON,Producer Manufacturing,Auto Parts: OEM,0,1,3,0,2,6,0,1,2,-,2026-09-09 #33 (+6.07%),"2026-07-27 #26 (+6.62%), 2026-08-12 #30 (+6.09%), 2026-09-09 #33 (+6.07%)",-,"2026-09-09 (+6.07%), 2026-09-18 (+4.92%)","2026-07-27 (+6.62%), 2026-08-03 (+4.52%), 2026-08-12 (+6.09%), 2026-08-18 (+4.25%), 2026-09-09 (+6.07%), 2026-09-18 (+4.92%)",-,2026-09-15 (-4.94%),"2026-08-13 (-4.09%), 2026-09-15 (-4.94%)",-2.64,8.93,11.65
SBCL,Non-Energy Minerals,Other Metals/Minerals,0,1,3,0,2,6,0,1,3,-,2026-09-03 #9 (+9.99%),"2026-08-07 #1 (+19.99%), 2026-08-10 #1 (+20.00%), 2026-09-03 #9 (+9.99%)",-,"2026-09-03 (+9.99%), 2026-09-21 (+4.37%)","2026-07-03 (+4.04%), 2026-07-09 (+4.44%), 2026-08-07 (+19.99%), 2026-08-10 (+20.00%), 2026-09-03 (+9.99%), 2026-09-21 (+4.37%)",-,2026-09-15 (-6.15%),"2026-07-06 (-6.88%), 2026-08-11 (-5.96%), 2026-09-15 (-6.15%)",-1.38,3.86,45.61
MSTCLTD,Retail Trade,Internet Retail,0,1,3,0,2,6,1,2,4,-,2026-09-07 #37 (+7.01%),"2026-08-14 #15 (+7.35%), 2026-08-18 #24 (+7.40%), 2026-09-07 #37 (+7.01%)",-,"2026-09-03 (+4.57%), 2026-09-07 (+7.01%)","2026-08-14 (+7.35%), 2026-08-17 (+4.78%), 2026-08-18 (+7.40%), 2026-08-24 (+4.16%), 2026-09-03 (+4.57%), 2026-09-07 (+7.01%)",2026-09-28 (-4.10%),"2026-09-15 (-5.06%), 2026-09-28 (-4.10%)","2026-07-07 (-6.27%), 2026-07-17 (-5.90%), 2026-09-15 (-5.06%), 2026-09-28 (-4.10%)",-4.54,-5.07,2.57
REMUS,Health Technology,Pharmaceuticals: Major,0,1,3,0,1,5,0,0,0,-,2026-09-17 #4 (+12.21%),"2026-08-06 #40 (+5.40%), 2026-08-20 #20 (+8.06%), 2026-09-17 #4 (+12.21%)",-,2026-09-17 (+12.21%),"2026-08-03 (+6.39%), 2026-08-06 (+5.40%), 2026-08-13 (+4.00%), 2026-08-20 (+8.06%), 2026-09-17 (+12.21%)",-,-,-,-7.01,1.03,18.0
PDMJEPAPER,Process Industries,Pulp & Paper,0,1,3,0,3,5,0,0,1,-,2026-09-07 #23 (+8.81%),"2026-07-23 #46 (+3.96%), 2026-08-28 #16 (+8.52%), 2026-09-07 #23 (+8.81%)",-,"2026-09-03 (+4.01%), 2026-09-07 (+8.81%), 2026-09-17 (+4.55%)","2026-07-27 (+4.39%), 2026-08-28 (+8.52%), 2026-09-03 (+4.01%), 2026-09-07 (+8.81%), 2026-09-17 (+4.55%)",-,-,2026-08-11 (-8.08%),-2.76,-0.57,13.01
QUESS,Commercial Services,Personnel Services,0,1,3,0,1,5,0,1,2,-,2026-09-09 #44 (+5.19%),"2026-07-31 #22 (+7.38%), 2026-08-26 #28 (+6.83%), 2026-09-09 #44 (+5.19%)",-,2026-09-09 (+5.19%),"2026-07-31 (+7.38%), 2026-08-10 (+4.08%), 2026-08-26 (+6.83%), 2026-08-28 (+4.29%), 2026-09-09 (+5.19%)",-,2026-09-07 (-4.27%),"2026-08-04 (-6.38%), 2026-09-07 (-4.27%)",-5.09,-10.39,20.65
KOTHARIPET,Process Industries,Chemicals: Specialty,0,1,3,0,1,5,0,1,3,-,2026-09-08 #17 (+8.27%),"2026-07-03 #29 (+6.49%), 2026-07-23 #18 (+5.77%), 2026-09-08 #17 (+8.27%)",-,2026-09-08 (+8.27%),"2026-07-03 (+6.49%), 2026-07-23 (+5.77%), 2026-07-31 (+4.18%), 2026-08-03 (+5.21%), 2026-09-08 (+8.27%)",-,2026-09-15 (-5.93%),"2026-07-08 (-5.10%), 2026-08-17 (-6.96%), 2026-09-15 (-5.93%)",-3.87,-1.66,5.82
AYMSYNTEX,Process Industries,Textiles,0,1,3,0,3,5,0,2,3,-,2026-09-02 #23 (+6.22%),"2026-07-17 #37 (+3.81%), 2026-08-31 #11 (+10.24%), 2026-09-02 #23 (+6.22%)",-,"2026-09-01 (+4.90%), 2026-09-02 (+6.22%), 2026-09-17 (+4.12%)","2026-08-14 (+4.02%), 2026-08-31 (+10.24%), 2026-09-01 (+4.90%), 2026-09-02 (+6.22%), 2026-09-17 (+4.12%)",-,"2026-09-10 (-5.85%), 2026-09-15 (-4.46%)","2026-07-06 (-6.58%), 2026-09-10 (-5.85%), 2026-09-15 (-4.46%)",-3.2,12.4,15.33
NITTAGELA,Consumer Non-Durables,Food: Specialty/Candy,0,1,3,0,0,5,0,0,4,-,2026-09-15 #45 (+2.90%),"2026-07-08 #31 (+3.83%), 2026-07-23 #36 (+4.59%), 2026-09-15 #45 (+2.90%)",-,-,"2026-07-09 (+4.50%), 2026-07-10 (+5.32%), 2026-07-23 (+4.59%), 2026-07-31 (+4.91%), 2026-08-28 (+4.19%)",-,-,"2026-07-13 (-5.03%), 2026-08-03 (-10.05%), 2026-08-04 (-5.29%), 2026-08-11 (-4.15%)",0.16,5.07,-0.58
FOSECOIND,Process Industries,Chemicals: Major Diversified,0,1,3,0,1,4,0,0,0,-,2026-09-16 #5 (+10.01%),"2026-08-25 #42 (+4.81%), 2026-08-26 #16 (+8.23%), 2026-09-16 #5 (+10.01%)",-,2026-09-16 (+10.01%),"2026-08-25 (+4.81%), 2026-08-26 (+8.23%), 2026-08-28 (+4.12%), 2026-09-16 (+10.01%)",-,-,-,-3.46,-1.51,20.78
BALAJITELE,Consumer Services,Movies/Entertainment,0,1,3,0,2,4,0,0,0,-,2026-09-15 #15 (+5.35%),"2026-08-10 #46 (+5.49%), 2026-08-21 #26 (+6.92%), 2026-09-15 #15 (+5.35%)",-,"2026-09-15 (+5.35%), 2026-09-17 (+4.20%)","2026-08-10 (+5.49%), 2026-08-21 (+6.92%), 2026-09-15 (+5.35%), 2026-09-17 (+4.20%)",-,-,-,-2.1,-0.17,1.93
AFFLE,Technology Services,Packaged Software,0,1,3,0,1,4,0,0,0,-,2026-09-04 #32 (+6.40%),"2026-07-28 #4 (+9.31%), 2026-08-11 #49 (+5.19%), 2026-09-04 #32 (+6.40%)",-,2026-09-04 (+6.40%),"2026-07-28 (+9.31%), 2026-08-03 (+4.85%), 2026-08-11 (+5.19%), 2026-09-04 (+6.40%)",-,-,-,-5.73,-6.06,2.94
SAATVIKGL,Producer Manufacturing,Industrial Machinery,0,1,3,0,2,4,0,0,1,-,2026-09-16 #22 (+6.08%),"2026-07-09 #19 (+8.37%), 2026-07-14 #41 (+3.71%), 2026-09-16 #22 (+6.08%)",-,"2026-09-16 (+6.08%), 2026-09-21 (+4.81%)","2026-07-09 (+8.37%), 2026-08-21 (+4.48%), 2026-09-16 (+6.08%), 2026-09-21 (+4.81%)",-,-,2026-08-17 (-5.79%),-7.22,-0.83,-8.63
ROTO,Producer Manufacturing,Industrial Machinery,0,1,3,0,1,4,0,0,1,-,2026-09-01 #50 (+4.96%),"2026-07-20 #28 (+6.49%), 2026-08-06 #46 (+5.00%), 2026-09-01 #50 (+4.96%)",-,2026-09-01 (+4.96%),"2026-07-20 (+6.49%), 2026-07-29 (+4.65%), 2026-08-06 (+5.00%), 2026-09-01 (+4.96%)",-,-,2026-07-08 (-5.43%),0.73,0.65,-10.93
RELTD,Utilities,Alternative Power Generation,0,1,3,0,2,4,0,1,1,-,2026-09-22 #45 (+5.09%),"2026-07-06 #34 (+5.68%), 2026-07-07 #49 (+3.32%), 2026-09-22 #45 (+5.09%)",-,"2026-09-03 (+4.61%), 2026-09-22 (+5.09%)","2026-07-06 (+5.68%), 2026-08-20 (+4.15%), 2026-09-03 (+4.61%), 2026-09-22 (+5.09%)",-,2026-09-15 (-4.33%),2026-09-15 (-4.33%),-1.41,-4.87,-9.2
HEXT,Technology Services,Packaged Software,0,1,3,0,1,4,0,0,1,-,2026-09-15 #30 (+4.11%),"2026-07-28 #16 (+5.36%), 2026-08-24 #43 (+5.64%), 2026-09-15 #30 (+4.11%)",-,2026-09-15 (+4.11%),"2026-07-28 (+5.36%), 2026-07-29 (+4.24%), 2026-08-24 (+5.64%), 2026-09-15 (+4.11%)",-,-,2026-07-30 (-6.91%),-4.38,-13.1,-13.16
SRHHYPOLTD,Process Industries,Chemicals: Specialty,0,1,3,0,2,4,1,3,3,-,2026-09-21 #1 (+20.00%),"2026-08-06 #45 (+5.02%), 2026-08-31 #31 (+5.82%), 2026-09-21 #1 (+20.00%)",-,"2026-09-04 (+4.35%), 2026-09-21 (+20.00%)","2026-08-06 (+5.02%), 2026-08-31 (+5.82%), 2026-09-04 (+4.35%), 2026-09-21 (+20.00%)",2026-09-28 (-4.17%),"2026-09-15 (-5.04%), 2026-09-22 (-4.53%), 2026-09-28 (-4.17%)","2026-09-15 (-5.04%), 2026-09-22 (-4.53%), 2026-09-28 (-4.17%)",-3.96,21.43,18.51
JTLIND,Non-Energy Minerals,Steel,0,1,3,0,1,4,0,1,3,-,2026-09-02 #29 (+5.04%),"2026-08-21 #33 (+6.58%), 2026-08-28 #13 (+8.84%), 2026-09-02 #29 (+5.04%)",-,2026-09-02 (+5.04%),"2026-08-04 (+4.13%), 2026-08-21 (+6.58%), 2026-08-28 (+8.84%), 2026-09-02 (+5.04%)",-,2026-09-15 (-7.00%),"2026-07-08 (-5.87%), 2026-07-22 (-4.32%), 2026-09-15 (-7.00%)",-0.37,-1.17,10.92
NEOGEN,Process Industries,Chemicals: Specialty,0,1,3,0,2,4,0,1,4,-,2026-09-10 #29 (+5.93%),"2026-07-15 #27 (+5.82%), 2026-08-10 #25 (+7.43%), 2026-09-10 #29 (+5.93%)",-,"2026-09-10 (+5.93%), 2026-09-17 (+4.05%)","2026-07-15 (+5.82%), 2026-08-10 (+7.43%), 2026-09-10 (+5.93%), 2026-09-17 (+4.05%)",-,2026-09-21 (-5.17%),"2026-07-17 (-6.28%), 2026-08-11 (-4.13%), 2026-08-24 (-4.37%), 2026-09-21 (-5.17%)",2.36,10.64,23.58
KNAGRI,Process Industries,Agricultural Commodities/Milling,0,1,3,0,1,4,1,2,4,-,2026-09-17 #5 (+12.20%),"2026-08-13 #30 (+6.58%), 2026-08-14 #29 (+5.31%), 2026-09-17 #5 (+12.20%)",-,2026-09-17 (+12.20%),"2026-07-21 (+4.76%), 2026-08-13 (+6.58%), 2026-08-14 (+5.31%), 2026-09-17 (+12.20%)",2026-09-25 (-4.15%),"2026-09-16 (-6.37%), 2026-09-25 (-4.15%)","2026-07-29 (-4.56%), 2026-08-17 (-4.30%), 2026-09-16 (-6.37%), 2026-09-25 (-4.15%)",-1.98,-9.12,-6.51
CEWATER,Industrial Services,Environmental Services,0,1,3,0,2,4,0,1,5,-,2026-09-18 #13 (+8.87%),"2026-07-10 #10 (+10.36%), 2026-08-25 #41 (+4.86%), 2026-09-18 #13 (+8.87%)",-,"2026-09-09 (+4.98%), 2026-09-18 (+8.87%)","2026-07-10 (+10.36%), 2026-08-25 (+4.86%), 2026-09-09 (+4.98%), 2026-09-18 (+8.87%)",-,2026-09-16 (-6.08%),"2026-07-13 (-5.64%), 2026-07-14 (-4.19%), 2026-08-12 (-5.16%), 2026-08-21 (-4.32%), 2026-09-16 (-6.08%)",-6.87,-3.67,-22.45
RESPONIND,Non-Energy Minerals,Forest Products,0,1,3,1,2,4,0,2,7,-,2026-09-09 #9 (+14.41%),"2026-07-03 #42 (+5.49%), 2026-07-17 #2 (+15.75%), 2026-09-09 #9 (+14.41%)",2026-09-29 (+4.02%),"2026-09-09 (+14.41%), 2026-09-29 (+4.02%)","2026-07-03 (+5.49%), 2026-07-17 (+15.75%), 2026-09-09 (+14.41%), 2026-09-29 (+4.02%)",-,"2026-09-07 (-4.36%), 2026-09-15 (-7.19%)","2026-07-08 (-4.23%), 2026-07-09 (-6.27%), 2026-07-20 (-12.62%), 2026-07-21 (-5.67%), 2026-08-17 (-4.15%), 2026-09-07 (-4.36%), 2026-09-15 (-7.19%)",6.81,12.77,-16.7
ORIENTTECH,Technology Services,Information Technology Services,0,1,3,0,1,3,0,0,1,-,2026-09-11 #21 (+6.07%),"2026-07-14 #7 (+8.50%), 2026-07-27 #14 (+7.88%), 2026-09-11 #21 (+6.07%)",-,2026-09-11 (+6.07%),"2026-07-14 (+8.50%), 2026-07-27 (+7.88%), 2026-09-11 (+6.07%)",-,-,2026-07-16 (-4.09%),-1.52,-3.14,-12.16
HUBTOWN,Finance,Real Estate Development,0,1,3,0,1,3,0,1,1,-,2026-09-03 #32 (+6.42%),"2026-08-13 #33 (+6.47%), 2026-08-20 #9 (+10.38%), 2026-09-03 #32 (+6.42%)",-,2026-09-03 (+6.42%),"2026-08-13 (+6.47%), 2026-08-20 (+10.38%), 2026-09-03 (+6.42%)",-,2026-09-15 (-4.43%),2026-09-15 (-4.43%),-5.24,-8.72,-21.89
BIL,Consumer Non-Durables,Consumer Sundries,0,1,3,0,1,3,0,1,1,-,2026-09-09 #4 (+18.29%),"2026-07-28 #30 (+4.43%), 2026-08-04 #30 (+5.38%), 2026-09-09 #4 (+18.29%)",-,2026-09-09 (+18.29%),"2026-07-28 (+4.43%), 2026-08-04 (+5.38%), 2026-09-09 (+18.29%)",-,2026-09-15 (-4.24%),2026-09-15 (-4.24%),-4.74,16.67,33.1
INNOVANA,Technology Services,Packaged Software,0,1,3,0,1,3,0,1,2,-,2026-09-11 #26 (+5.72%),"2026-07-15 #41 (+4.97%), 2026-07-24 #16 (+6.22%), 2026-09-11 #26 (+5.72%)",-,2026-09-11 (+5.72%),"2026-07-15 (+4.97%), 2026-07-24 (+6.22%), 2026-09-11 (+5.72%)",-,2026-09-15 (-6.39%),"2026-07-06 (-4.64%), 2026-09-15 (-6.39%)",-1.29,-4.22,-12.2
AVANTIFEED,Process Industries,Agricultural Commodities/Milling,0,1,3,0,1,3,0,0,2,-,2026-09-08 #34 (+6.43%),"2026-07-15 #30 (+5.75%), 2026-07-16 #37 (+4.70%), 2026-09-08 #34 (+6.43%)",-,2026-09-08 (+6.43%),"2026-07-15 (+5.75%), 2026-07-16 (+4.70%), 2026-09-08 (+6.43%)",-,-,"2026-07-08 (-4.47%), 2026-08-11 (-4.86%)",-0.75,-9.36,-21.1
NIBE,Process Industries,Textiles,0,1,3,0,1,3,0,1,3,-,2026-09-21 #44 (+6.53%),"2026-07-09 #32 (+7.11%), 2026-08-20 #37 (+6.56%), 2026-09-21 #44 (+6.53%)",-,2026-09-21 (+6.53%),"2026-07-09 (+7.11%), 2026-08-20 (+6.56%), 2026-09-21 (+6.53%)",-,2026-09-15 (-4.52%),"2026-07-07 (-5.26%), 2026-07-30 (-5.36%), 2026-09-15 (-4.52%)",-9.59,-12.04,-25.22
HESTERBIO,Health Technology,Pharmaceuticals: Major,0,1,3,0,1,3,0,1,3,-,2026-09-04 #16 (+9.25%),"2026-07-13 #2 (+20.00%), 2026-07-27 #24 (+6.80%), 2026-09-04 #16 (+9.25%)",-,2026-09-04 (+9.25%),"2026-07-13 (+20.00%), 2026-07-27 (+6.80%), 2026-09-04 (+9.25%)",-,2026-09-15 (-4.11%),"2026-07-08 (-5.34%), 2026-07-14 (-6.22%), 2026-09-15 (-4.11%)",-0.63,-5.96,-1.53
SILVERTUC,Technology Services,Packaged Software,0,1,3,0,1,3,0,1,4,-,2026-09-21 #19 (+9.86%),"2026-07-08 #37 (+3.62%), 2026-07-14 #38 (+3.75%), 2026-09-21 #19 (+9.86%)",-,2026-09-21 (+9.86%),"2026-07-13 (+4.96%), 2026-07-24 (+4.25%), 2026-09-21 (+9.86%)",-,2026-09-10 (-4.98%),"2026-07-10 (-4.42%), 2026-08-17 (-5.74%), 2026-08-21 (-4.81%), 2026-09-10 (-4.98%)",-9.81,-18.39,-21.26
XPROINDIA,Process Industries,Industrial Specialties,0,1,3,0,1,3,1,2,5,-,2026-09-02 #4 (+13.19%),"2026-07-31 #20 (+7.58%), 2026-08-11 #41 (+5.60%), 2026-09-02 #4 (+13.19%)",-,2026-09-02 (+13.19%),"2026-07-31 (+7.58%), 2026-08-11 (+5.60%), 2026-09-02 (+13.19%)",2026-09-28 (-4.59%),"2026-09-09 (-6.35%), 2026-09-28 (-4.59%)","2026-08-03 (-13.17%), 2026-08-04 (-9.56%), 2026-08-05 (-5.64%), 2026-09-09 (-6.35%), 2026-09-28 (-4.59%)",-3.38,1.06,-22.83
MTARTECH,Electronic Technology,Aerospace & Defense,0,0,3,1,3,11,0,1,9,-,-,"2026-07-22 #21 (+5.00%), 2026-07-30 #18 (+5.00%), 2026-08-04 #42 (+5.00%)",2026-09-29 (+5.00%),"2026-09-04 (+5.00%), 2026-09-07 (+5.00%), 2026-09-29 (+5.00%)","2026-07-15 (+4.52%), 2026-07-22 (+5.00%), 2026-07-30 (+5.00%), 2026-07-31 (+5.00%), 2026-08-03 (+4.99%), 2026-08-04 (+5.00%), 2026-08-05 (+5.00%), 2026-08-06 (+4.99%), 2026-09-04 (+5.00%), 2026-09-07 (+5.00%), 2026-09-29 (+5.00%)",-,2026-09-15 (-5.00%),"2026-07-03 (-4.96%), 2026-07-13 (-5.00%), 2026-07-14 (-5.00%), 2026-07-16 (-4.99%), 2026-07-17 (-5.00%), 2026-07-20 (-5.00%), 2026-07-28 (-5.00%), 2026-07-29 (-4.99%), 2026-09-15 (-5.00%)",3.48,5.43,0.34
GVPIL,Industrial Services,Engineering & Construction,0,0,3,1,4,10,0,1,6,-,-,"2026-07-06 #45 (+5.00%), 2026-07-15 #38 (+5.00%), 2026-08-07 #44 (+5.00%)",2026-09-29 (+5.00%),"2026-09-03 (+5.00%), 2026-09-18 (+4.99%), 2026-09-21 (+5.00%), 2026-09-29 (+5.00%)","2026-07-06 (+5.00%), 2026-07-15 (+5.00%), 2026-07-20 (+4.99%), 2026-08-03 (+4.99%), 2026-08-07 (+5.00%), 2026-08-12 (+4.44%), 2026-09-03 (+5.00%), 2026-09-18 (+4.99%), 2026-09-21 (+5.00%), 2026-09-29 (+5.00%)",-,2026-09-15 (-5.00%),"2026-07-03 (-5.00%), 2026-07-10 (-4.69%), 2026-07-28 (-4.29%), 2026-08-14 (-5.00%), 2026-08-17 (-5.00%), 2026-09-15 (-5.00%)",1.61,9.01,-25.63
INDIANHUME,Producer Manufacturing,Building Products,0,0,3,0,1,9,0,1,3,-,-,"2026-07-13 #8 (+12.12%), 2026-07-29 #49 (+5.03%), 2026-08-21 #34 (+6.57%)",-,2026-09-02 (+4.45%),"2026-07-06 (+4.18%), 2026-07-09 (+4.10%), 2026-07-10 (+5.25%), 2026-07-13 (+12.12%), 2026-07-24 (+4.24%), 2026-07-29 (+5.03%), 2026-08-03 (+6.08%), 2026-08-21 (+6.57%), 2026-09-02 (+4.45%)",-,2026-09-15 (-4.21%),"2026-07-07 (-4.41%), 2026-08-04 (-4.27%), 2026-09-15 (-4.21%)",-3.29,-7.95,8.72
AMANTA,Health Technology,Pharmaceuticals: Major,0,0,3,0,0,7,0,0,1,-,-,"2026-07-06 #49 (+5.00%), 2026-07-07 #18 (+5.00%), 2026-07-08 #36 (+3.71%)",-,-,"2026-07-06 (+5.00%), 2026-07-07 (+5.00%), 2026-08-17 (+4.99%), 2026-08-18 (+4.97%), 2026-08-20 (+5.00%), 2026-08-21 (+4.98%), 2026-08-24 (+4.79%)",-,-,2026-08-25 (-5.00%),0.63,0.84,15.52
WELINV,Finance,Investment Banks/Brokers,0,0,3,0,0,7,0,0,2,-,-,"2026-07-14 #23 (+4.89%), 2026-07-24 #42 (+4.84%), 2026-08-25 #31 (+5.00%)",-,-,"2026-07-03 (+4.94%), 2026-07-14 (+4.89%), 2026-07-24 (+4.84%), 2026-08-21 (+5.00%), 2026-08-24 (+5.00%), 2026-08-25 (+5.00%), 2026-08-26 (+5.00%)",-,-,"2026-07-13 (-4.95%), 2026-07-23 (-4.31%)",1.08,7.78,35.73
PAYTM,Finance,Finance/Rental/Leasing,0,0,3,0,2,7,0,2,2,-,-,"2026-07-10 #40 (+6.25%), 2026-08-10 #16 (+9.88%), 2026-08-25 #19 (+5.82%)",-,"2026-09-09 (+4.88%), 2026-09-18 (+4.93%)","2026-07-10 (+6.25%), 2026-08-03 (+4.99%), 2026-08-10 (+9.88%), 2026-08-25 (+5.82%), 2026-08-31 (+4.01%), 2026-09-09 (+4.88%), 2026-09-18 (+4.93%)",-,"2026-09-01 (-4.87%), 2026-09-15 (-4.29%)","2026-09-01 (-4.87%), 2026-09-15 (-4.29%)",-7.24,-1.99,38.7
MMFL,Producer Manufacturing,Metal Fabrication,0,0,3,0,1,7,0,1,2,-,-,"2026-08-06 #31 (+5.78%), 2026-08-17 #28 (+7.21%), 2026-08-18 #21 (+7.58%)",-,2026-09-10 (+4.40%),"2026-07-21 (+4.13%), 2026-08-06 (+5.78%), 2026-08-07 (+4.23%), 2026-08-10 (+4.63%), 2026-08-17 (+7.21%), 2026-08-18 (+7.58%), 2026-09-10 (+4.40%)",-,2026-09-15 (-6.00%),"2026-08-14 (-5.12%), 2026-09-15 (-6.00%)",1.51,-4.55,32.55
ARKADE,Consumer Durables,Homebuilding,0,0,3,0,2,7,0,1,2,-,-,"2026-07-07 #21 (+4.90%), 2026-07-13 #42 (+6.25%), 2026-08-13 #43 (+5.60%)",-,"2026-09-03 (+5.29%), 2026-09-22 (+4.02%)","2026-07-07 (+4.90%), 2026-07-09 (+4.84%), 2026-07-13 (+6.25%), 2026-07-29 (+4.44%), 2026-08-13 (+5.60%), 2026-09-03 (+5.29%), 2026-09-22 (+4.02%)",-,2026-09-15 (-4.60%),"2026-08-25 (-4.15%), 2026-09-15 (-4.60%)",-5.05,-1.16,-2.7
GSPCROP,Process Industries,Chemicals: Agricultural,0,0,3,0,0,7,0,2,3,-,-,"2026-07-16 #10 (+7.89%), 2026-07-23 #8 (+7.77%), 2026-07-29 #28 (+6.63%)",-,-,"2026-07-10 (+4.07%), 2026-07-13 (+5.16%), 2026-07-16 (+7.89%), 2026-07-23 (+7.77%), 2026-07-27 (+4.92%), 2026-07-29 (+6.63%), 2026-08-24 (+4.75%)",-,"2026-09-08 (-11.64%), 2026-09-09 (-7.47%)","2026-07-08 (-4.39%), 2026-09-08 (-11.64%), 2026-09-09 (-7.47%)",-3.19,-25.08,19.13
HEGAM,Electronic Technology,Electronic Components,0,0,3,0,3,7,0,7,8,-,-,"2026-07-10 #43 (+5.99%), 2026-07-23 #42 (+4.17%), 2026-08-18 #50 (+5.86%)",-,"2026-09-17 (+5.00%), 2026-09-18 (+4.98%), 2026-09-21 (+4.83%)","2026-07-10 (+5.99%), 2026-07-13 (+5.57%), 2026-07-23 (+4.17%), 2026-08-18 (+5.86%), 2026-09-17 (+5.00%), 2026-09-18 (+4.98%), 2026-09-21 (+4.83%)",-,"2026-09-07 (-62.62%), 2026-09-08 (-5.00%), 2026-09-10 (-4.99%), 2026-09-11 (-4.99%), 2026-09-15 (-5.00%), 2026-09-16 (-4.57%), 2026-09-22 (-6.28%)","2026-08-19 (-4.22%), 2026-09-07 (-62.62%), 2026-09-08 (-5.00%), 2026-09-10 (-4.99%), 2026-09-11 (-4.99%), 2026-09-15 (-5.00%), 2026-09-16 (-4.57%), 2026-09-22 (-6.28%)",2.3,-67.31,-54.35
CYIENT,Technology Services,Packaged Software,0,0,3,0,0,6,0,0,0,-,-,"2026-08-25 #9 (+7.70%), 2026-08-26 #25 (+7.01%), 2026-08-31 #28 (+6.08%)",-,-,"2026-08-13 (+4.66%), 2026-08-19 (+4.19%), 2026-08-25 (+7.70%), 2026-08-26 (+7.01%), 2026-08-28 (+5.20%), 2026-08-31 (+6.08%)",-,-,-,-2.2,-10.17,20.0
AKUMS,Health Technology,Biotechnology,0,0,3,0,1,6,0,0,0,-,-,"2026-07-07 #32 (+4.05%), 2026-07-10 #36 (+6.65%), 2026-08-07 #37 (+5.27%)",-,2026-09-21 (+4.82%),"2026-07-07 (+4.05%), 2026-07-10 (+6.65%), 2026-08-07 (+5.27%), 2026-08-10 (+4.68%), 2026-08-11 (+4.23%), 2026-09-21 (+4.82%)",-,-,-,1.44,5.52,28.57
SAPPHIRE,Consumer Services,Restaurants,0,0,3,0,1,6,0,0,1,-,-,"2026-07-29 #47 (+5.12%), 2026-08-07 #4 (+12.26%), 2026-08-11 #30 (+6.98%)",-,2026-09-17 (+4.44%),"2026-07-27 (+4.45%), 2026-07-29 (+5.12%), 2026-08-05 (+5.31%), 2026-08-07 (+12.26%), 2026-08-11 (+6.98%), 2026-09-17 (+4.44%)",-,-,2026-07-31 (-5.19%),-11.04,-9.97,14.15
ALPEXSOLAR,Electronic Technology,Semiconductors,0,0,3,0,1,6,0,0,1,-,-,"2026-07-15 #6 (+10.83%), 2026-08-18 #2 (+12.73%), 2026-08-24 #49 (+5.23%)",-,2026-09-07 (+5.02%),"2026-07-09 (+5.24%), 2026-07-15 (+10.83%), 2026-07-20 (+4.99%), 2026-08-18 (+12.73%), 2026-08-24 (+5.23%), 2026-09-07 (+5.02%)",-,-,2026-07-06 (-6.80%),-0.94,2.7,-2.69
MARKSANS,Health Technology,Pharmaceuticals: Major,0,0,3,1,2,6,0,1,2,-,-,"2026-07-27 #21 (+6.94%), 2026-08-12 #5 (+12.06%), 2026-08-14 #9 (+9.76%)",2026-09-23 (+4.40%),"2026-09-21 (+5.61%), 2026-09-23 (+4.40%)","2026-07-09 (+5.26%), 2026-07-27 (+6.94%), 2026-08-12 (+12.06%), 2026-08-14 (+9.76%), 2026-09-21 (+5.61%), 2026-09-23 (+4.40%)",-,2026-09-15 (-5.02%),"2026-07-22 (-7.38%), 2026-09-15 (-5.02%)",2.94,6.58,28.27
KODYTECH,Technology Services,Packaged Software,0,0,3,0,1,6,0,1,2,-,-,"2026-07-10 #22 (+8.14%), 2026-07-27 #8 (+10.00%), 2026-07-28 #29 (+4.43%)",-,2026-09-17 (+5.00%),"2026-07-09 (+4.39%), 2026-07-10 (+8.14%), 2026-07-27 (+10.00%), 2026-07-28 (+4.43%), 2026-08-31 (+4.96%), 2026-09-17 (+5.00%)",-,2026-09-15 (-4.01%),"2026-08-04 (-4.46%), 2026-09-15 (-4.01%)",-1.72,7.64,37.1
KAYNES,Electronic Technology,Electronic Production Equipment,0,0,3,1,1,6,0,1,2,-,-,"2026-07-03 #41 (+5.55%), 2026-07-09 #39 (+6.80%), 2026-07-29 #7 (+12.73%)",2026-09-25 (+4.00%),2026-09-25 (+4.00%),"2026-07-03 (+5.55%), 2026-07-09 (+6.80%), 2026-07-29 (+12.73%), 2026-07-31 (+5.06%), 2026-08-19 (+4.92%), 2026-09-25 (+4.00%)",-,2026-09-22 (-5.34%),"2026-08-31 (-6.55%), 2026-09-22 (-5.34%)",1.64,-4.71,11.18
HAPPSTMNDS,Technology Services,Data Processing Services,0,0,3,0,0,6,0,1,2,-,-,"2026-07-10 #49 (+5.66%), 2026-08-14 #21 (+6.43%), 2026-08-21 #22 (+7.30%)",-,-,"2026-07-09 (+6.17%), 2026-07-10 (+5.66%), 2026-07-13 (+5.50%), 2026-07-27 (+4.07%), 2026-08-14 (+6.43%), 2026-08-21 (+7.30%)",-,2026-09-01 (-10.87%),"2026-08-27 (-6.16%), 2026-09-01 (-10.87%)",-1.5,-24.14,-12.29
ASKAUTOLTD,Producer Manufacturing,Auto Parts: OEM,0,0,3,0,1,6,1,1,2,-,-,"2026-08-03 #27 (+7.88%), 2026-08-05 #4 (+15.64%), 2026-08-06 #22 (+6.47%)",-,2026-09-18 (+6.03%),"2026-08-03 (+7.88%), 2026-08-05 (+15.64%), 2026-08-06 (+6.47%), 2026-08-28 (+4.46%), 2026-08-31 (+4.23%), 2026-09-18 (+6.03%)",2026-09-29 (-4.69%),2026-09-29 (-4.69%),"2026-08-07 (-6.46%), 2026-09-29 (-4.69%)",-6.56,-6.07,36.1
SOUTHWEST,Energy Minerals,Coal,0,0,3,0,1,6,0,2,3,-,-,"2026-07-08 #25 (+4.54%), 2026-07-21 #36 (+5.59%), 2026-07-31 #44 (+5.45%)",-,2026-09-07 (+4.39%),"2026-07-03 (+4.69%), 2026-07-08 (+4.54%), 2026-07-20 (+4.04%), 2026-07-21 (+5.59%), 2026-07-31 (+5.45%), 2026-09-07 (+4.39%)",-,"2026-09-10 (-4.68%), 2026-09-15 (-5.51%)","2026-08-25 (-6.19%), 2026-09-10 (-4.68%), 2026-09-15 (-5.51%)",-3.87,-12.27,-16.02
GANDHAR,Process Industries,Industrial Specialties,0,0,3,1,2,6,0,1,3,-,-,"2026-07-20 #11 (+9.81%), 2026-07-22 #42 (+3.97%), 2026-07-23 #2 (+19.37%)",2026-09-29 (+4.39%),"2026-09-17 (+4.04%), 2026-09-29 (+4.39%)","2026-07-10 (+5.07%), 2026-07-20 (+9.81%), 2026-07-23 (+19.37%), 2026-08-06 (+4.99%), 2026-09-17 (+4.04%), 2026-09-29 (+4.39%)",-,2026-09-15 (-4.49%),"2026-07-27 (-13.10%), 2026-07-30 (-6.57%), 2026-09-15 (-4.49%)",1.67,6.14,46.41
BALRAMCHIN,Process Industries,Agricultural Commodities/Milling,0,0,3,1,2,6,0,0,3,-,-,"2026-08-03 #14 (+10.34%), 2026-08-20 #2 (+17.87%), 2026-08-31 #30 (+5.90%)",2026-09-25 (+4.00%),"2026-09-03 (+5.17%), 2026-09-25 (+4.00%)","2026-08-03 (+10.34%), 2026-08-17 (+4.95%), 2026-08-20 (+17.87%), 2026-08-31 (+5.90%), 2026-09-03 (+5.17%), 2026-09-25 (+4.00%)",-,-,"2026-08-11 (-4.19%), 2026-08-21 (-4.92%), 2026-08-24 (-4.64%)",1.79,-2.97,18.64
PANAMAPET,Process Industries,Industrial Specialties,0,0,3,0,0,6,0,1,4,-,-,"2026-07-20 #15 (+8.43%), 2026-07-23 #3 (+9.57%), 2026-08-06 #12 (+8.73%)",-,-,"2026-07-06 (+4.05%), 2026-07-20 (+8.43%), 2026-07-23 (+9.57%), 2026-07-31 (+4.17%), 2026-08-06 (+8.73%), 2026-08-10 (+4.76%)",-,2026-09-15 (-6.71%),"2026-07-08 (-4.91%), 2026-07-28 (-7.34%), 2026-08-12 (-11.91%), 2026-09-15 (-6.71%)",-0.16,1.94,13.1
JSFB,Finance,Regional Banks,0,0,3,0,0,6,2,3,5,-,-,"2026-07-20 #18 (+7.83%), 2026-07-21 #35 (+5.64%), 2026-07-29 #13 (+7.77%)",-,-,"2026-07-10 (+4.14%), 2026-07-20 (+7.83%), 2026-07-21 (+5.64%), 2026-07-29 (+7.77%), 2026-08-13 (+4.54%), 2026-08-18 (+4.76%)","2026-09-24 (-4.37%), 2026-09-28 (-6.74%)","2026-09-15 (-5.46%), 2026-09-24 (-4.37%), 2026-09-28 (-6.74%)","2026-08-17 (-5.00%), 2026-08-26 (-4.13%), 2026-09-15 (-5.46%), 2026-09-24 (-4.37%), 2026-09-28 (-6.74%)",-5.62,-6.89,7.66
SHK,Process Industries,Chemicals: Specialty,0,0,3,1,1,5,0,0,0,-,-,"2026-07-21 #12 (+9.70%), 2026-07-29 #6 (+13.52%), 2026-07-30 #35 (+4.02%)",2026-09-23 (+4.46%),2026-09-23 (+4.46%),"2026-07-21 (+9.70%), 2026-07-27 (+5.41%), 2026-07-29 (+13.52%), 2026-07-30 (+4.02%), 2026-09-23 (+4.46%)",-,-,-,1.48,-7.35,7.95
ORIENTBELL,Producer Manufacturing,Building Products,0,0,3,1,1,5,0,0,0,-,-,"2026-08-11 #21 (+8.10%), 2026-08-21 #42 (+5.97%), 2026-08-24 #44 (+5.63%)",2026-09-25 (+4.22%),2026-09-25 (+4.22%),"2026-07-09 (+4.29%), 2026-08-11 (+8.10%), 2026-08-21 (+5.97%), 2026-08-24 (+5.63%), 2026-09-25 (+4.22%)",-,-,-,2.49,3.13,26.33
REDINGTON,Distribution Services,Electronics Distributors,0,0,3,0,1,5,0,0,1,-,-,"2026-07-27 #18 (+7.37%), 2026-07-30 #6 (+8.18%), 2026-08-03 #25 (+8.15%)",-,2026-09-22 (+4.67%),"2026-07-27 (+7.37%), 2026-07-30 (+8.18%), 2026-08-03 (+8.15%), 2026-08-24 (+4.15%), 2026-09-22 (+4.67%)",-,-,2026-08-12 (-4.27%),-1.19,13.33,45.22
LANDMARK,Retail Trade,Specialty Stores,0,0,3,0,0,5,0,0,1,-,-,"2026-07-14 #1 (+17.38%), 2026-07-17 #15 (+5.31%), 2026-08-24 #26 (+7.29%)",-,-,"2026-07-14 (+17.38%), 2026-07-17 (+5.31%), 2026-07-27 (+5.01%), 2026-08-10 (+4.92%), 2026-08-24 (+7.29%)",-,-,2026-08-12 (-4.15%),-4.6,-3.25,14.35
ADOR,Producer Manufacturing,Miscellaneous Manufacturing,0,0,3,0,0,5,0,0,1,-,-,"2026-07-20 #45 (+5.14%), 2026-07-30 #36 (+3.99%), 2026-08-28 #40 (+6.08%)",-,-,"2026-07-20 (+5.14%), 2026-08-03 (+4.06%), 2026-08-19 (+4.63%), 2026-08-28 (+6.08%), 2026-08-31 (+4.26%)",-,-,2026-07-28 (-4.40%),1.08,-1.44,29.13
MOSCHIP,Electronic Technology,Semiconductors,0,0,3,0,1,5,0,0,2,-,-,"2026-07-03 #21 (+7.21%), 2026-07-14 #47 (+3.44%), 2026-08-27 #14 (+6.72%)",-,2026-09-17 (+4.47%),"2026-07-03 (+7.21%), 2026-07-21 (+4.91%), 2026-07-29 (+4.15%), 2026-08-27 (+6.72%), 2026-09-17 (+4.47%)",-,-,"2026-07-23 (-4.18%), 2026-07-27 (-10.13%)",-4.29,-7.33,-4.82
DVL,Consumer Non-Durables,Food: Major Diversified,0,0,3,0,1,5,0,0,2,-,-,"2026-08-05 #42 (+6.35%), 2026-08-10 #43 (+5.60%), 2026-08-24 #48 (+5.24%)",-,2026-09-18 (+4.02%),"2026-08-05 (+6.35%), 2026-08-10 (+5.60%), 2026-08-24 (+5.24%), 2026-08-26 (+4.82%), 2026-09-18 (+4.02%)",-,-,"2026-08-12 (-5.98%), 2026-08-28 (-4.97%)",1.55,5.37,20.05
DHUNINV,Process Industries,Chemicals: Specialty,0,0,3,0,0,5,0,0,2,-,-,"2026-07-08 #5 (+9.75%), 2026-08-13 #20 (+7.24%), 2026-08-26 #2 (+16.26%)",-,-,"2026-07-08 (+9.75%), 2026-08-03 (+4.77%), 2026-08-10 (+4.07%), 2026-08-13 (+7.24%), 2026-08-26 (+16.26%)",-,-,"2026-08-17 (-4.59%), 2026-08-27 (-6.22%)",-1.14,-5.27,11.06
NETWEB,Electronic Technology,Computer Peripherals,0,0,3,0,0,5,0,1,3,-,-,"2026-07-31 #17 (+7.84%), 2026-08-13 #21 (+7.10%), 2026-08-20 #27 (+7.00%)",-,-,"2026-07-27 (+4.96%), 2026-07-31 (+7.84%), 2026-08-13 (+7.10%), 2026-08-17 (+4.10%), 2026-08-20 (+7.00%)",-,2026-09-15 (-8.22%),"2026-07-07 (-4.10%), 2026-08-19 (-5.41%), 2026-09-15 (-8.22%)",-4.24,-11.09,4.01
NAHARINDUS,Process Industries,Textiles,0,0,3,0,1,5,1,1,3,-,-,"2026-08-07 #32 (+5.48%), 2026-08-21 #36 (+6.49%), 2026-08-24 #5 (+17.51%)",-,2026-09-17 (+4.85%),"2026-08-03 (+4.27%), 2026-08-07 (+5.48%), 2026-08-21 (+6.49%), 2026-08-24 (+17.51%), 2026-09-17 (+4.85%)",2026-09-28 (-4.09%),2026-09-28 (-4.09%),"2026-08-12 (-6.91%), 2026-08-25 (-5.67%), 2026-09-28 (-4.09%)",-1.17,-4.6,10.39
MASTEK,Technology Services,Information Technology Services,0,0,3,0,0,5,0,1,3,-,-,"2026-07-16 #36 (+4.74%), 2026-07-28 #6 (+8.19%), 2026-08-28 #2 (+17.98%)",-,-,"2026-07-10 (+4.22%), 2026-07-13 (+4.15%), 2026-07-16 (+4.74%), 2026-07-28 (+8.19%), 2026-08-28 (+17.98%)",-,2026-09-07 (-4.58%),"2026-08-18 (-5.20%), 2026-08-31 (-8.05%), 2026-09-07 (-4.58%)",-2.84,-12.87,-5.58
SANGHVIMOV,Finance,Finance/Rental/Leasing,0,0,3,0,0,5,0,1,4,-,-,"2026-07-24 #13 (+7.03%), 2026-08-03 #44 (+6.76%), 2026-08-05 #19 (+8.13%)",-,-,"2026-07-09 (+5.20%), 2026-07-24 (+7.03%), 2026-08-03 (+6.76%), 2026-08-05 (+8.13%), 2026-08-10 (+4.71%)",-,2026-09-15 (-5.86%),"2026-07-13 (-4.91%), 2026-07-31 (-5.57%), 2026-08-19 (-4.22%), 2026-09-15 (-5.86%)",3.46,-0.71,-0.06
MANORG,Process Industries,Chemicals: Specialty,0,0,3,0,0,5,0,2,4,-,-,"2026-07-15 #36 (+5.00%), 2026-07-16 #42 (+4.60%), 2026-07-28 #18 (+5.00%)",-,-,"2026-07-15 (+5.00%), 2026-07-16 (+4.60%), 2026-07-28 (+5.00%), 2026-08-20 (+4.54%), 2026-08-25 (+4.14%)",-,"2026-09-01 (-4.37%), 2026-09-10 (-4.56%)","2026-07-29 (-5.00%), 2026-07-30 (-4.99%), 2026-09-01 (-4.37%), 2026-09-10 (-4.56%)",-2.57,-12.32,-18.31
SKMEGGPROD,Process Industries,Agricultural Commodities/Milling,0,0,3,0,0,5,1,1,5,-,-,"2026-07-09 #41 (+6.72%), 2026-07-13 #7 (+12.31%), 2026-08-10 #28 (+6.29%)",-,-,"2026-07-09 (+6.72%), 2026-07-13 (+12.31%), 2026-08-10 (+6.29%), 2026-08-11 (+5.12%), 2026-08-31 (+4.02%)",2026-09-28 (-4.11%),2026-09-28 (-4.11%),"2026-07-08 (-4.60%), 2026-07-15 (-5.11%), 2026-07-28 (-15.15%), 2026-07-30 (-8.63%), 2026-09-28 (-4.11%)",-0.97,-18.22,-30.08
ASIANTILES,Producer Manufacturing,Building Products,0,0,3,0,0,5,0,0,5,-,-,"2026-07-23 #1 (+19.48%), 2026-07-28 #7 (+7.86%), 2026-07-29 #43 (+5.36%)",-,-,"2026-07-23 (+19.48%), 2026-07-28 (+7.86%), 2026-07-29 (+5.36%), 2026-08-06 (+4.85%), 2026-08-21 (+4.38%)",-,-,"2026-07-31 (-9.93%), 2026-08-14 (-4.91%), 2026-08-17 (-5.10%), 2026-08-18 (-4.50%), 2026-08-24 (-4.24%)",0.02,0.99,-3.8
MANCREDIT,Finance,Finance/Rental/Leasing,0,0,3,0,0,5,0,1,6,-,-,"2026-07-30 #5 (+8.50%), 2026-08-11 #26 (+7.42%), 2026-08-28 #19 (+7.90%)",-,-,"2026-07-09 (+4.37%), 2026-07-30 (+8.50%), 2026-08-03 (+4.92%), 2026-08-11 (+7.42%), 2026-08-28 (+7.90%)",-,2026-09-01 (-5.17%),"2026-07-07 (-5.59%), 2026-08-04 (-4.74%), 2026-08-07 (-4.94%), 2026-08-10 (-4.21%), 2026-08-18 (-4.02%), 2026-09-01 (-5.17%)",-2.32,-10.46,-8.01
SHEETAL,Consumer Non-Durables,Food: Specialty/Candy,0,0,3,0,1,4,0,0,0,-,-,"2026-07-30 #46 (+3.57%), 2026-08-04 #21 (+6.51%), 2026-08-05 #34 (+6.73%)",-,2026-09-03 (+4.27%),"2026-08-04 (+6.51%), 2026-08-05 (+6.73%), 2026-08-24 (+4.41%), 2026-09-03 (+4.27%)",-,-,-,-0.08,7.37,20.0
BLSE,Technology Services,Internet Software/Services,0,0,3,0,0,4,0,0,0,-,-,"2026-07-24 #12 (+7.15%), 2026-07-29 #36 (+5.72%), 2026-08-05 #47 (+5.87%)",-,-,"2026-07-03 (+4.93%), 2026-07-24 (+7.15%), 2026-07-29 (+5.72%), 2026-08-05 (+5.87%)",-,-,-,-2.13,-2.07,27.09
SINGERIND,Consumer Durables,Electronics/Appliances,0,0,3,0,0,4,0,0,1,-,-,"2026-08-11 #14 (+9.88%), 2026-08-12 #1 (+19.99%), 2026-08-19 #22 (+5.92%)",-,-,"2026-08-06 (+4.31%), 2026-08-11 (+9.88%), 2026-08-12 (+19.99%), 2026-08-19 (+5.92%)",-,-,2026-08-13 (-6.57%),-0.61,-0.6,9.9
SENCO,Consumer Durables,Other Consumer Specialties,0,0,3,0,0,4,0,0,1,-,-,"2026-07-22 #50 (+3.67%), 2026-07-27 #10 (+9.17%), 2026-08-24 #22 (+7.63%)",-,-,"2026-07-09 (+5.09%), 2026-07-13 (+5.21%), 2026-07-27 (+9.17%), 2026-08-24 (+7.63%)",-,-,2026-08-12 (-13.86%),-2.68,-5.82,-1.05
JINDALSAW,Non-Energy Minerals,Steel,0,0,3,0,0,4,0,1,1,-,-,"2026-07-16 #33 (+4.89%), 2026-08-21 #15 (+8.12%), 2026-08-26 #21 (+7.35%)",-,-,"2026-07-09 (+4.87%), 2026-07-16 (+4.89%), 2026-08-21 (+8.12%), 2026-08-26 (+7.35%)",-,2026-09-15 (-7.36%),2026-09-15 (-7.36%),-3.05,-10.32,5.63
INGERRAND,Producer Manufacturing,Trucks/Construction/Farm Machinery,0,0,3,0,0,4,0,1,1,-,-,"2026-07-16 #21 (+5.58%), 2026-08-13 #19 (+7.32%), 2026-08-28 #48 (+5.44%)",-,-,"2026-07-16 (+5.58%), 2026-08-13 (+7.32%), 2026-08-18 (+4.78%), 2026-08-28 (+5.44%)",-,2026-09-15 (-5.00%),2026-09-15 (-5.00%),1.16,-13.48,-6.13
GIPCL,Utilities,Electric Utilities,0,0,3,0,0,4,0,1,1,-,-,"2026-08-12 #40 (+5.72%), 2026-08-25 #12 (+6.91%), 2026-08-26 #41 (+5.64%)",-,-,"2026-08-10 (+4.31%), 2026-08-12 (+5.72%), 2026-08-25 (+6.91%), 2026-08-26 (+5.64%)",-,2026-09-15 (-5.71%),2026-09-15 (-5.71%),-2.87,-8.93,15.16
KHAICHEM,Process Industries,Chemicals: Agricultural,0,0,3,0,0,4,0,1,2,-,-,"2026-08-05 #38 (+6.66%), 2026-08-17 #2 (+14.09%), 2026-08-25 #28 (+5.17%)",-,-,"2026-08-03 (+4.67%), 2026-08-05 (+6.66%), 2026-08-17 (+14.09%), 2026-08-25 (+5.17%)",-,2026-09-15 (-6.35%),"2026-08-18 (-5.07%), 2026-09-15 (-6.35%)",-1.6,-11.4,-8.77
ORIENTHOT,Consumer Services,Hotels/Resorts/Cruise lines,0,0,3,0,0,4,0,0,3,-,-,"2026-07-20 #5 (+13.48%), 2026-07-24 #23 (+5.83%), 2026-08-19 #1 (+15.09%)",-,-,"2026-07-09 (+4.56%), 2026-07-20 (+13.48%), 2026-07-24 (+5.83%), 2026-08-19 (+15.09%)",-,-,"2026-07-08 (-6.14%), 2026-07-22 (-7.54%), 2026-07-23 (-5.96%)",-2.48,0.23,-1.29
BBTCL,Process Industries,Containers/Packaging,0,0,3,0,1,4,0,0,3,-,-,"2026-07-30 #33 (+4.04%), 2026-07-31 #33 (+6.48%), 2026-08-14 #25 (+5.89%)",-,2026-09-03 (+4.62%),"2026-07-30 (+4.04%), 2026-07-31 (+6.48%), 2026-08-14 (+5.89%), 2026-09-03 (+4.62%)",-,-,"2026-08-03 (-7.77%), 2026-08-17 (-4.61%), 2026-08-31 (-5.76%)",-2.5,-3.16,4.97
LODHA,Finance,Real Estate Development,0,0,3,0,0,4,1,2,4,-,-,"2026-07-03 #46 (+5.05%), 2026-07-09 #36 (+6.91%), 2026-07-28 #5 (+8.57%)",-,-,"2026-07-03 (+5.05%), 2026-07-09 (+6.91%), 2026-07-27 (+4.77%), 2026-07-28 (+8.57%)",2026-09-28 (-4.11%),"2026-09-15 (-4.66%), 2026-09-28 (-4.11%)","2026-07-14 (-4.29%), 2026-08-31 (-5.92%), 2026-09-15 (-4.66%), 2026-09-28 (-4.11%)",-3.27,-7.68,9.98
JITFINFRA,Transportation,Trucking,0,0,3,0,0,4,0,0,5,-,-,"2026-07-10 #13 (+10.00%), 2026-07-13 #17 (+10.00%), 2026-07-14 #4 (+10.00%)",-,-,"2026-07-10 (+10.00%), 2026-07-13 (+10.00%), 2026-07-14 (+10.00%), 2026-07-20 (+4.99%)",-,-,"2026-07-08 (-4.19%), 2026-07-15 (-5.00%), 2026-07-27 (-4.12%), 2026-08-13 (-4.45%), 2026-08-14 (-5.56%)",-1.96,-10.98,-9.1
VRLLOG,Transportation,Trucking,0,0,3,0,0,3,0,0,0,-,-,"2026-07-21 #29 (+6.12%), 2026-07-27 #11 (+8.08%), 2026-08-11 #28 (+7.14%)",-,-,"2026-07-21 (+6.12%), 2026-07-27 (+8.08%), 2026-08-11 (+7.14%)",-,-,-,-3.2,-6.84,18.33
LMW,Producer Manufacturing,Industrial Machinery,0,0,3,0,0,3,0,0,0,-,-,"2026-08-10 #31 (+6.05%), 2026-08-13 #27 (+6.82%), 2026-08-17 #45 (+5.95%)",-,-,"2026-08-10 (+6.05%), 2026-08-13 (+6.82%), 2026-08-17 (+5.95%)",-,-,-,-0.7,-10.29,6.69
JUSTDIAL,Technology Services,Internet Software/Services,0,0,3,0,0,3,0,0,0,-,-,"2026-07-13 #1 (+20.00%), 2026-07-14 #2 (+16.74%), 2026-08-28 #10 (+10.00%)",-,-,"2026-07-13 (+20.00%), 2026-07-14 (+16.74%), 2026-08-28 (+10.00%)",-,-,-,-3.82,-7.56,18.19
EPIGRAL,Process Industries,Chemicals: Agricultural,0,0,3,0,0,3,0,0,0,-,-,"2026-07-13 #21 (+9.30%), 2026-07-21 #18 (+7.48%), 2026-08-24 #30 (+6.81%)",-,-,"2026-07-13 (+9.30%), 2026-07-21 (+7.48%), 2026-08-24 (+6.81%)",-,-,-,-7.52,-17.42,-4.26
EMSLIMITED,Industrial Services,Engineering & Construction,0,0,3,0,0,3,0,0,0,-,-,"2026-07-10 #18 (+9.27%), 2026-07-31 #23 (+7.29%), 2026-08-19 #36 (+5.11%)",-,-,"2026-07-10 (+9.27%), 2026-07-31 (+7.29%), 2026-08-19 (+5.11%)",-,-,-,-7.6,-9.94,-20.31
DPEL,Producer Manufacturing,Electrical Products,0,0,3,0,0,3,0,0,0,-,-,"2026-07-07 #25 (+4.54%), 2026-08-07 #31 (+5.52%), 2026-08-12 #34 (+5.97%)",-,-,"2026-07-07 (+4.54%), 2026-08-07 (+5.52%), 2026-08-12 (+5.97%)",-,-,-,-2.12,9.65,31.5
PDSL,Consumer Non-Durables,Apparel/Footwear,0,0,3,0,0,3,0,1,1,-,-,"2026-07-14 #12 (+6.37%), 2026-07-31 #47 (+5.36%), 2026-08-10 #42 (+5.64%)",-,-,"2026-07-14 (+6.37%), 2026-07-31 (+5.36%), 2026-08-10 (+5.64%)",-,2026-09-15 (-4.01%),2026-09-15 (-4.01%),-3.46,-5.63,-3.68
MEIL,Electronic Technology,Electronic Components,0,0,3,0,0,3,0,0,1,-,-,"2026-07-27 #47 (+5.73%), 2026-08-25 #20 (+5.80%), 2026-08-26 #20 (+7.77%)",-,-,"2026-07-27 (+5.73%), 2026-08-25 (+5.80%), 2026-08-26 (+7.77%)",-,-,2026-08-31 (-4.09%),-1.97,-11.02,-11.79
ESTER,Process Industries,Industrial Specialties,0,0,3,0,0,3,0,0,1,-,-,"2026-08-10 #8 (+13.59%), 2026-08-11 #46 (+5.32%), 2026-08-13 #42 (+5.60%)",-,-,"2026-08-10 (+13.59%), 2026-08-11 (+5.32%), 2026-08-13 (+5.60%)",-,-,2026-08-12 (-7.88%),-2.94,-9.79,-6.09
EFCIL,Distribution Services,Wholesale Distributors,0,0,3,0,0,3,0,0,1,-,-,"2026-07-03 #37 (+5.95%), 2026-08-18 #47 (+6.05%), 2026-08-24 #42 (+5.66%)",-,-,"2026-07-03 (+5.95%), 2026-08-18 (+6.05%), 2026-08-24 (+5.66%)",-,-,2026-07-30 (-5.44%),-2.08,-14.9,-9.8
ALKYLAMINE,Process Industries,Chemicals: Specialty,0,0,3,0,0,3,0,1,1,-,-,"2026-07-08 #42 (+3.23%), 2026-08-04 #32 (+5.31%), 2026-08-21 #30 (+6.70%)",-,-,"2026-07-09 (+5.45%), 2026-08-04 (+5.31%), 2026-08-21 (+6.70%)",-,2026-09-15 (-4.92%),2026-09-15 (-4.92%),-4.43,-11.1,-2.55
JNPR,Utilities,Alternative Power Generation,0,0,3,0,0,3,0,0,2,-,-,"2026-08-11 #29 (+7.00%), 2026-08-19 #27 (+5.45%), 2026-08-20 #21 (+7.90%)",-,-,"2026-08-11 (+7.00%), 2026-08-19 (+5.45%), 2026-08-20 (+7.90%)",-,-,"2026-08-10 (-4.42%), 2026-08-27 (-4.91%)",1.34,2.84,
FINOPB,Finance,Regional Banks,0,0,3,0,0,3,0,0,2,-,-,"2026-07-13 #4 (+19.15%), 2026-07-14 #5 (+9.34%), 2026-07-17 #4 (+10.09%)",-,-,"2026-07-13 (+19.15%), 2026-07-14 (+9.34%), 2026-07-17 (+10.09%)",-,-,"2026-07-16 (-7.34%), 2026-08-14 (-8.22%)",-2.85,-7.28,-6.84
PVSL,Retail Trade,Specialty Stores,0,0,3,0,0,3,0,0,3,-,-,"2026-07-15 #35 (+5.09%), 2026-07-20 #13 (+8.87%), 2026-08-12 #11 (+8.44%)",-,-,"2026-07-15 (+5.09%), 2026-07-20 (+8.87%), 2026-08-12 (+8.44%)",-,-,"2026-08-13 (-5.23%), 2026-08-19 (-4.08%), 2026-08-21 (-4.36%)",-2.91,-4.99,5.07
PANSARI,Technology Services,Packaged Software,0,0,3,0,1,3,1,1,3,-,-,"2026-07-06 #28 (+6.41%), 2026-07-07 #10 (+6.43%), 2026-07-28 #48 (+3.70%)",-,2026-09-10 (+4.20%),"2026-07-06 (+6.41%), 2026-07-07 (+6.43%), 2026-09-10 (+4.20%)",2026-09-29 (-5.00%),2026-09-29 (-5.00%),"2026-07-27 (-4.21%), 2026-07-29 (-7.18%), 2026-09-29 (-5.00%)",-1.28,-9.34,-11.38
BAJEL,Industrial Services,Engineering & Construction,0,0,3,0,0,3,0,2,3,-,-,"2026-07-22 #36 (+4.24%), 2026-08-06 #33 (+5.73%), 2026-08-21 #38 (+6.20%)",-,-,"2026-07-22 (+4.24%), 2026-08-06 (+5.73%), 2026-08-21 (+6.20%)",-,"2026-09-01 (-4.10%), 2026-09-15 (-6.13%)","2026-07-14 (-4.73%), 2026-09-01 (-4.10%), 2026-09-15 (-6.13%)",-1.32,-12.32,-11.85
NBIFIN,Finance,Financial Conglomerates,0,0,3,0,0,2,0,0,1,-,-,"2026-07-10 #2 (+19.76%), 2026-07-22 #49 (+3.70%), 2026-07-23 #31 (+4.85%)",-,-,"2026-07-10 (+19.76%), 2026-07-23 (+4.85%)",-,-,2026-07-17 (-4.23%),-3.67,-4.3,0.62
GUJALKALI,Process Industries,Chemicals: Specialty,0,0,3,0,0,2,0,1,1,-,-,"2026-07-23 #49 (+3.81%), 2026-07-24 #44 (+4.78%), 2026-08-24 #41 (+5.66%)",-,-,"2026-07-24 (+4.78%), 2026-08-24 (+5.66%)",-,2026-09-18 (-5.20%),2026-09-18 (-5.20%),0.1,-10.33,2.35
HITECHGEAR,Producer Manufacturing,Auto Parts: OEM,2,2,2,4,4,5,0,1,2,"2026-09-24 #33 (+4.99%), 2026-09-28 #33 (+4.93%)","2026-09-24 #33 (+4.99%), 2026-09-28 #33 (+4.93%)","2026-09-24 #33 (+4.99%), 2026-09-28 #33 (+4.93%)","2026-09-23 (+5.00%), 2026-09-24 (+4.99%), 2026-09-25 (+4.99%), 2026-09-28 (+4.93%)","2026-09-23 (+5.00%), 2026-09-24 (+4.99%), 2026-09-25 (+4.99%), 2026-09-28 (+4.93%)","2026-08-28 (+4.94%), 2026-09-23 (+5.00%), 2026-09-24 (+4.99%), 2026-09-25 (+4.99%), 2026-09-28 (+4.93%)",-,2026-09-16 (-4.40%),"2026-07-21 (-4.15%), 2026-09-16 (-4.40%)",17.08,8.15,-7.75
JSIPL,Non-Energy Minerals,Steel,2,2,2,4,4,4,0,0,0,"2026-09-24 #27 (+5.00%), 2026-09-28 #28 (+5.00%)","2026-09-24 #27 (+5.00%), 2026-09-28 #28 (+5.00%)","2026-09-24 #27 (+5.00%), 2026-09-28 #28 (+5.00%)","2026-09-24 (+5.00%), 2026-09-25 (+5.00%), 2026-09-28 (+5.00%), 2026-09-29 (+5.00%)","2026-09-24 (+5.00%), 2026-09-25 (+5.00%), 2026-09-28 (+5.00%), 2026-09-29 (+5.00%)","2026-09-24 (+5.00%), 2026-09-25 (+5.00%), 2026-09-28 (+5.00%), 2026-09-29 (+5.00%)",-,-,-,,,
ELECON,Producer Manufacturing,Electrical Products,2,2,2,2,3,4,0,0,1,"2026-09-23 #14 (+10.95%), 2026-09-28 #34 (+4.91%)","2026-09-23 #14 (+10.95%), 2026-09-28 #34 (+4.91%)","2026-09-23 #14 (+10.95%), 2026-09-28 #34 (+4.91%)","2026-09-23 (+10.95%), 2026-09-28 (+4.91%)","2026-09-03 (+4.64%), 2026-09-23 (+10.95%), 2026-09-28 (+4.91%)","2026-08-20 (+5.33%), 2026-09-03 (+4.64%), 2026-09-23 (+10.95%), 2026-09-28 (+4.91%)",-,-,2026-07-07 (-4.11%),14.23,16.64,-11.12
SYMBIOTEC,Health Technology,Pharmaceuticals: Major,2,2,2,2,4,4,1,2,2,"2026-09-28 #23 (+5.22%), 2026-09-29 #15 (+8.38%)","2026-09-28 #23 (+5.22%), 2026-09-29 #15 (+8.38%)","2026-09-28 #23 (+5.22%), 2026-09-29 #15 (+8.38%)","2026-09-28 (+5.22%), 2026-09-29 (+8.38%)","2026-09-18 (+4.73%), 2026-09-21 (+5.57%), 2026-09-28 (+5.22%), 2026-09-29 (+8.38%)","2026-09-18 (+4.73%), 2026-09-21 (+5.57%), 2026-09-28 (+5.22%), 2026-09-29 (+8.38%)",2026-09-23 (-5.25%),"2026-09-15 (-4.71%), 2026-09-23 (-5.25%)","2026-09-15 (-4.71%), 2026-09-23 (-5.25%)",2.08,,
PRIORITY,Consumer Durables,Other Consumer Specialties,2,2,2,2,4,4,0,2,2,"2026-09-23 #4 (+17.83%), 2026-09-24 #3 (+15.43%)","2026-09-23 #4 (+17.83%), 2026-09-24 #3 (+15.43%)","2026-09-23 #4 (+17.83%), 2026-09-24 #3 (+15.43%)","2026-09-23 (+17.83%), 2026-09-24 (+15.43%)","2026-09-09 (+5.00%), 2026-09-18 (+4.92%), 2026-09-23 (+17.83%), 2026-09-24 (+15.43%)","2026-09-09 (+5.00%), 2026-09-18 (+4.92%), 2026-09-23 (+17.83%), 2026-09-24 (+15.43%)",-,"2026-09-07 (-4.80%), 2026-09-08 (-4.95%)","2026-09-07 (-4.80%), 2026-09-08 (-4.95%)",31.38,,
MUKANDLTD,Non-Energy Minerals,Steel,2,2,2,2,2,2,0,0,0,"2026-09-23 #13 (+11.10%), 2026-09-25 #26 (+7.59%)","2026-09-23 #13 (+11.10%), 2026-09-25 #26 (+7.59%)","2026-09-23 #13 (+11.10%), 2026-09-25 #26 (+7.59%)","2026-09-23 (+11.10%), 2026-09-25 (+7.59%)","2026-09-23 (+11.10%), 2026-09-25 (+7.59%)","2026-09-23 (+11.10%), 2026-09-25 (+7.59%)",-,-,-,21.98,25.56,29.73
HEROMOTORS,Producer Manufacturing,Industrial Machinery,2,2,2,2,2,2,1,1,1,"2026-09-24 #1 (+20.00%), 2026-09-25 #3 (+19.99%)","2026-09-24 #1 (+20.00%), 2026-09-25 #3 (+19.99%)","2026-09-24 #1 (+20.00%), 2026-09-25 #3 (+19.99%)","2026-09-24 (+20.00%), 2026-09-25 (+19.99%)","2026-09-24 (+20.00%), 2026-09-25 (+19.99%)","2026-09-24 (+20.00%), 2026-09-25 (+19.99%)",2026-09-28 (-4.68%),2026-09-28 (-4.68%),2026-09-28 (-4.68%),,,
FRONTSP,Producer Manufacturing,Metal Fabrication,2,2,2,2,2,2,1,1,1,"2026-09-23 #2 (+20.00%), 2026-09-24 #13 (+8.30%)","2026-09-23 #2 (+20.00%), 2026-09-24 #13 (+8.30%)","2026-09-23 #2 (+20.00%), 2026-09-24 #13 (+8.30%)","2026-09-23 (+20.00%), 2026-09-24 (+8.30%)","2026-09-23 (+20.00%), 2026-09-24 (+8.30%)","2026-09-23 (+20.00%), 2026-09-24 (+8.30%)",2026-09-25 (-4.74%),2026-09-25 (-4.74%),2026-09-25 (-4.74%),19.95,7.86,
AXISCADES,Commercial Services,Miscellaneous Commercial Services,1,2,2,1,2,6,0,1,2,2026-09-29 #8 (+10.00%),"2026-09-17 #8 (+9.96%), 2026-09-29 #8 (+10.00%)","2026-09-17 #8 (+9.96%), 2026-09-29 #8 (+10.00%)",2026-09-29 (+10.00%),"2026-09-17 (+9.96%), 2026-09-29 (+10.00%)","2026-07-09 (+4.52%), 2026-07-29 (+5.00%), 2026-08-17 (+4.62%), 2026-08-31 (+4.80%), 2026-09-17 (+9.96%), 2026-09-29 (+10.00%)",-,2026-09-15 (-6.23%),"2026-07-27 (-4.64%), 2026-09-15 (-6.23%)",9.32,23.71,23.02
ALUFLUOR,Non-Energy Minerals,Aluminum,1,2,2,3,4,5,0,0,0,2026-09-28 #12 (+6.95%),"2026-09-18 #11 (+9.13%), 2026-09-28 #12 (+6.95%)","2026-09-18 #11 (+9.13%), 2026-09-28 #12 (+6.95%)","2026-09-23 (+6.29%), 2026-09-28 (+6.95%), 2026-09-29 (+4.61%)","2026-09-18 (+9.13%), 2026-09-23 (+6.29%), 2026-09-28 (+6.95%), 2026-09-29 (+4.61%)","2026-08-28 (+4.23%), 2026-09-18 (+9.13%), 2026-09-23 (+6.29%), 2026-09-28 (+6.95%), 2026-09-29 (+4.61%)",-,-,-,16.42,30.92,
PANORAMA,Retail Trade,Specialty Stores,1,2,2,1,4,5,0,0,1,2026-09-24 #47 (+4.01%),"2026-09-10 #4 (+11.27%), 2026-09-24 #47 (+4.01%)","2026-09-10 #4 (+11.27%), 2026-09-24 #47 (+4.01%)",2026-09-24 (+4.01%),"2026-09-03 (+10.19%), 2026-09-10 (+11.27%), 2026-09-17 (+4.99%), 2026-09-24 (+4.01%)","2026-08-25 (+4.73%), 2026-09-03 (+10.19%), 2026-09-10 (+11.27%), 2026-09-17 (+4.99%), 2026-09-24 (+4.01%)",-,-,2026-08-31 (-8.80%),4.43,24.32,
GLOBAL,Commercial Services,Miscellaneous Commercial Services,1,2,2,1,3,4,0,0,0,2026-09-24 #37 (+4.87%),"2026-09-02 #20 (+6.51%), 2026-09-24 #37 (+4.87%)","2026-09-02 #20 (+6.51%), 2026-09-24 #37 (+4.87%)",2026-09-24 (+4.87%),"2026-09-02 (+6.51%), 2026-09-08 (+5.38%), 2026-09-24 (+4.87%)","2026-08-26 (+4.08%), 2026-09-02 (+6.51%), 2026-09-08 (+5.38%), 2026-09-24 (+4.87%)",-,-,-,0.59,24.29,30.56
FERMENTA,Health Technology,Biotechnology,1,2,2,1,2,4,0,0,0,2026-09-29 #4 (+15.03%),"2026-09-02 #17 (+7.17%), 2026-09-29 #4 (+15.03%)","2026-09-02 #17 (+7.17%), 2026-09-29 #4 (+15.03%)",2026-09-29 (+15.03%),"2026-09-02 (+7.17%), 2026-09-29 (+15.03%)","2026-08-27 (+4.01%), 2026-08-28 (+4.86%), 2026-09-02 (+7.17%), 2026-09-29 (+15.03%)",-,-,-,17.16,10.25,
SUPRIYA,Health Technology,Pharmaceuticals: Major,1,2,2,1,4,4,0,0,2,2026-09-23 #42 (+6.58%),"2026-09-07 #42 (+6.60%), 2026-09-23 #42 (+6.58%)","2026-09-07 #42 (+6.60%), 2026-09-23 #42 (+6.58%)",2026-09-23 (+6.58%),"2026-09-02 (+4.74%), 2026-09-07 (+6.60%), 2026-09-21 (+5.67%), 2026-09-23 (+6.58%)","2026-09-02 (+4.74%), 2026-09-07 (+6.60%), 2026-09-21 (+5.67%), 2026-09-23 (+6.58%)",-,-,"2026-07-06 (-11.62%), 2026-08-11 (-7.79%)",4.89,23.39,-1.0
NOCIL,Process Industries,Chemicals: Specialty,1,2,2,1,3,4,2,2,3,2026-09-23 #50 (+6.40%),"2026-09-08 #23 (+7.46%), 2026-09-23 #50 (+6.40%)","2026-09-08 #23 (+7.46%), 2026-09-23 #50 (+6.40%)",2026-09-23 (+6.40%),"2026-09-08 (+7.46%), 2026-09-18 (+4.40%), 2026-09-23 (+6.40%)","2026-08-03 (+6.02%), 2026-09-08 (+7.46%), 2026-09-18 (+4.40%), 2026-09-23 (+6.40%)","2026-09-24 (-7.22%), 2026-09-28 (-7.03%)","2026-09-24 (-7.22%), 2026-09-28 (-7.03%)","2026-07-30 (-4.01%), 2026-09-24 (-7.22%), 2026-09-28 (-7.03%)",-12.68,-1.25,-5.5
PANCHMAHQ,Non-Energy Minerals,Steel,1,2,2,1,2,3,1,1,1,2026-09-24 #39 (+4.83%),"2026-09-15 #25 (+4.79%), 2026-09-24 #39 (+4.83%)","2026-09-15 #25 (+4.79%), 2026-09-24 #39 (+4.83%)",2026-09-24 (+4.83%),"2026-09-15 (+4.79%), 2026-09-24 (+4.83%)","2026-08-28 (+4.90%), 2026-09-15 (+4.79%), 2026-09-24 (+4.83%)",2026-09-25 (-4.89%),2026-09-25 (-4.89%),2026-09-25 (-4.89%),-3.65,-4.65,
ZFSTEERING,Producer Manufacturing,Auto Parts: OEM,1,2,2,1,2,3,0,2,2,2026-09-24 #19 (+6.03%),"2026-09-10 #10 (+9.32%), 2026-09-24 #19 (+6.03%)","2026-09-10 #10 (+9.32%), 2026-09-24 #19 (+6.03%)",2026-09-24 (+6.03%),"2026-09-10 (+9.32%), 2026-09-24 (+6.03%)","2026-07-24 (+4.23%), 2026-09-10 (+9.32%), 2026-09-24 (+6.03%)",-,"2026-09-16 (-4.76%), 2026-09-17 (-4.30%)","2026-09-16 (-4.76%), 2026-09-17 (-4.30%)",3.07,6.7,0.87
DEEPA,Consumer Durables,Other Consumer Specialties,1,2,2,2,3,3,2,4,4,2026-09-25 #13 (+9.75%),"2026-09-18 #15 (+8.64%), 2026-09-25 #13 (+9.75%)","2026-09-18 #15 (+8.64%), 2026-09-25 #13 (+9.75%)","2026-09-23 (+4.23%), 2026-09-25 (+9.75%)","2026-09-18 (+8.64%), 2026-09-23 (+4.23%), 2026-09-25 (+9.75%)","2026-09-18 (+8.64%), 2026-09-23 (+4.23%), 2026-09-25 (+9.75%)","2026-09-28 (-4.96%), 2026-09-29 (-6.74%)","2026-09-11 (-5.19%), 2026-09-15 (-9.00%), 2026-09-28 (-4.96%), 2026-09-29 (-6.74%)","2026-09-11 (-5.19%), 2026-09-15 (-9.00%), 2026-09-28 (-4.96%), 2026-09-29 (-6.74%)",0.24,,
AWHCL,Transportation,Trucking,1,2,2,1,2,2,0,0,2,2026-09-23 #48 (+6.49%),"2026-09-17 #10 (+9.87%), 2026-09-23 #48 (+6.49%)","2026-09-17 #10 (+9.87%), 2026-09-23 #48 (+6.49%)",2026-09-23 (+6.49%),"2026-09-17 (+9.87%), 2026-09-23 (+6.49%)","2026-09-17 (+9.87%), 2026-09-23 (+6.49%)",-,-,"2026-07-06 (-4.63%), 2026-08-11 (-6.71%)",0.01,-4.94,-23.8
ADANIENT,Distribution Services,Wholesale Distributors,1,2,2,1,2,2,0,1,3,2026-09-29 #50 (+5.01%),"2026-09-09 #45 (+5.13%), 2026-09-29 #50 (+5.01%)","2026-09-09 #45 (+5.13%), 2026-09-29 #50 (+5.01%)",2026-09-29 (+5.01%),"2026-09-09 (+5.13%), 2026-09-29 (+5.01%)","2026-09-09 (+5.13%), 2026-09-29 (+5.01%)",-,2026-09-15 (-4.29%),"2026-07-23 (-4.37%), 2026-08-31 (-9.76%), 2026-09-15 (-4.29%)",-0.8,3.98,-6.44
PASUPTAC,Process Industries,Textiles,0,2,2,1,3,5,2,2,3,-,"2026-09-15 #16 (+5.07%), 2026-09-22 #19 (+7.31%)","2026-09-15 #16 (+5.07%), 2026-09-22 #19 (+7.31%)",2026-09-23 (+4.52%),"2026-09-15 (+5.07%), 2026-09-22 (+7.31%), 2026-09-23 (+4.52%)","2026-08-07 (+4.54%), 2026-08-10 (+4.63%), 2026-09-15 (+5.07%), 2026-09-22 (+7.31%), 2026-09-23 (+4.52%)","2026-09-24 (-4.47%), 2026-09-28 (-4.51%)","2026-09-24 (-4.47%), 2026-09-28 (-4.51%)","2026-08-12 (-4.99%), 2026-09-24 (-4.47%), 2026-09-28 (-4.51%)",-1.53,21.39,17.79
SKIPPER,Producer Manufacturing,Metal Fabrication,0,2,2,0,2,4,0,1,3,-,"2026-09-04 #20 (+8.08%), 2026-09-18 #47 (+6.32%)","2026-09-04 #20 (+8.08%), 2026-09-18 #47 (+6.32%)",-,"2026-09-04 (+8.08%), 2026-09-18 (+6.32%)","2026-07-29 (+4.27%), 2026-08-03 (+4.05%), 2026-09-04 (+8.08%), 2026-09-18 (+6.32%)",-,2026-09-11 (-5.39%),"2026-08-06 (-4.01%), 2026-08-25 (-4.49%), 2026-09-11 (-5.39%)",-3.56,0.06,-4.33
EFFWA,Industrial Services,Environmental Services,0,2,2,0,3,4,0,1,5,-,"2026-09-01 #43 (+5.00%), 2026-09-02 #35 (+5.00%)","2026-09-01 #43 (+5.00%), 2026-09-02 #35 (+5.00%)",-,"2026-09-01 (+5.00%), 2026-09-02 (+5.00%), 2026-09-03 (+4.35%)","2026-08-31 (+4.80%), 2026-09-01 (+5.00%), 2026-09-02 (+5.00%), 2026-09-03 (+4.35%)",-,2026-09-15 (-4.77%),"2026-07-06 (-4.99%), 2026-07-07 (-4.42%), 2026-08-17 (-4.22%), 2026-08-27 (-4.59%), 2026-09-15 (-4.77%)",-2.19,10.47,-7.58
QUICKHEAL,Technology Services,Packaged Software,0,2,2,0,2,3,0,0,0,-,"2026-09-07 #25 (+8.67%), 2026-09-15 #7 (+7.65%)","2026-09-07 #25 (+8.67%), 2026-09-15 #7 (+7.65%)",-,"2026-09-07 (+8.67%), 2026-09-15 (+7.65%)","2026-08-03 (+4.20%), 2026-09-07 (+8.67%), 2026-09-15 (+7.65%)",-,-,-,-4.2,6.51,-15.26
FEDDERSHOL,Finance,Financial Conglomerates,0,2,2,0,2,3,0,0,0,-,"2026-09-21 #5 (+16.24%), 2026-09-22 #38 (+5.38%)","2026-09-21 #5 (+16.24%), 2026-09-22 #38 (+5.38%)",-,"2026-09-21 (+16.24%), 2026-09-22 (+5.38%)","2026-08-26 (+4.86%), 2026-09-21 (+16.24%), 2026-09-22 (+5.38%)",-,-,-,-6.34,35.8,
PATANJALI,Process Industries,Agricultural Commodities/Milling,0,2,2,0,2,3,1,1,2,-,"2026-09-16 #15 (+7.81%), 2026-09-21 #29 (+7.96%)","2026-09-16 #15 (+7.81%), 2026-09-21 #29 (+7.96%)",-,"2026-09-16 (+7.81%), 2026-09-21 (+7.96%)","2026-07-29 (+4.14%), 2026-09-16 (+7.81%), 2026-09-21 (+7.96%)",2026-09-29 (-4.96%),2026-09-29 (-4.96%),"2026-07-15 (-14.64%), 2026-09-29 (-4.96%)",-8.07,7.65,-10.17
KPL,Health Technology,Pharmaceuticals: Major,0,2,2,0,2,3,0,1,2,-,"2026-09-08 #26 (+7.33%), 2026-09-21 #14 (+10.77%)","2026-09-08 #26 (+7.33%), 2026-09-21 #14 (+10.77%)",-,"2026-09-08 (+7.33%), 2026-09-21 (+10.77%)","2026-08-20 (+5.15%), 2026-09-08 (+7.33%), 2026-09-21 (+10.77%)",-,2026-09-15 (-5.84%),"2026-08-21 (-7.42%), 2026-09-15 (-5.84%)",-3.4,10.62,
GAJA,Finance,Investment Managers,0,2,2,0,3,3,1,2,3,-,"2026-09-01 #19 (+7.17%), 2026-09-21 #7 (+14.18%)","2026-09-01 #19 (+7.17%), 2026-09-21 #7 (+14.18%)",-,"2026-09-01 (+7.17%), 2026-09-17 (+4.47%), 2026-09-21 (+14.18%)","2026-09-01 (+7.17%), 2026-09-17 (+4.47%), 2026-09-21 (+14.18%)",2026-09-23 (-5.84%),"2026-09-15 (-6.59%), 2026-09-23 (-5.84%)","2026-08-31 (-4.85%), 2026-09-15 (-6.59%), 2026-09-23 (-5.84%)",-11.87,-6.99,
MANAKSIA,Non-Energy Minerals,Steel,0,2,2,0,3,3,2,4,4,-,"2026-09-04 #29 (+6.65%), 2026-09-10 #19 (+6.49%)","2026-09-04 #29 (+6.65%), 2026-09-10 #19 (+6.49%)",-,"2026-09-04 (+6.65%), 2026-09-07 (+5.25%), 2026-09-10 (+6.49%)","2026-09-04 (+6.65%), 2026-09-07 (+5.25%), 2026-09-10 (+6.49%)","2026-09-24 (-4.15%), 2026-09-28 (-6.11%)","2026-09-15 (-4.14%), 2026-09-16 (-5.29%), 2026-09-24 (-4.15%), 2026-09-28 (-6.11%)","2026-09-15 (-4.14%), 2026-09-16 (-5.29%), 2026-09-24 (-4.15%), 2026-09-28 (-6.11%)",-5.63,6.07,6.53
MAHSEAMLES,Non-Energy Minerals,Steel,0,2,2,0,2,2,0,0,0,-,"2026-09-04 #50 (+5.29%), 2026-09-10 #26 (+6.32%)","2026-09-04 #50 (+5.29%), 2026-09-10 #26 (+6.32%)",-,"2026-09-04 (+5.29%), 2026-09-10 (+6.32%)","2026-09-04 (+5.29%), 2026-09-10 (+6.32%)",-,-,-,3.51,8.84,19.3
SIKA,Electronic Technology,Aerospace & Defense,0,2,2,0,2,2,0,1,1,-,"2026-09-11 #23 (+5.92%), 2026-09-21 #45 (+6.24%)","2026-09-11 #23 (+5.92%), 2026-09-21 #45 (+6.24%)",-,"2026-09-11 (+5.92%), 2026-09-21 (+6.24%)","2026-09-11 (+5.92%), 2026-09-21 (+6.24%)",-,2026-09-15 (-4.19%),2026-09-15 (-4.19%),-3.51,2.97,
ANDHRAPAP,Process Industries,Pulp & Paper,0,2,2,0,2,2,0,1,1,-,"2026-09-07 #7 (+12.02%), 2026-09-10 #17 (+6.61%)","2026-09-07 #7 (+12.02%), 2026-09-10 #17 (+6.61%)",-,"2026-09-07 (+12.02%), 2026-09-10 (+6.61%)","2026-09-07 (+12.02%), 2026-09-10 (+6.61%)",-,2026-09-09 (-5.56%),2026-09-09 (-5.56%),1.25,19.16,14.48
ASTAR,Commercial Services,Miscellaneous Commercial Services,0,2,2,0,2,2,1,2,2,-,"2026-09-17 #2 (+19.99%), 2026-09-18 #1 (+20.00%)","2026-09-17 #2 (+19.99%), 2026-09-18 #1 (+20.00%)",-,"2026-09-17 (+19.99%), 2026-09-18 (+20.00%)","2026-09-17 (+19.99%), 2026-09-18 (+20.00%)",2026-09-24 (-4.19%),"2026-09-21 (-10.06%), 2026-09-24 (-4.19%)","2026-09-21 (-10.06%), 2026-09-24 (-4.19%)",-2.43,14.24,
ARFIN,Non-Energy Minerals,Aluminum,0,2,2,0,2,2,0,1,3,-,"2026-09-07 #19 (+9.20%), 2026-09-17 #29 (+6.29%)","2026-09-07 #19 (+9.20%), 2026-09-17 #29 (+6.29%)",-,"2026-09-07 (+9.20%), 2026-09-17 (+6.29%)","2026-09-07 (+9.20%), 2026-09-17 (+6.29%)",-,2026-09-08 (-4.10%),"2026-07-08 (-5.55%), 2026-08-03 (-4.77%), 2026-09-08 (-4.10%)",-1.25,1.07,-4.73
INDIAGLYCO,Process Industries,Chemicals: Specialty,1,1,2,1,7,9,0,5,6,2026-09-24 #2 (+18.74%),2026-09-24 #2 (+18.74%),"2026-08-18 #41 (+6.38%), 2026-09-24 #2 (+18.74%)",2026-09-24 (+18.74%),"2026-09-03 (+5.00%), 2026-09-04 (+5.00%), 2026-09-07 (+4.99%), 2026-09-08 (+4.97%), 2026-09-09 (+4.98%), 2026-09-18 (+6.03%), 2026-09-24 (+18.74%)","2026-08-18 (+6.38%), 2026-08-21 (+4.05%), 2026-09-03 (+5.00%), 2026-09-04 (+5.00%), 2026-09-07 (+4.99%), 2026-09-08 (+4.97%), 2026-09-09 (+4.98%), 2026-09-18 (+6.03%), 2026-09-24 (+18.74%)",-,"2026-09-02 (-78.75%), 2026-09-11 (-4.99%), 2026-09-15 (-4.98%), 2026-09-16 (-5.00%), 2026-09-17 (-6.57%)","2026-08-10 (-5.14%), 2026-09-02 (-78.75%), 2026-09-11 (-4.99%), 2026-09-15 (-4.98%), 2026-09-16 (-5.00%), 2026-09-17 (-6.57%)",20.07,-73.46,-71.68
MAZDA,Producer Manufacturing,Industrial Machinery,1,1,2,3,6,8,0,2,4,2026-09-24 #35 (+4.98%),2026-09-24 #35 (+4.98%),"2026-07-06 #1 (+19.41%), 2026-09-24 #35 (+4.98%)","2026-09-23 (+4.98%), 2026-09-24 (+4.98%), 2026-09-25 (+4.67%)","2026-09-02 (+4.77%), 2026-09-03 (+4.42%), 2026-09-17 (+4.98%), 2026-09-23 (+4.98%), 2026-09-24 (+4.98%), 2026-09-25 (+4.67%)","2026-07-06 (+19.41%), 2026-08-11 (+4.46%), 2026-09-02 (+4.77%), 2026-09-03 (+4.42%), 2026-09-17 (+4.98%), 2026-09-23 (+4.98%), 2026-09-24 (+4.98%), 2026-09-25 (+4.67%)",-,"2026-09-21 (-4.64%), 2026-09-22 (-4.39%)","2026-07-07 (-7.53%), 2026-07-08 (-5.83%), 2026-09-21 (-4.64%), 2026-09-22 (-4.39%)",19.01,16.58,24.86
GALAXYSURF,Consumer Non-Durables,Household/Personal Care,1,1,2,1,3,5,0,0,1,2026-09-29 #49 (+5.04%),2026-09-29 #49 (+5.04%),"2026-08-14 #1 (+20.00%), 2026-09-29 #49 (+5.04%)",2026-09-29 (+5.04%),"2026-09-08 (+5.40%), 2026-09-17 (+4.67%), 2026-09-29 (+5.04%)","2026-08-07 (+4.36%), 2026-08-14 (+20.00%), 2026-09-08 (+5.40%), 2026-09-17 (+4.67%), 2026-09-29 (+5.04%)",-,-,2026-08-17 (-4.17%),5.17,0.71,17.01
ARVSMART,Finance,Real Estate Development,1,1,2,1,2,5,0,1,1,2026-09-23 #30 (+7.79%),2026-09-23 #30 (+7.79%),"2026-08-07 #13 (+7.87%), 2026-09-23 #30 (+7.79%)",2026-09-23 (+7.79%),"2026-09-21 (+4.42%), 2026-09-23 (+7.79%)","2026-08-07 (+7.87%), 2026-08-12 (+4.58%), 2026-08-24 (+4.18%), 2026-09-21 (+4.42%), 2026-09-23 (+7.79%)",-,2026-09-15 (-5.67%),2026-09-15 (-5.67%),3.66,-8.39,2.04
KIRLOSENG,Producer Manufacturing,Electrical Products,1,1,2,1,3,5,0,1,2,2026-09-29 #6 (+12.18%),2026-09-29 #6 (+12.18%),"2026-07-09 #48 (+6.49%), 2026-09-29 #6 (+12.18%)",2026-09-29 (+12.18%),"2026-09-03 (+4.94%), 2026-09-08 (+4.51%), 2026-09-29 (+12.18%)","2026-07-09 (+6.49%), 2026-07-27 (+4.61%), 2026-09-03 (+4.94%), 2026-09-08 (+4.51%), 2026-09-29 (+12.18%)",-,2026-09-15 (-5.86%),"2026-07-17 (-5.86%), 2026-09-15 (-5.86%)",10.95,14.41,3.47
JAYNECOIND,Non-Energy Minerals,Steel,1,1,2,1,1,5,0,1,3,2026-09-29 #45 (+5.32%),2026-09-29 #45 (+5.32%),"2026-08-21 #31 (+6.63%), 2026-09-29 #45 (+5.32%)",2026-09-29 (+5.32%),2026-09-29 (+5.32%),"2026-07-21 (+4.88%), 2026-08-05 (+4.45%), 2026-08-21 (+6.63%), 2026-08-24 (+4.33%), 2026-09-29 (+5.32%)",-,2026-09-04 (-9.77%),"2026-07-20 (-6.92%), 2026-07-22 (-4.72%), 2026-09-04 (-9.77%)",2.64,-5.84,2.59
KDDL,Consumer Durables,Other Consumer Specialties,1,1,2,1,1,4,0,0,0,2026-09-23 #36 (+7.02%),2026-09-23 #36 (+7.02%),"2026-08-04 #28 (+5.47%), 2026-09-23 #36 (+7.02%)",2026-09-23 (+7.02%),2026-09-23 (+7.02%),"2026-07-09 (+4.22%), 2026-08-03 (+4.88%), 2026-08-04 (+5.47%), 2026-09-23 (+7.02%)",-,-,-,-1.04,0.05,19.82
AETHER,Process Industries,Chemicals: Major Diversified,1,1,2,1,1,4,0,1,1,2026-09-25 #28 (+7.34%),2026-09-25 #28 (+7.34%),"2026-07-08 #12 (+6.27%), 2026-09-25 #28 (+7.34%)",2026-09-25 (+7.34%),2026-09-25 (+7.34%),"2026-07-08 (+6.27%), 2026-07-09 (+5.12%), 2026-08-04 (+4.56%), 2026-09-25 (+7.34%)",-,2026-09-15 (-5.47%),2026-09-15 (-5.47%),6.47,3.46,27.51
LIBERTSHOE,Consumer Non-Durables,Apparel/Footwear,1,1,2,1,1,4,1,2,3,2026-09-23 #31 (+7.75%),2026-09-23 #31 (+7.75%),"2026-07-17 #11 (+8.04%), 2026-09-23 #31 (+7.75%)",2026-09-23 (+7.75%),2026-09-23 (+7.75%),"2026-07-06 (+4.87%), 2026-07-17 (+8.04%), 2026-07-27 (+4.16%), 2026-09-23 (+7.75%)",2026-09-28 (-4.12%),"2026-09-15 (-4.40%), 2026-09-28 (-4.12%)","2026-08-10 (-4.14%), 2026-09-15 (-4.40%), 2026-09-28 (-4.12%)",3.2,-6.82,-14.55
GALAPREC,Producer Manufacturing,Metal Fabrication,1,1,2,1,1,4,1,1,4,2026-09-23 #18 (+10.04%),2026-09-23 #18 (+10.04%),"2026-08-21 #47 (+5.80%), 2026-09-23 #18 (+10.04%)",2026-09-23 (+10.04%),2026-09-23 (+10.04%),"2026-07-06 (+4.28%), 2026-08-18 (+4.09%), 2026-08-21 (+5.80%), 2026-09-23 (+10.04%)",2026-09-24 (-4.05%),2026-09-24 (-4.05%),"2026-07-08 (-5.77%), 2026-07-28 (-5.55%), 2026-08-07 (-10.82%), 2026-09-24 (-4.05%)",9.42,12.9,-1.71
TCIEXP,Transportation,Air Freight/Couriers,1,1,2,2,2,3,0,0,1,2026-09-29 #11 (+9.43%),2026-09-29 #11 (+9.43%),"2026-07-09 #9 (+10.93%), 2026-09-29 #11 (+9.43%)","2026-09-23 (+4.00%), 2026-09-29 (+9.43%)","2026-09-23 (+4.00%), 2026-09-29 (+9.43%)","2026-07-09 (+10.93%), 2026-09-23 (+4.00%), 2026-09-29 (+9.43%)",-,-,2026-08-07 (-4.31%),9.4,-2.87,4.08
SANGAMIND,Process Industries,Textiles,1,1,2,1,1,3,0,0,1,2026-09-25 #31 (+6.93%),2026-09-25 #31 (+6.93%),"2026-07-13 #9 (+11.42%), 2026-09-25 #31 (+6.93%)",2026-09-25 (+6.93%),2026-09-25 (+6.93%),"2026-07-13 (+11.42%), 2026-08-28 (+4.03%), 2026-09-25 (+6.93%)",-,-,2026-08-10 (-4.16%),13.39,7.03,19.11
CELLO,Consumer Durables,Home Furnishings,1,1,2,1,1,3,0,0,1,2026-09-24 #38 (+4.84%),2026-09-24 #38 (+4.84%),"2026-08-05 #3 (+15.69%), 2026-09-24 #38 (+4.84%)",2026-09-24 (+4.84%),2026-09-24 (+4.84%),"2026-08-05 (+15.69%), 2026-08-11 (+5.12%), 2026-09-24 (+4.84%)",-,-,2026-08-06 (-4.94%),4.07,-5.38,-9.69
JAMNAAUTO,Producer Manufacturing,Auto Parts: OEM,1,1,2,1,2,3,0,1,2,2026-09-24 #17 (+6.82%),2026-09-24 #17 (+6.82%),"2026-08-03 #34 (+7.38%), 2026-09-24 #17 (+6.82%)",2026-09-24 (+6.82%),"2026-09-07 (+4.91%), 2026-09-24 (+6.82%)","2026-08-03 (+7.38%), 2026-09-07 (+4.91%), 2026-09-24 (+6.82%)",-,2026-09-15 (-4.72%),"2026-08-10 (-11.24%), 2026-09-15 (-4.72%)",6.47,12.25,-2.29
BOROLTD,Producer Manufacturing,Miscellaneous Manufacturing,1,1,2,1,2,3,0,0,2,2026-09-28 #18 (+6.04%),2026-09-28 #18 (+6.04%),"2026-07-13 #13 (+10.78%), 2026-09-28 #18 (+6.04%)",2026-09-28 (+6.04%),"2026-09-04 (+4.15%), 2026-09-28 (+6.04%)","2026-07-13 (+10.78%), 2026-09-04 (+4.15%), 2026-09-28 (+6.04%)",-,-,"2026-07-08 (-4.31%), 2026-08-27 (-4.42%)",4.8,12.34,12.36
ABDL,Consumer Non-Durables,Beverages: Alcoholic,1,1,2,1,1,3,0,0,2,2026-09-24 #11 (+8.49%),2026-09-24 #11 (+8.49%),"2026-07-06 #21 (+7.26%), 2026-09-24 #11 (+8.49%)",2026-09-24 (+8.49%),2026-09-24 (+8.49%),"2026-07-06 (+7.26%), 2026-08-10 (+4.25%), 2026-09-24 (+8.49%)",-,-,"2026-07-31 (-4.46%), 2026-08-14 (-4.50%)",10.59,15.86,6.47
PLASTIBLEN,Process Industries,Chemicals: Major Diversified,1,1,2,1,1,2,0,0,0,2026-09-25 #30 (+7.00%),2026-09-25 #30 (+7.00%),"2026-07-13 #31 (+7.12%), 2026-09-25 #30 (+7.00%)",2026-09-25 (+7.00%),2026-09-25 (+7.00%),"2026-07-13 (+7.12%), 2026-09-25 (+7.00%)",-,-,-,9.98,10.25,12.8
PRAKASH,Non-Energy Minerals,Steel,1,1,2,1,1,2,0,0,1,2026-09-29 #47 (+5.13%),2026-09-29 #47 (+5.13%),"2026-08-14 #5 (+12.36%), 2026-09-29 #47 (+5.13%)",2026-09-29 (+5.13%),2026-09-29 (+5.13%),"2026-08-14 (+12.36%), 2026-09-29 (+5.13%)",-,-,2026-08-11 (-6.48%),2.1,-4.54,-12.54
HERANBA,Process Industries,Chemicals: Agricultural,1,1,2,1,1,2,1,1,1,2026-09-25 #18 (+8.90%),2026-09-25 #18 (+8.90%),"2026-08-24 #17 (+8.17%), 2026-09-25 #18 (+8.90%)",2026-09-25 (+8.90%),2026-09-25 (+8.90%),"2026-08-24 (+8.17%), 2026-09-25 (+8.90%)",2026-09-28 (-4.08%),2026-09-28 (-4.08%),2026-09-28 (-4.08%),7.27,4.04,-2.7
AJAXENGG,Producer Manufacturing,Trucks/Construction/Farm Machinery,1,1,2,1,1,2,0,0,1,2026-09-25 #41 (+5.66%),2026-09-25 #41 (+5.66%),"2026-07-13 #18 (+10.00%), 2026-09-25 #41 (+5.66%)",2026-09-25 (+5.66%),2026-09-25 (+5.66%),"2026-07-13 (+10.00%), 2026-09-25 (+5.66%)",-,-,2026-08-06 (-6.52%),4.79,2.99,8.81
GODIGIT,Finance,Multi-Line Insurance,1,1,2,0,0,1,0,1,3,2026-09-28 #44 (+3.76%),2026-09-28 #44 (+3.76%),"2026-08-05 #40 (+6.49%), 2026-09-28 #44 (+3.76%)",-,-,2026-08-05 (+6.49%),-,2026-09-18 (-6.46%),"2026-07-16 (-4.60%), 2026-07-24 (-8.78%), 2026-09-18 (-6.46%)",4.69,-1.63,-19.17
NRL,Non-Energy Minerals,Other Metals/Minerals,0,1,2,1,6,10,0,0,0,-,2026-09-22 #49 (+5.00%),"2026-07-14 #30 (+4.16%), 2026-09-22 #49 (+5.00%)",2026-09-23 (+5.00%),"2026-09-07 (+4.62%), 2026-09-10 (+4.12%), 2026-09-18 (+4.77%), 2026-09-21 (+4.97%), 2026-09-22 (+5.00%), 2026-09-23 (+5.00%)","2026-07-03 (+4.94%), 2026-07-10 (+4.35%), 2026-07-13 (+5.00%), 2026-07-14 (+4.16%), 2026-09-07 (+4.62%), 2026-09-10 (+4.12%), 2026-09-18 (+4.77%), 2026-09-21 (+4.97%), 2026-09-22 (+5.00%), 2026-09-23 (+5.00%)",-,-,-,1.04,28.0,87.57
VISAKAIND,Process Industries,Industrial Specialties,0,1,2,0,2,7,2,2,3,-,2026-09-18 #29 (+7.21%),"2026-08-07 #2 (+14.27%), 2026-09-18 #29 (+7.21%)",-,"2026-09-17 (+4.20%), 2026-09-18 (+7.21%)","2026-07-10 (+5.50%), 2026-07-13 (+4.43%), 2026-07-31 (+4.57%), 2026-08-07 (+14.27%), 2026-08-10 (+4.86%), 2026-09-17 (+4.20%), 2026-09-18 (+7.21%)","2026-09-25 (-4.02%), 2026-09-28 (-4.14%)","2026-09-25 (-4.02%), 2026-09-28 (-4.14%)","2026-07-08 (-4.80%), 2026-09-25 (-4.02%), 2026-09-28 (-4.14%)",-7.83,-1.65,11.31
DEEDEV,Producer Manufacturing,Industrial Machinery,0,1,2,0,3,7,1,2,6,-,2026-09-01 #44 (+5.00%),"2026-07-08 #26 (+4.30%), 2026-09-01 #44 (+5.00%)",-,"2026-09-01 (+5.00%), 2026-09-16 (+4.49%), 2026-09-18 (+4.99%)","2026-07-08 (+4.30%), 2026-07-15 (+4.01%), 2026-07-27 (+4.47%), 2026-07-31 (+5.00%), 2026-09-01 (+5.00%), 2026-09-16 (+4.49%), 2026-09-18 (+4.99%)",2026-09-24 (-5.00%),"2026-09-15 (-5.00%), 2026-09-24 (-5.00%)","2026-07-06 (-4.06%), 2026-07-07 (-4.24%), 2026-08-04 (-5.00%), 2026-08-28 (-4.66%), 2026-09-15 (-5.00%), 2026-09-24 (-5.00%)",-5.54,10.71,-7.87
REGAAL,Process Industries,Agricultural Commodities/Milling,0,1,2,0,2,6,1,2,2,-,2026-09-22 #2 (+16.50%),"2026-08-18 #8 (+10.03%), 2026-09-22 #2 (+16.50%)",-,"2026-09-18 (+4.93%), 2026-09-22 (+16.50%)","2026-08-03 (+5.00%), 2026-08-04 (+4.68%), 2026-08-17 (+5.19%), 2026-08-18 (+10.03%), 2026-09-18 (+4.93%), 2026-09-22 (+16.50%)",2026-09-24 (-4.18%),"2026-09-15 (-4.77%), 2026-09-24 (-4.18%)","2026-09-15 (-4.77%), 2026-09-24 (-4.18%)",-8.82,-0.43,7.72
PVRINOX,Consumer Services,Movies/Entertainment,0,1,2,0,3,6,1,3,3,-,2026-09-08 #31 (+6.47%),"2026-07-24 #25 (+5.61%), 2026-09-08 #31 (+6.47%)",-,"2026-09-08 (+6.47%), 2026-09-10 (+4.46%), 2026-09-18 (+4.09%)","2026-07-24 (+5.61%), 2026-07-27 (+5.57%), 2026-08-04 (+4.09%), 2026-09-08 (+6.47%), 2026-09-10 (+4.46%), 2026-09-18 (+4.09%)",2026-09-24 (-4.61%),"2026-09-07 (-5.76%), 2026-09-09 (-5.04%), 2026-09-24 (-4.61%)","2026-09-07 (-5.76%), 2026-09-09 (-5.04%), 2026-09-24 (-4.61%)",-10.84,-1.46,20.77
PITTIENG,Producer Manufacturing,Industrial Machinery,0,1,2,1,2,5,0,1,1,-,2026-09-07 #26 (+8.42%),"2026-08-12 #10 (+8.72%), 2026-09-07 #26 (+8.42%)",2026-09-23 (+4.03%),"2026-09-07 (+8.42%), 2026-09-23 (+4.03%)","2026-07-29 (+4.02%), 2026-08-12 (+8.72%), 2026-08-24 (+4.38%), 2026-09-07 (+8.42%), 2026-09-23 (+4.03%)",-,2026-09-15 (-5.02%),2026-09-15 (-5.02%),0.85,0.91,18.68
AIIL,Finance,Financial Conglomerates,0,1,2,0,2,5,0,1,1,-,2026-09-11 #19 (+6.26%),"2026-07-17 #6 (+9.88%), 2026-09-11 #19 (+6.26%)",-,"2026-09-11 (+6.26%), 2026-09-18 (+6.03%)","2026-07-17 (+9.88%), 2026-08-06 (+4.50%), 2026-08-13 (+4.38%), 2026-09-11 (+6.26%), 2026-09-18 (+6.03%)",-,2026-09-02 (-5.91%),2026-09-02 (-5.91%),-0.93,-3.41,3.59
IZMO,Technology Services,Packaged Software,0,1,2,0,1,5,0,0,2,-,2026-09-01 #10 (+10.00%),"2026-07-16 #26 (+5.00%), 2026-09-01 #10 (+10.00%)",-,2026-09-01 (+10.00%),"2026-07-09 (+5.00%), 2026-07-10 (+4.99%), 2026-07-13 (+4.99%), 2026-07-16 (+5.00%), 2026-09-01 (+10.00%)",-,-,"2026-07-08 (-4.53%), 2026-07-30 (-4.98%)",-4.65,6.63,-12.33
IMAGICAA,Consumer Services,Movies/Entertainment,0,1,2,0,1,4,0,0,1,-,2026-09-16 #36 (+5.08%),"2026-08-27 #1 (+19.99%), 2026-09-16 #36 (+5.08%)",-,2026-09-16 (+5.08%),"2026-08-03 (+4.47%), 2026-08-19 (+5.16%), 2026-08-27 (+19.99%), 2026-09-16 (+5.08%)",-,-,2026-08-10 (-5.83%),-2.1,-8.86,6.41
ALGOQUANT,Finance,Investment Banks/Brokers,0,1,2,0,1,4,1,1,1,-,2026-09-17 #17 (+7.64%),"2026-07-16 #15 (+7.17%), 2026-09-17 #17 (+7.64%)",-,2026-09-17 (+7.64%),"2026-07-13 (+4.00%), 2026-07-16 (+7.17%), 2026-07-24 (+4.57%), 2026-09-17 (+7.64%)",2026-09-29 (-5.62%),2026-09-29 (-5.62%),2026-09-29 (-5.62%),-9.14,1.44,12.84
KUSUMGAR,Process Industries,Textiles,0,1,2,0,1,4,0,0,2,-,2026-09-18 #30 (+7.20%),"2026-07-23 #19 (+5.63%), 2026-09-18 #30 (+7.20%)",-,2026-09-18 (+7.20%),"2026-07-23 (+5.63%), 2026-07-29 (+4.51%), 2026-08-03 (+5.65%), 2026-09-18 (+7.20%)",-,-,"2026-07-27 (-4.35%), 2026-08-19 (-4.82%)",-1.61,4.27,
DICIND,Process Industries,Industrial Specialties,0,1,2,0,3,4,0,1,2,-,2026-09-04 #40 (+5.92%),"2026-08-13 #4 (+13.78%), 2026-09-04 #40 (+5.92%)",-,"2026-09-02 (+4.15%), 2026-09-04 (+5.92%), 2026-09-22 (+4.20%)","2026-08-13 (+13.78%), 2026-09-02 (+4.15%), 2026-09-04 (+5.92%), 2026-09-22 (+4.20%)",-,2026-09-01 (-4.02%),"2026-08-31 (-4.76%), 2026-09-01 (-4.02%)",-5.24,2.37,21.37
BORANA,Process Industries,Textiles,0,1,2,0,1,4,0,0,2,-,2026-09-07 #46 (+5.74%),"2026-07-16 #13 (+7.41%), 2026-09-07 #46 (+5.74%)",-,2026-09-07 (+5.74%),"2026-07-16 (+7.41%), 2026-07-20 (+4.67%), 2026-08-06 (+4.58%), 2026-09-07 (+5.74%)",-,-,"2026-07-08 (-4.97%), 2026-08-11 (-4.44%)",1.37,-3.92,-6.44
BFUTILITIE,Industrial Services,Engineering & Construction,0,1,2,0,3,4,0,0,2,-,2026-09-03 #13 (+8.66%),"2026-07-13 #5 (+16.20%), 2026-09-03 #13 (+8.66%)",-,"2026-09-03 (+8.66%), 2026-09-10 (+4.33%), 2026-09-18 (+4.02%)","2026-07-13 (+16.20%), 2026-09-03 (+8.66%), 2026-09-10 (+4.33%), 2026-09-18 (+4.02%)",-,-,"2026-07-14 (-5.74%), 2026-08-14 (-4.77%)",-3.52,1.19,-13.68
YATRA,Consumer Services,Other Consumer Services,0,1,2,0,2,4,0,2,3,-,2026-09-01 #20 (+7.02%),"2026-08-11 #17 (+9.36%), 2026-09-01 #20 (+7.02%)",-,"2026-09-01 (+7.02%), 2026-09-22 (+4.95%)","2026-08-11 (+9.36%), 2026-08-12 (+4.09%), 2026-09-01 (+7.02%), 2026-09-22 (+4.95%)",-,"2026-09-15 (-6.46%), 2026-09-16 (-5.09%)","2026-08-27 (-4.50%), 2026-09-15 (-6.46%), 2026-09-16 (-5.09%)",-6.85,-4.75,-12.8
GUJTHEM,Health Technology,Pharmaceuticals: Major,0,1,2,0,2,4,1,3,3,-,2026-09-08 #48 (+5.58%),"2026-08-24 #19 (+8.00%), 2026-09-08 #48 (+5.58%)",-,"2026-09-07 (+4.36%), 2026-09-08 (+5.58%)","2026-08-18 (+5.71%), 2026-08-24 (+8.00%), 2026-09-07 (+4.36%), 2026-09-08 (+5.58%)",2026-09-28 (-4.66%),"2026-09-09 (-4.96%), 2026-09-16 (-4.15%), 2026-09-28 (-4.66%)","2026-09-09 (-4.96%), 2026-09-16 (-4.15%), 2026-09-28 (-4.66%)",-1.25,-3.72,2.65
CMPDI,Commercial Services,Miscellaneous Commercial Services,0,1,2,1,3,4,0,2,3,-,2026-09-03 #20 (+7.49%),"2026-07-14 #45 (+3.59%), 2026-09-03 #20 (+7.49%)",2026-09-29 (+4.17%),"2026-09-03 (+7.49%), 2026-09-18 (+4.32%), 2026-09-29 (+4.17%)","2026-07-21 (+4.44%), 2026-09-03 (+7.49%), 2026-09-18 (+4.32%), 2026-09-29 (+4.17%)",-,"2026-09-10 (-5.25%), 2026-09-15 (-5.34%)","2026-07-28 (-4.14%), 2026-09-10 (-5.25%), 2026-09-15 (-5.34%)",1.81,-7.71,-20.34
CAPLIPOINT,Health Technology,Pharmaceuticals: Major,0,1,2,0,3,4,0,1,3,-,2026-09-01 #16 (+7.70%),"2026-07-27 #31 (+6.25%), 2026-09-01 #16 (+7.70%)",-,"2026-09-01 (+7.70%), 2026-09-03 (+4.58%), 2026-09-18 (+5.85%)","2026-07-27 (+6.25%), 2026-09-01 (+7.70%), 2026-09-03 (+4.58%), 2026-09-18 (+5.85%)",-,2026-09-15 (-6.69%),"2026-07-22 (-4.88%), 2026-08-12 (-5.98%), 2026-09-15 (-6.69%)",-1.2,9.0,8.11
MARATHON,Finance,Real Estate Development,0,1,2,0,2,4,1,2,4,-,2026-09-01 #36 (+5.19%),"2026-08-24 #3 (+19.99%), 2026-09-01 #36 (+5.19%)",-,"2026-09-01 (+5.19%), 2026-09-07 (+4.93%)","2026-08-24 (+19.99%), 2026-08-26 (+4.24%), 2026-09-01 (+5.19%), 2026-09-07 (+4.93%)",2026-09-28 (-4.59%),"2026-09-15 (-4.93%), 2026-09-28 (-4.59%)","2026-07-08 (-5.01%), 2026-08-25 (-4.82%), 2026-09-15 (-4.93%), 2026-09-28 (-4.59%)",-7.87,-6.82,-7.98
KDGREEN,Consumer Non-Durables,Apparel/Footwear,0,1,2,0,3,4,1,3,4,-,2026-09-09 #38 (+5.60%),"2026-08-19 #8 (+10.00%), 2026-09-09 #38 (+5.60%)",-,"2026-09-09 (+5.60%), 2026-09-17 (+5.53%), 2026-09-21 (+4.17%)","2026-08-19 (+10.00%), 2026-09-09 (+5.60%), 2026-09-17 (+5.53%), 2026-09-21 (+4.17%)",2026-09-28 (-6.67%),"2026-09-02 (-5.72%), 2026-09-15 (-5.05%), 2026-09-28 (-6.67%)","2026-08-31 (-9.99%), 2026-09-02 (-5.72%), 2026-09-15 (-5.05%), 2026-09-28 (-6.67%)",-2.96,-18.63,
ARDEE,Non-Energy Minerals,Other Metals/Minerals,0,1,2,1,2,4,1,2,5,-,2026-09-22 #22 (+6.98%),"2026-08-27 #19 (+6.01%), 2026-09-22 #22 (+6.98%)",2026-09-25 (+4.11%),"2026-09-22 (+6.98%), 2026-09-25 (+4.11%)","2026-08-17 (+5.39%), 2026-08-27 (+6.01%), 2026-09-22 (+6.98%), 2026-09-25 (+4.11%)",2026-09-24 (-5.03%),"2026-09-15 (-6.15%), 2026-09-24 (-5.03%)","2026-08-14 (-8.82%), 2026-08-25 (-4.11%), 2026-08-31 (-4.82%), 2026-09-15 (-6.15%), 2026-09-24 (-5.03%)",-1.75,-12.09,
ACUTAAS,Health Technology,Pharmaceuticals: Major,0,1,2,0,1,4,0,1,5,-,2026-09-10 #21 (+6.47%),"2026-08-18 #48 (+6.04%), 2026-09-10 #21 (+6.47%)",-,2026-09-10 (+6.47%),"2026-08-14 (+4.02%), 2026-08-18 (+6.04%), 2026-08-25 (+4.42%), 2026-09-10 (+6.47%)",-,2026-09-22 (-6.19%),"2026-07-06 (-4.87%), 2026-07-23 (-5.48%), 2026-07-24 (-5.77%), 2026-08-19 (-4.79%), 2026-09-22 (-6.19%)",2.81,4.54,-10.5
INDOKEM,Process Industries,Industrial Specialties,0,1,2,0,2,3,0,0,0,-,2026-09-17 #32 (+6.03%),"2026-08-25 #30 (+5.01%), 2026-09-17 #32 (+6.03%)",-,"2026-09-03 (+5.21%), 2026-09-17 (+6.03%)","2026-08-25 (+5.01%), 2026-09-03 (+5.21%), 2026-09-17 (+6.03%)",-,-,-,1.61,1.8,
GNFC,Process Industries,Chemicals: Specialty,0,1,2,1,2,3,0,0,0,-,2026-09-17 #15 (+8.36%),"2026-08-17 #50 (+5.57%), 2026-09-17 #15 (+8.36%)",2026-09-23 (+4.07%),"2026-09-17 (+8.36%), 2026-09-23 (+4.07%)","2026-08-17 (+5.57%), 2026-09-17 (+8.36%), 2026-09-23 (+4.07%)",-,-,-,2.14,6.39,14.48
CHEMFAB,Process Industries,Chemicals: Specialty,0,1,2,0,1,3,0,0,0,-,2026-09-09 #42 (+5.31%),"2026-07-03 #50 (+4.99%), 2026-09-09 #42 (+5.31%)",-,2026-09-09 (+5.31%),"2026-07-03 (+4.99%), 2026-07-16 (+4.02%), 2026-09-09 (+5.31%)",-,-,-,-2.97,-7.1,-5.01
RITCO,Transportation,Trucking,0,1,2,0,1,3,0,0,1,-,2026-09-07 #45 (+5.96%),"2026-08-18 #28 (+7.01%), 2026-09-07 #45 (+5.96%)",-,2026-09-07 (+5.96%),"2026-07-06 (+4.93%), 2026-08-18 (+7.01%), 2026-09-07 (+5.96%)",-,-,2026-07-08 (-4.38%),-2.21,-9.87,9.75
MEESHO,Retail Trade,Apparel/Footwear Retail,0,1,2,0,1,3,1,1,1,-,2026-09-22 #11 (+9.60%),"2026-08-20 #40 (+6.42%), 2026-09-22 #11 (+9.60%)",-,2026-09-22 (+9.60%),"2026-08-03 (+5.15%), 2026-08-20 (+6.42%), 2026-09-22 (+9.60%)",2026-09-25 (-6.78%),2026-09-25 (-6.78%),2026-09-25 (-6.78%),-7.07,8.68,16.89
KTKBANK,Finance,Regional Banks,0,1,2,0,1,3,1,1,1,-,2026-09-22 #37 (+5.39%),"2026-07-30 #29 (+4.21%), 2026-09-22 #37 (+5.39%)",-,2026-09-22 (+5.39%),"2026-07-30 (+4.21%), 2026-08-19 (+4.28%), 2026-09-22 (+5.39%)",2026-09-28 (-4.07%),2026-09-28 (-4.07%),2026-09-28 (-4.07%),-2.19,-3.25,21.19
IMPAL,Distribution Services,Wholesale Distributors,0,1,2,0,1,3,0,0,1,-,2026-09-01 #32 (+5.48%),"2026-07-06 #15 (+8.10%), 2026-09-01 #32 (+5.48%)",-,2026-09-01 (+5.48%),"2026-07-06 (+8.10%), 2026-07-27 (+5.23%), 2026-09-01 (+5.48%)",-,-,2026-07-08 (-5.45%),-3.01,-5.0,-5.65
HBLENGINE,Producer Manufacturing,Electrical Products,0,1,2,0,2,3,0,0,1,-,2026-09-17 #20 (+7.39%),"2026-08-20 #46 (+6.11%), 2026-09-17 #20 (+7.39%)",-,"2026-09-04 (+4.54%), 2026-09-17 (+7.39%)","2026-08-20 (+6.11%), 2026-09-04 (+4.54%), 2026-09-17 (+7.39%)",-,-,2026-08-10 (-4.48%),5.36,22.96,-1.88
BLACKBUCK,Technology Services,Packaged Software,0,1,2,0,1,3,0,0,1,-,2026-09-11 #16 (+7.21%),"2026-07-30 #34 (+4.03%), 2026-09-11 #16 (+7.21%)",-,2026-09-11 (+7.21%),"2026-07-30 (+4.03%), 2026-08-19 (+4.68%), 2026-09-11 (+7.21%)",-,-,2026-08-24 (-4.71%),0.33,4.82,13.03
AWFIS,Finance,Real Estate Development,0,1,2,0,2,3,0,1,1,-,2026-09-11 #1 (+17.47%),"2026-07-27 #32 (+6.18%), 2026-09-11 #1 (+17.47%)",-,"2026-09-11 (+17.47%), 2026-09-18 (+4.17%)","2026-07-27 (+6.18%), 2026-09-11 (+17.47%), 2026-09-18 (+4.17%)",-,2026-09-15 (-6.16%),2026-09-15 (-6.16%),-7.3,-4.56,-19.14
ANANTRAJ,Consumer Durables,Homebuilding,0,1,2,0,1,3,0,0,1,-,2026-09-03 #27 (+6.70%),"2026-07-17 #48 (+3.16%), 2026-09-03 #27 (+6.70%)",-,2026-09-03 (+6.70%),"2026-07-09 (+4.53%), 2026-07-27 (+5.17%), 2026-09-03 (+6.70%)",-,-,2026-07-23 (-4.74%),-1.28,-0.26,12.02
ACCENTMIC,Health Technology,Pharmaceuticals: Major,0,1,2,0,1,3,0,1,1,-,2026-09-09 #23 (+7.95%),"2026-08-07 #28 (+5.72%), 2026-09-09 #23 (+7.95%)",-,2026-09-09 (+7.95%),"2026-07-10 (+4.17%), 2026-08-07 (+5.72%), 2026-09-09 (+7.95%)",-,2026-09-15 (-5.40%),2026-09-15 (-5.40%),-0.98,14.31,39.48
ZIMLAB,Health Technology,Pharmaceuticals: Generic,0,1,2,0,1,3,0,2,2,-,2026-09-02 #3 (+13.57%),"2026-08-17 #29 (+7.11%), 2026-09-02 #3 (+13.57%)",-,2026-09-02 (+13.57%),"2026-08-05 (+4.98%), 2026-08-17 (+7.11%), 2026-09-02 (+13.57%)",-,"2026-09-03 (-4.43%), 2026-09-15 (-4.03%)","2026-09-03 (-4.43%), 2026-09-15 (-4.03%)",0.81,7.52,10.11
RATNAMANI,Non-Energy Minerals,Steel,0,1,2,0,2,3,0,1,2,-,2026-09-08 #50 (+5.47%),"2026-08-24 #6 (+14.55%), 2026-09-08 #50 (+5.47%)",-,"2026-09-08 (+5.47%), 2026-09-18 (+5.79%)","2026-08-24 (+14.55%), 2026-09-08 (+5.47%), 2026-09-18 (+5.79%)",-,2026-09-15 (-4.27%),"2026-08-07 (-7.30%), 2026-09-15 (-4.27%)",1.85,6.93,14.03
RAJESHEXPO,Consumer Durables,Other Consumer Specialties,0,1,2,0,2,3,0,1,2,-,2026-09-02 #41 (+4.99%),"2026-07-21 #47 (+5.00%), 2026-09-02 #41 (+4.99%)",-,"2026-09-02 (+4.99%), 2026-09-03 (+4.99%)","2026-07-21 (+5.00%), 2026-09-02 (+4.99%), 2026-09-03 (+4.99%)",-,2026-09-17 (-4.31%),"2026-07-08 (-4.42%), 2026-09-17 (-4.31%)",-7.8,-16.53,-30.87
NAHARSPING,Process Industries,Textiles,0,1,2,0,1,3,0,1,2,-,2026-09-17 #40 (+5.35%),"2026-08-03 #13 (+10.69%), 2026-09-17 #40 (+5.35%)",-,2026-09-17 (+5.35%),"2026-08-03 (+10.69%), 2026-08-04 (+4.03%), 2026-09-17 (+5.35%)",-,2026-09-15 (-4.19%),"2026-08-06 (-5.82%), 2026-09-15 (-4.19%)",-5.79,-9.24,0.65
KRYSTAL,Commercial Services,Miscellaneous Commercial Services,0,1,2,0,1,3,0,2,2,-,2026-09-16 #14 (+7.86%),"2026-08-20 #18 (+8.25%), 2026-09-16 #14 (+7.86%)",-,2026-09-16 (+7.86%),"2026-08-20 (+8.25%), 2026-08-26 (+5.06%), 2026-09-16 (+7.86%)",-,"2026-09-09 (-4.47%), 2026-09-18 (-4.23%)","2026-09-09 (-4.47%), 2026-09-18 (-4.23%)",-2.98,-1.12,3.21
KALPATARU,Finance,Real Estate Development,0,1,2,0,1,3,0,1,2,-,2026-09-18 #39 (+6.71%),"2026-07-29 #11 (+9.99%), 2026-09-18 #39 (+6.71%)",-,2026-09-18 (+6.71%),"2026-07-29 (+9.99%), 2026-08-20 (+5.39%), 2026-09-18 (+6.71%)",-,2026-09-15 (-4.06%),"2026-08-04 (-5.17%), 2026-09-15 (-4.06%)",3.87,0.43,-8.75
JARO,Technology Services,Internet Software/Services,0,1,2,0,1,3,1,1,2,-,2026-09-15 #36 (+3.50%),"2026-08-25 #26 (+5.24%), 2026-09-15 #36 (+3.50%)",-,2026-09-10 (+4.18%),"2026-08-13 (+4.40%), 2026-08-25 (+5.24%), 2026-09-10 (+4.18%)",2026-09-28 (-4.41%),2026-09-28 (-4.41%),"2026-07-14 (-5.03%), 2026-09-28 (-4.41%)",-8.44,-8.27,-19.07
HIRECT,Producer Manufacturing,Electrical Products,0,1,2,0,1,3,0,0,2,-,2026-09-08 #46 (+5.73%),"2026-07-15 #1 (+19.88%), 2026-09-08 #46 (+5.73%)",-,2026-09-08 (+5.73%),"2026-07-15 (+19.88%), 2026-07-21 (+4.51%), 2026-09-08 (+5.73%)",-,-,"2026-07-03 (-4.30%), 2026-08-11 (-5.47%)",-5.7,-5.36,1.58
EIEL,Industrial Services,Environmental Services,0,1,2,0,1,3,0,1,2,-,2026-09-09 #47 (+5.03%),"2026-07-10 #31 (+7.05%), 2026-09-09 #47 (+5.03%)",-,2026-09-09 (+5.03%),"2026-07-10 (+7.05%), 2026-07-20 (+4.14%), 2026-09-09 (+5.03%)",-,2026-09-15 (-4.92%),"2026-08-12 (-5.07%), 2026-09-15 (-4.92%)",-4.77,-2.76,-16.18
POLICYBZR,Technology Services,Internet Software/Services,0,1,2,1,2,3,2,2,3,-,2026-09-16 #34 (+5.25%),"2026-08-11 #35 (+6.32%), 2026-09-16 #34 (+5.25%)",2026-09-23 (+4.50%),"2026-09-16 (+5.25%), 2026-09-23 (+4.50%)","2026-08-11 (+6.32%), 2026-09-16 (+5.25%), 2026-09-23 (+4.50%)","2026-09-24 (-36.00%), 2026-09-29 (-6.11%)","2026-09-24 (-36.00%), 2026-09-29 (-6.11%)","2026-07-03 (-5.40%), 2026-09-24 (-36.00%), 2026-09-29 (-6.11%)",-40.11,-42.35,-35.74
CLSEL,Process Industries,Agricultural Commodities/Milling,0,1,2,0,1,3,0,1,3,-,2026-09-16 #23 (+5.91%),"2026-08-24 #15 (+8.46%), 2026-09-16 #23 (+5.91%)",-,2026-09-16 (+5.91%),"2026-07-21 (+4.67%), 2026-08-24 (+8.46%), 2026-09-16 (+5.91%)",-,2026-09-15 (-5.03%),"2026-08-07 (-5.46%), 2026-08-27 (-5.75%), 2026-09-15 (-5.03%)",-3.8,-3.69,-1.31
RAIN,Process Industries,Industrial Specialties,0,1,2,0,1,3,0,1,4,-,2026-09-01 #31 (+5.73%),"2026-07-21 #39 (+5.37%), 2026-09-01 #31 (+5.73%)",-,2026-09-01 (+5.73%),"2026-07-06 (+4.87%), 2026-07-21 (+5.37%), 2026-09-01 (+5.73%)",-,2026-09-15 (-8.90%),"2026-08-07 (-8.28%), 2026-08-10 (-8.21%), 2026-08-25 (-6.18%), 2026-09-15 (-8.90%)",-1.88,10.27,14.06
MIDHANI,Non-Energy Minerals,Other Metals/Minerals,0,1,2,0,1,3,0,1,4,-,2026-09-08 #6 (+13.60%),"2026-08-13 #9 (+8.91%), 2026-09-08 #6 (+13.60%)",-,2026-09-08 (+13.60%),"2026-08-06 (+4.35%), 2026-08-13 (+8.91%), 2026-09-08 (+13.60%)",-,2026-09-15 (-9.29%),"2026-07-07 (-4.61%), 2026-08-12 (-4.51%), 2026-08-14 (-6.33%), 2026-09-15 (-9.29%)",0.94,1.2,-2.52
AYE,Finance,Finance/Rental/Leasing,0,1,2,0,1,3,1,2,4,-,2026-09-03 #50 (+5.41%),"2026-07-21 #10 (+10.30%), 2026-09-03 #50 (+5.41%)",-,2026-09-03 (+5.41%),"2026-07-21 (+10.30%), 2026-08-10 (+4.38%), 2026-09-03 (+5.41%)",2026-09-24 (-4.80%),"2026-09-01 (-4.36%), 2026-09-24 (-4.80%)","2026-07-08 (-4.59%), 2026-07-22 (-6.30%), 2026-09-01 (-4.36%), 2026-09-24 (-4.80%)",-12.94,-11.04,-12.64
LIKHITHA,Industrial Services,Engineering & Construction,0,1,2,0,2,3,0,0,5,-,2026-09-09 #21 (+8.75%),"2026-08-11 #24 (+7.49%), 2026-09-09 #21 (+8.75%)",-,"2026-09-09 (+8.75%), 2026-09-22 (+4.28%)","2026-08-11 (+7.49%), 2026-09-09 (+8.75%), 2026-09-22 (+4.28%)",-,-,"2026-07-08 (-4.27%), 2026-07-28 (-4.65%), 2026-08-12 (-6.68%), 2026-08-14 (-4.64%), 2026-08-17 (-4.83%)",-2.24,6.69,-16.25
WENDT,Producer Manufacturing,Industrial Machinery,0,1,2,0,1,2,0,0,0,-,2026-09-10 #37 (+5.33%),"2026-07-24 #7 (+8.73%), 2026-09-10 #37 (+5.33%)",-,2026-09-10 (+5.33%),"2026-07-24 (+8.73%), 2026-09-10 (+5.33%)",-,-,-,-2.69,2.75,3.5
SJS,Producer Manufacturing,Auto Parts: OEM,0,1,2,0,1,2,0,1,1,-,2026-09-18 #37 (+6.92%),"2026-08-14 #30 (+5.30%), 2026-09-18 #37 (+6.92%)",-,2026-09-18 (+6.92%),"2026-08-14 (+5.30%), 2026-09-18 (+6.92%)",-,2026-09-04 (-4.35%),2026-09-04 (-4.35%),-0.04,-7.18,3.73
SARDAEN,Non-Energy Minerals,Steel,0,1,2,0,1,2,0,1,1,-,2026-09-09 #50 (+5.00%),"2026-08-13 #25 (+6.92%), 2026-09-09 #50 (+5.00%)",-,2026-09-09 (+5.00%),"2026-08-13 (+6.92%), 2026-09-09 (+5.00%)",-,2026-09-15 (-4.35%),2026-09-15 (-4.35%),-0.6,-1.55,1.59
PURVA,Finance,Real Estate Development,0,1,2,0,1,2,0,0,1,-,2026-09-04 #15 (+9.30%),"2026-07-13 #12 (+10.86%), 2026-09-04 #15 (+9.30%)",-,2026-09-04 (+9.30%),"2026-07-13 (+10.86%), 2026-09-04 (+9.30%)",-,-,2026-07-14 (-5.36%),-5.47,-3.8,-4.81
PNBGILTS,Finance,Investment Banks/Brokers,0,1,2,0,1,2,0,1,1,-,2026-09-04 #43 (+5.66%),"2026-07-16 #49 (+4.27%), 2026-09-04 #43 (+5.66%)",-,2026-09-04 (+5.66%),"2026-07-16 (+4.27%), 2026-09-04 (+5.66%)",-,2026-09-15 (-5.04%),2026-09-15 (-5.04%),-5.69,-6.59,-20.77
INNOVISION,Transportation,Other Transportation,0,1,2,0,1,2,0,1,1,-,2026-09-09 #12 (+11.23%),"2026-08-31 #8 (+10.92%), 2026-09-09 #12 (+11.23%)",-,2026-09-09 (+11.23%),"2026-08-31 (+10.92%), 2026-09-09 (+11.23%)",-,2026-09-10 (-4.82%),2026-09-10 (-4.82%),-0.29,-7.49,-10.5
HCLTECH,Technology Services,Information Technology Services,0,1,2,0,0,2,0,0,1,-,2026-09-15 #31 (+3.95%),"2026-07-03 #39 (+5.65%), 2026-09-15 #31 (+3.95%)",-,-,"2026-07-03 (+5.65%), 2026-07-13 (+4.91%)",-,-,2026-07-14 (-4.46%),-3.81,-6.87,13.35
GODREJAGRO,Process Industries,Agricultural Commodities/Milling,0,1,2,0,1,2,0,1,1,-,2026-09-01 #26 (+6.35%),"2026-08-25 #15 (+6.52%), 2026-09-01 #26 (+6.35%)",-,2026-09-01 (+6.35%),"2026-08-25 (+6.52%), 2026-09-01 (+6.35%)",-,2026-09-15 (-4.52%),2026-09-15 (-4.52%),-3.4,2.67,13.97
GANDHITUBE,Non-Energy Minerals,Steel,0,1,2,0,1,2,0,0,1,-,2026-09-22 #7 (+10.33%),"2026-08-11 #42 (+5.58%), 2026-09-22 #7 (+10.33%)",-,2026-09-22 (+10.33%),"2026-08-11 (+5.58%), 2026-09-22 (+10.33%)",-,-,2026-08-13 (-7.84%),-3.65,7.6,12.63
BBTC,Consumer Non-Durables,Food: Major Diversified,0,1,2,0,1,2,1,1,1,-,2026-09-18 #19 (+8.05%),"2026-08-27 #3 (+13.14%), 2026-09-18 #19 (+8.05%)",-,2026-09-18 (+8.05%),"2026-08-27 (+13.14%), 2026-09-18 (+8.05%)",2026-09-29 (-4.29%),2026-09-29 (-4.29%),2026-09-29 (-4.29%),-7.22,-13.32,-11.97
IGARASHI,Producer Manufacturing,Auto Parts: OEM,0,1,2,0,1,2,0,0,2,-,2026-09-15 #14 (+5.49%),"2026-08-06 #18 (+7.10%), 2026-09-15 #14 (+5.49%)",-,2026-09-15 (+5.49%),"2026-08-06 (+7.10%), 2026-09-15 (+5.49%)",-,-,"2026-07-07 (-4.19%), 2026-08-07 (-5.80%)",-2.94,-2.0,-14.76
ASHIANA,Finance,Real Estate Development,0,1,2,0,1,2,0,1,2,-,2026-09-21 #6 (+14.32%),"2026-07-21 #31 (+5.81%), 2026-09-21 #6 (+14.32%)",-,2026-09-21 (+14.32%),"2026-07-21 (+5.81%), 2026-09-21 (+14.32%)",-,2026-09-22 (-5.07%),"2026-08-13 (-4.95%), 2026-09-22 (-5.07%)",1.44,6.45,1.51
SIGNPOST,Commercial Services,Advertising/Marketing Services,0,1,2,0,1,2,0,1,4,-,2026-09-07 #10 (+10.34%),"2026-07-08 #28 (+4.25%), 2026-09-07 #10 (+10.34%)",-,2026-09-07 (+10.34%),"2026-07-08 (+4.25%), 2026-09-07 (+10.34%)",-,2026-09-15 (-4.20%),"2026-07-21 (-4.47%), 2026-07-22 (-4.30%), 2026-07-31 (-8.88%), 2026-09-15 (-4.20%)",-3.45,-0.88,-15.87
KPEL,Utilities,Alternative Power Generation,0,1,2,0,1,2,0,1,4,-,2026-09-21 #37 (+7.12%),"2026-08-18 #20 (+7.61%), 2026-09-21 #37 (+7.12%)",-,2026-09-21 (+7.12%),"2026-08-18 (+7.61%), 2026-09-21 (+7.12%)",-,2026-09-11 (-4.11%),"2026-08-11 (-6.98%), 2026-08-12 (-4.29%), 2026-08-20 (-4.31%), 2026-09-11 (-4.11%)",-2.99,-8.41,-34.63
CENTENKA,Process Industries,Chemicals: Specialty,0,1,2,0,1,1,0,0,0,-,2026-09-02 #7 (+10.71%),"2026-07-28 #42 (+3.88%), 2026-09-02 #7 (+10.71%)",-,2026-09-02 (+10.71%),2026-09-02 (+10.71%),-,-,-,-3.15,0.49,3.05
AFCONS,Industrial Services,Engineering & Construction,0,1,2,0,0,1,0,2,3,-,2026-09-15 #39 (+3.33%),"2026-07-17 #17 (+5.03%), 2026-09-15 #39 (+3.33%)",-,-,2026-07-17 (+5.03%),-,"2026-09-08 (-4.42%), 2026-09-10 (-4.85%)","2026-08-10 (-4.16%), 2026-09-08 (-4.42%), 2026-09-10 (-4.85%)",-5.86,-14.2,-22.04
HFCL,Producer Manufacturing,Electrical Products,0,0,2,1,3,13,0,5,11,-,-,"2026-07-15 #47 (+4.84%), 2026-08-27 #48 (+4.22%)",2026-09-29 (+5.00%),"2026-09-04 (+5.00%), 2026-09-07 (+5.00%), 2026-09-29 (+5.00%)","2026-07-03 (+4.83%), 2026-07-06 (+4.88%), 2026-07-15 (+4.84%), 2026-07-21 (+4.78%), 2026-07-31 (+5.00%), 2026-08-03 (+4.43%), 2026-08-05 (+4.66%), 2026-08-18 (+4.80%), 2026-08-24 (+4.57%), 2026-08-27 (+4.22%), 2026-09-04 (+5.00%), 2026-09-07 (+5.00%), 2026-09-29 (+5.00%)",-,"2026-09-01 (-5.00%), 2026-09-02 (-4.38%), 2026-09-10 (-4.93%), 2026-09-15 (-5.00%), 2026-09-16 (-4.10%)","2026-07-08 (-5.00%), 2026-07-17 (-5.00%), 2026-07-23 (-5.00%), 2026-07-24 (-4.91%), 2026-07-30 (-4.58%), 2026-08-06 (-4.03%), 2026-09-01 (-5.00%), 2026-09-02 (-4.38%), 2026-09-10 (-4.93%), 2026-09-15 (-5.00%), 2026-09-16 (-4.10%)",-2.19,-13.2,5.68
APARINDS,Electronic Technology,Electronic Equipment/Instruments,0,0,2,0,3,9,0,1,5,-,-,"2026-08-12 #18 (+7.48%), 2026-08-27 #36 (+4.91%)",-,"2026-09-03 (+5.30%), 2026-09-17 (+4.25%), 2026-09-18 (+5.94%)","2026-07-09 (+4.66%), 2026-07-31 (+4.39%), 2026-08-04 (+4.66%), 2026-08-12 (+7.48%), 2026-08-18 (+4.18%), 2026-08-27 (+4.91%), 2026-09-03 (+5.30%), 2026-09-17 (+4.25%), 2026-09-18 (+5.94%)",-,2026-09-15 (-5.43%),"2026-07-03 (-6.14%), 2026-07-08 (-5.02%), 2026-07-28 (-4.06%), 2026-08-13 (-4.31%), 2026-09-15 (-5.43%)",-2.36,0.57,17.89
KRN,Producer Manufacturing,Industrial Machinery,0,0,2,1,2,8,0,2,3,-,-,"2026-07-15 #37 (+5.00%), 2026-08-14 #36 (+5.00%)",2026-09-29 (+4.01%),"2026-09-04 (+4.83%), 2026-09-29 (+4.01%)","2026-07-15 (+5.00%), 2026-08-11 (+5.00%), 2026-08-13 (+4.99%), 2026-08-14 (+5.00%), 2026-08-17 (+4.86%), 2026-08-28 (+4.84%), 2026-09-04 (+4.83%), 2026-09-29 (+4.01%)",-,"2026-09-15 (-4.99%), 2026-09-16 (-5.00%)","2026-07-30 (-4.25%), 2026-09-15 (-4.99%), 2026-09-16 (-5.00%)",1.62,-7.08,18.24
PRABHA,Energy Minerals,Oil & Gas Production,0,0,2,0,4,7,0,1,1,-,-,"2026-08-18 #1 (+17.64%), 2026-08-20 #36 (+6.56%)",-,"2026-09-04 (+4.36%), 2026-09-07 (+5.55%), 2026-09-08 (+4.17%), 2026-09-18 (+5.54%)","2026-08-17 (+4.78%), 2026-08-18 (+17.64%), 2026-08-20 (+6.56%), 2026-09-04 (+4.36%), 2026-09-07 (+5.55%), 2026-09-08 (+4.17%), 2026-09-18 (+5.54%)",-,2026-09-16 (-5.36%),2026-09-16 (-5.36%),-4.8,9.68,48.41
IGPL,Process Industries,Chemicals: Specialty,0,0,2,1,3,7,0,1,1,-,-,"2026-08-24 #45 (+5.44%), 2026-08-26 #22 (+7.34%)",2026-09-23 (+4.53%),"2026-09-08 (+4.61%), 2026-09-21 (+4.84%), 2026-09-23 (+4.53%)","2026-07-27 (+4.69%), 2026-08-03 (+5.39%), 2026-08-24 (+5.44%), 2026-08-26 (+7.34%), 2026-09-08 (+4.61%), 2026-09-21 (+4.84%), 2026-09-23 (+4.53%)",-,2026-09-09 (-4.68%),2026-09-09 (-4.68%),3.71,9.26,29.56
WESTLIFE,Consumer Services,Restaurants,0,0,2,1,2,7,1,1,2,-,-,"2026-07-21 #3 (+13.87%), 2026-08-05 #18 (+8.19%)",2026-09-23 (+4.30%),"2026-09-09 (+4.32%), 2026-09-23 (+4.30%)","2026-07-21 (+13.87%), 2026-07-29 (+4.77%), 2026-07-31 (+4.14%), 2026-08-03 (+4.75%), 2026-08-05 (+8.19%), 2026-09-09 (+4.32%), 2026-09-23 (+4.30%)",2026-09-24 (-4.92%),2026-09-24 (-4.92%),"2026-07-23 (-4.57%), 2026-09-24 (-4.92%)",3.94,4.45,17.56
NELCO,Electronic Technology,Electronic Production Equipment,0,0,2,0,2,7,1,1,3,-,-,"2026-07-31 #8 (+9.24%), 2026-08-13 #17 (+7.54%)",-,"2026-09-08 (+4.28%), 2026-09-18 (+4.83%)","2026-07-21 (+4.37%), 2026-07-31 (+9.24%), 2026-08-10 (+5.08%), 2026-08-13 (+7.54%), 2026-08-17 (+5.55%), 2026-09-08 (+4.28%), 2026-09-18 (+4.83%)",2026-09-28 (-6.15%),2026-09-28 (-6.15%),"2026-08-18 (-12.27%), 2026-08-19 (-4.08%), 2026-09-28 (-6.15%)",-8.84,-3.07,-0.58
VTMLTD,Process Industries,Textiles,0,0,2,1,3,7,2,5,5,-,-,"2026-08-25 #10 (+7.58%), 2026-08-27 #25 (+5.14%)",2026-09-29 (+4.89%),"2026-09-01 (+4.19%), 2026-09-16 (+15.79%), 2026-09-29 (+4.89%)","2026-08-17 (+104.53%), 2026-08-24 (+6.94%), 2026-08-25 (+7.58%), 2026-08-27 (+5.14%), 2026-09-01 (+4.19%), 2026-09-16 (+15.79%), 2026-09-29 (+4.89%)","2026-09-24 (-5.33%), 2026-09-28 (-8.33%)","2026-09-10 (-5.52%), 2026-09-11 (-8.16%), 2026-09-15 (-12.91%), 2026-09-24 (-5.33%), 2026-09-28 (-8.33%)","2026-09-10 (-5.52%), 2026-09-11 (-8.16%), 2026-09-15 (-12.91%), 2026-09-24 (-5.33%), 2026-09-28 (-8.33%)",-12.05,-30.0,
ACE,Producer Manufacturing,Trucks/Construction/Farm Machinery,0,0,2,0,2,6,0,0,0,-,-,"2026-07-24 #17 (+6.17%), 2026-08-18 #42 (+6.38%)",-,"2026-09-03 (+5.01%), 2026-09-17 (+4.86%)","2026-07-15 (+4.15%), 2026-07-21 (+4.43%), 2026-07-24 (+6.17%), 2026-08-18 (+6.38%), 2026-09-03 (+5.01%), 2026-09-17 (+4.86%)",-,-,-,-2.91,8.58,18.6
PRIZOR,Distribution Services,Wholesale Distributors,0,0,2,0,0,6,0,0,1,-,-,"2026-08-19 #41 (+5.00%), 2026-08-25 #47 (+4.53%)",-,-,"2026-08-03 (+4.44%), 2026-08-19 (+5.00%), 2026-08-20 (+5.00%), 2026-08-21 (+5.00%), 2026-08-24 (+5.00%), 2026-08-25 (+4.53%)",-,-,2026-08-05 (-4.12%),3.99,5.82,29.57
APOLLOPIPE,Producer Manufacturing,Miscellaneous Manufacturing,0,0,2,0,0,6,0,1,1,-,-,"2026-08-17 #34 (+6.74%), 2026-08-25 #6 (+8.95%)",-,-,"2026-07-09 (+4.16%), 2026-07-10 (+4.80%), 2026-08-17 (+6.74%), 2026-08-19 (+4.56%), 2026-08-20 (+4.65%), 2026-08-25 (+8.95%)",-,2026-09-15 (-6.25%),2026-09-15 (-6.25%),-2.36,-18.08,6.5
GCSL,Finance,Investment Banks/Brokers,0,0,2,0,1,6,0,0,3,-,-,"2026-07-03 #28 (+6.61%), 2026-08-12 #16 (+7.81%)",-,2026-09-18 (+4.07%),"2026-07-03 (+6.61%), 2026-07-13 (+4.00%), 2026-08-12 (+7.81%), 2026-08-18 (+4.04%), 2026-08-24 (+4.76%), 2026-09-18 (+4.07%)",-,-,"2026-08-11 (-9.96%), 2026-08-17 (-4.90%), 2026-08-20 (-7.60%)",4.23,23.08,54.98
DIFFNKG,Producer Manufacturing,Industrial Machinery,0,0,2,0,0,6,0,2,5,-,-,"2026-08-13 #13 (+7.87%), 2026-08-31 #2 (+18.13%)",-,-,"2026-07-09 (+5.03%), 2026-08-03 (+5.85%), 2026-08-04 (+4.33%), 2026-08-06 (+4.64%), 2026-08-13 (+7.87%), 2026-08-31 (+18.13%)",-,"2026-09-07 (-4.32%), 2026-09-15 (-4.95%)","2026-07-08 (-4.10%), 2026-08-10 (-10.31%), 2026-08-11 (-5.74%), 2026-09-07 (-4.32%), 2026-09-15 (-4.95%)",1.48,9.04,7.6
CEMPRO,Industrial Services,Engineering & Construction,0,0,2,0,2,6,0,0,5,-,-,"2026-07-06 #48 (+5.00%), 2026-08-14 #39 (+5.00%)",-,"2026-09-03 (+4.94%), 2026-09-22 (+5.00%)","2026-07-06 (+5.00%), 2026-07-09 (+4.30%), 2026-08-10 (+4.83%), 2026-08-14 (+5.00%), 2026-09-03 (+4.94%), 2026-09-22 (+5.00%)",-,-,"2026-07-23 (-5.00%), 2026-07-24 (-5.00%), 2026-07-27 (-5.00%), 2026-08-06 (-4.04%), 2026-08-19 (-4.40%)",-7.28,-0.19,-14.54
PRICOLLTD,Producer Manufacturing,Auto Parts: OEM,0,0,2,0,0,5,0,0,0,-,-,"2026-07-27 #46 (+5.83%), 2026-08-12 #28 (+6.25%)",-,-,"2026-07-27 (+5.83%), 2026-08-03 (+5.20%), 2026-08-04 (+4.63%), 2026-08-12 (+6.25%), 2026-08-31 (+4.23%)",-,-,-,-2.44,-6.71,20.79
GANECOS,Process Industries,Textiles,0,0,2,0,1,5,0,0,0,-,-,"2026-07-03 #6 (+11.82%), 2026-07-15 #28 (+5.82%)",-,2026-09-08 (+5.09%),"2026-07-03 (+11.82%), 2026-07-06 (+4.68%), 2026-07-09 (+5.43%), 2026-07-15 (+5.82%), 2026-09-08 (+5.09%)",-,-,-,1.22,-0.85,10.09
ADVAIT,Producer Manufacturing,Electrical Products,0,0,2,0,0,5,0,0,1,-,-,"2026-07-20 #22 (+7.07%), 2026-07-31 #40 (+6.07%)",-,-,"2026-07-09 (+5.02%), 2026-07-20 (+7.07%), 2026-07-31 (+6.07%), 2026-08-26 (+4.18%), 2026-08-28 (+4.06%)",-,-,2026-08-07 (-5.18%),-5.09,-12.3,-15.86
LCL,Producer Manufacturing,Industrial Machinery,0,0,2,0,2,5,1,1,2,-,-,"2026-07-31 #12 (+8.20%), 2026-08-21 #27 (+6.91%)",-,"2026-09-04 (+5.07%), 2026-09-21 (+4.04%)","2026-07-31 (+8.20%), 2026-08-18 (+4.91%), 2026-08-21 (+6.91%), 2026-09-04 (+5.07%), 2026-09-21 (+4.04%)",2026-09-28 (-4.12%),2026-09-28 (-4.12%),"2026-08-27 (-5.38%), 2026-09-28 (-4.12%)",0.23,5.48,
HAPPYFORGE,Producer Manufacturing,Metal Fabrication,0,0,2,0,0,5,0,1,2,-,-,"2026-08-05 #37 (+6.67%), 2026-08-12 #32 (+6.02%)",-,-,"2026-08-05 (+6.67%), 2026-08-12 (+6.02%), 2026-08-14 (+4.08%), 2026-08-17 (+5.19%), 2026-08-31 (+4.55%)",-,2026-09-15 (-4.37%),"2026-08-21 (-5.00%), 2026-09-15 (-4.37%)",-1.6,-13.98,34.54
EXPLEOSOL,Technology Services,Information Technology Services,0,0,2,0,1,5,0,0,2,-,-,"2026-07-29 #5 (+14.35%), 2026-08-17 #7 (+13.13%)",-,2026-09-02 (+4.27%),"2026-07-09 (+4.90%), 2026-07-20 (+4.07%), 2026-07-29 (+14.35%), 2026-08-17 (+13.13%), 2026-09-02 (+4.27%)",-,-,"2026-07-08 (-4.08%), 2026-07-31 (-11.44%)",-2.15,0.15,5.28
IDEAFORGE,Electronic Technology,Aerospace & Defense,0,0,2,0,1,5,0,1,3,-,-,"2026-08-06 #49 (+5.00%), 2026-08-14 #40 (+4.99%)",-,2026-09-21 (+5.00%),"2026-07-10 (+4.99%), 2026-08-06 (+5.00%), 2026-08-14 (+4.99%), 2026-08-18 (+5.00%), 2026-09-21 (+5.00%)",-,2026-09-15 (-4.05%),"2026-08-11 (-5.00%), 2026-08-12 (-4.99%), 2026-09-15 (-4.05%)",-2.93,-9.5,-15.03
BALUFORGE,Producer Manufacturing,Trucks/Construction/Farm Machinery,0,0,2,0,1,5,0,2,3,-,-,"2026-08-14 #7 (+10.64%), 2026-08-24 #7 (+13.83%)",-,2026-09-18 (+4.10%),"2026-08-14 (+10.64%), 2026-08-18 (+5.69%), 2026-08-24 (+13.83%), 2026-08-26 (+4.81%), 2026-09-18 (+4.10%)",-,"2026-09-02 (-6.99%), 2026-09-15 (-6.60%)","2026-07-14 (-4.32%), 2026-09-02 (-6.99%), 2026-09-15 (-6.60%)",-0.81,-20.53,6.59
BAJAJCON,Consumer Non-Durables,Household/Personal Care,0,0,2,0,1,5,0,0,3,-,-,"2026-07-23 #28 (+4.97%), 2026-08-28 #42 (+5.96%)",-,2026-09-03 (+5.04%),"2026-07-09 (+4.83%), 2026-07-10 (+4.15%), 2026-07-23 (+4.97%), 2026-08-28 (+5.96%), 2026-09-03 (+5.04%)",-,-,"2026-07-14 (-10.59%), 2026-07-17 (-5.07%), 2026-08-14 (-5.13%)",-4.04,4.0,-19.44
VIVIANA,Industrial Services,Engineering & Construction,0,0,2,0,1,5,0,2,5,-,-,"2026-07-22 #40 (+4.02%), 2026-07-28 #34 (+4.17%)",-,2026-09-04 (+5.00%),"2026-07-22 (+4.02%), 2026-07-27 (+5.00%), 2026-07-28 (+4.17%), 2026-08-24 (+5.00%), 2026-09-04 (+5.00%)",-,"2026-09-08 (-4.60%), 2026-09-15 (-5.48%)","2026-07-08 (-4.74%), 2026-07-17 (-4.77%), 2026-07-29 (-4.62%), 2026-09-08 (-4.60%), 2026-09-15 (-5.48%)",-3.99,-3.14,-14.73
RELINFRA,Utilities,Electric Utilities,0,0,2,0,0,5,0,0,5,-,-,"2026-08-04 #41 (+5.00%), 2026-08-07 #49 (+4.93%)",-,-,"2026-08-03 (+5.00%), 2026-08-04 (+5.00%), 2026-08-05 (+4.99%), 2026-08-06 (+4.99%), 2026-08-07 (+4.93%)",-,-,"2026-07-06 (-5.00%), 2026-07-13 (-4.99%), 2026-07-20 (-4.89%), 2026-07-27 (-4.98%), 2026-08-10 (-4.99%)",-9.58,-26.89,-41.01
PRECOT,Process Industries,Textiles,0,0,2,0,1,5,1,1,5,-,-,"2026-08-18 #46 (+6.11%), 2026-08-25 #29 (+5.01%)",-,2026-09-21 (+4.58%),"2026-07-06 (+4.99%), 2026-07-31 (+4.98%), 2026-08-18 (+6.11%), 2026-08-25 (+5.01%), 2026-09-21 (+4.58%)",2026-09-23 (-4.11%),2026-09-23 (-4.11%),"2026-07-28 (-5.00%), 2026-08-07 (-4.62%), 2026-08-10 (-5.11%), 2026-08-14 (-7.03%), 2026-09-23 (-4.11%)",-5.34,-9.37,-10.92
HMVL,Consumer Services,Publishing: Newspapers,0,0,2,1,2,5,3,3,6,-,-,"2026-07-24 #34 (+5.06%), 2026-08-04 #12 (+9.85%)",2026-09-29 (+4.99%),"2026-09-18 (+4.85%), 2026-09-29 (+4.99%)","2026-07-24 (+5.06%), 2026-08-04 (+9.85%), 2026-08-17 (+5.00%), 2026-09-18 (+4.85%), 2026-09-29 (+4.99%)","2026-09-23 (-4.43%), 2026-09-24 (-4.42%), 2026-09-28 (-4.54%)","2026-09-23 (-4.43%), 2026-09-24 (-4.42%), 2026-09-28 (-4.54%)","2026-07-08 (-4.08%), 2026-08-07 (-4.95%), 2026-08-10 (-4.86%), 2026-09-23 (-4.43%), 2026-09-24 (-4.42%), 2026-09-28 (-4.54%)",-11.93,-18.37,-16.94
EIFFL,Consumer Non-Durables,Food: Specialty/Candy,0,0,2,0,0,5,0,0,6,-,-,"2026-08-07 #46 (+4.99%), 2026-08-27 #30 (+5.00%)",-,-,"2026-08-07 (+4.99%), 2026-08-10 (+4.99%), 2026-08-11 (+4.99%), 2026-08-26 (+4.99%), 2026-08-27 (+5.00%)",-,-,"2026-07-08 (-4.25%), 2026-08-03 (-4.67%), 2026-08-04 (-5.00%), 2026-08-05 (-5.00%), 2026-08-06 (-4.98%), 2026-08-17 (-4.99%)",8.14,-8.26,-16.1
ATLANTAELE,Producer Manufacturing,Electrical Products,0,0,2,0,0,5,1,2,7,-,-,"2026-08-17 #39 (+6.39%), 2026-08-21 #8 (+9.37%)",-,-,"2026-08-12 (+4.67%), 2026-08-17 (+6.39%), 2026-08-21 (+9.37%), 2026-08-28 (+4.19%), 2026-08-31 (+4.89%)",2026-09-24 (-4.17%),"2026-09-15 (-6.63%), 2026-09-24 (-4.17%)","2026-07-03 (-4.36%), 2026-07-21 (-4.77%), 2026-07-23 (-4.55%), 2026-07-28 (-5.00%), 2026-08-25 (-5.49%), 2026-09-15 (-6.63%), 2026-09-24 (-4.17%)",-1.84,-10.72,-7.43
RKFORGE,Producer Manufacturing,Metal Fabrication,0,0,2,0,0,4,0,0,0,-,-,"2026-07-16 #40 (+4.65%), 2026-07-27 #15 (+7.71%)",-,-,"2026-07-16 (+4.65%), 2026-07-27 (+7.71%), 2026-08-03 (+4.61%), 2026-08-28 (+4.83%)",-,-,-,-0.22,-3.89,24.3
NEULANDLAB,Health Technology,Pharmaceuticals: Major,0,0,2,0,1,4,0,0,0,-,-,"2026-08-06 #14 (+7.95%), 2026-08-07 #23 (+6.09%)",-,2026-09-08 (+4.92%),"2026-07-29 (+4.38%), 2026-08-06 (+7.95%), 2026-08-07 (+6.09%), 2026-09-08 (+4.92%)",-,-,-,-5.21,-7.11,12.57
MANINFRA,Finance,Real Estate Development,0,0,2,1,1,4,0,0,0,-,-,"2026-08-04 #9 (+11.81%), 2026-08-28 #37 (+6.37%)",2026-09-25 (+4.65%),2026-09-25 (+4.65%),"2026-08-04 (+11.81%), 2026-08-24 (+4.61%), 2026-08-28 (+6.37%), 2026-09-25 (+4.65%)",-,-,-,3.11,4.31,20.95
KNACK,Process Industries,Containers/Packaging,0,0,2,0,0,4,0,0,0,-,-,"2026-07-10 #25 (+7.64%), 2026-08-05 #27 (+7.37%)",-,-,"2026-07-09 (+6.41%), 2026-07-10 (+7.64%), 2026-08-05 (+7.37%), 2026-08-20 (+4.79%)",-,-,-,-4.83,-7.23,
ALIVUS,Health Technology,Pharmaceuticals: Major,0,0,2,0,0,4,0,0,0,-,-,"2026-07-31 #42 (+5.87%), 2026-08-04 #11 (+10.00%)",-,-,"2026-07-31 (+5.87%), 2026-08-03 (+4.69%), 2026-08-04 (+10.00%), 2026-08-31 (+4.11%)",-,-,-,-1.27,-3.48,17.05
ZYDUSWELL,Consumer Non-Durables,Food: Major Diversified,0,0,2,0,1,4,0,1,1,-,-,"2026-07-16 #43 (+4.49%), 2026-07-29 #40 (+5.46%)",-,2026-09-07 (+4.45%),"2026-07-16 (+4.49%), 2026-07-29 (+5.46%), 2026-08-24 (+4.14%), 2026-09-07 (+4.45%)",-,2026-09-18 (-4.38%),2026-09-18 (-4.38%),-2.78,-4.58,-14.86
WAKEFIT,Retail Trade,Specialty Stores,0,0,2,0,1,4,0,1,1,-,-,"2026-07-22 #5 (+11.92%), 2026-08-25 #25 (+5.32%)",-,2026-09-01 (+4.18%),"2026-07-22 (+11.92%), 2026-08-18 (+5.53%), 2026-08-25 (+5.32%), 2026-09-01 (+4.18%)",-,2026-09-15 (-4.20%),2026-09-15 (-4.20%),-1.91,-1.85,13.62
PARADEEP,Process Industries,Chemicals: Agricultural,0,0,2,0,1,4,0,1,1,-,-,"2026-07-29 #8 (+12.45%), 2026-08-25 #13 (+6.85%)",-,2026-09-17 (+4.75%),"2026-07-03 (+4.46%), 2026-07-29 (+12.45%), 2026-08-25 (+6.85%), 2026-09-17 (+4.75%)",-,2026-09-15 (-4.24%),2026-09-15 (-4.24%),-0.06,-3.72,9.8
NITINSPIN,Process Industries,Textiles,0,0,2,0,1,4,0,0,1,-,-,"2026-08-18 #12 (+9.60%), 2026-08-25 #11 (+7.50%)",-,2026-09-08 (+4.41%),"2026-08-03 (+5.17%), 2026-08-18 (+9.60%), 2026-08-25 (+7.50%), 2026-09-08 (+4.41%)",-,-,2026-08-12 (-4.67%),-0.37,-3.39,8.61
MUNJALAU,Producer Manufacturing,Auto Parts: OEM,0,0,2,0,0,4,0,0,1,-,-,"2026-07-06 #6 (+11.07%), 2026-08-13 #3 (+19.57%)",-,-,"2026-07-06 (+11.07%), 2026-07-13 (+4.30%), 2026-07-27 (+5.14%), 2026-08-13 (+19.57%)",-,-,2026-07-07 (-5.84%),1.6,-8.04,8.55
GANESHHOU,Consumer Durables,Homebuilding,0,0,2,0,0,4,0,0,1,-,-,"2026-07-07 #15 (+5.10%), 2026-08-13 #29 (+6.70%)",-,-,"2026-07-07 (+5.10%), 2026-07-09 (+5.27%), 2026-08-03 (+5.07%), 2026-08-13 (+6.70%)",-,-,2026-07-28 (-5.83%),-4.09,-12.06,-8.78
DEVYANI,Consumer Services,Restaurants,0,0,2,0,0,4,0,0,1,-,-,"2026-08-07 #11 (+8.78%), 2026-08-11 #31 (+6.91%)",-,-,"2026-07-29 (+4.08%), 2026-08-05 (+4.46%), 2026-08-07 (+8.78%), 2026-08-11 (+6.91%)",-,-,2026-08-28 (-4.22%),-9.54,-5.8,14.37
DBL,Industrial Services,Engineering & Construction,0,0,2,0,1,4,0,0,1,-,-,"2026-07-24 #8 (+8.65%), 2026-08-04 #38 (+5.15%)",-,2026-09-18 (+4.20%),"2026-07-24 (+8.65%), 2026-07-27 (+5.57%), 2026-08-04 (+5.15%), 2026-09-18 (+4.20%)",-,-,2026-08-11 (-4.64%),-2.88,1.47,-6.04
BIRLANU,Non-Energy Minerals,Forest Products,0,0,2,0,0,4,0,0,1,-,-,"2026-08-06 #7 (+10.17%), 2026-08-07 #19 (+6.68%)",-,-,"2026-07-21 (+4.43%), 2026-08-06 (+10.17%), 2026-08-07 (+6.68%), 2026-08-11 (+4.82%)",-,-,2026-08-14 (-4.91%),1.47,-2.52,3.78
ATULAUTO,Consumer Durables,Motor Vehicles,0,0,2,0,0,4,0,0,1,-,-,"2026-07-30 #30 (+4.20%), 2026-08-03 #18 (+9.29%)",-,-,"2026-07-29 (+4.06%), 2026-07-30 (+4.20%), 2026-08-03 (+9.29%), 2026-08-05 (+4.15%)",-,-,2026-08-10 (-11.74%),-1.76,-9.85,-11.27
SUMICHEM,Process Industries,Chemicals: Agricultural,0,0,2,0,0,4,0,1,2,-,-,"2026-07-03 #3 (+13.85%), 2026-07-10 #35 (+6.77%)",-,-,"2026-07-03 (+13.85%), 2026-07-10 (+6.77%), 2026-08-10 (+5.31%), 2026-08-14 (+4.04%)",-,2026-09-15 (-5.13%),"2026-07-29 (-5.05%), 2026-09-15 (-5.13%)",-5.76,-16.68,-2.28
NUVOCO,Non-Energy Minerals,Construction Materials,0,0,2,0,1,4,0,1,2,-,-,"2026-07-14 #8 (+7.85%), 2026-07-15 #7 (+10.50%)",-,2026-09-04 (+4.16%),"2026-07-14 (+7.85%), 2026-07-15 (+10.50%), 2026-07-21 (+4.54%), 2026-09-04 (+4.16%)",-,2026-09-15 (-4.97%),"2026-07-16 (-5.12%), 2026-09-15 (-4.97%)",-2.55,3.54,4.56
MANAKCOAT,Non-Energy Minerals,Steel,0,0,2,0,1,4,0,0,2,-,-,"2026-07-16 #50 (+4.26%), 2026-07-17 #38 (+3.55%)",-,2026-09-21 (+4.62%),"2026-07-10 (+4.76%), 2026-07-16 (+4.26%), 2026-08-17 (+4.75%), 2026-09-21 (+4.62%)",-,-,"2026-07-15 (-7.42%), 2026-07-21 (-4.01%)",-4.06,3.97,10.48
INFOBEAN,Technology Services,Packaged Software,0,0,2,0,0,4,0,0,2,-,-,"2026-07-28 #13 (+6.99%), 2026-08-28 #30 (+7.13%)",-,-,"2026-07-03 (+4.41%), 2026-07-10 (+4.77%), 2026-07-28 (+6.99%), 2026-08-28 (+7.13%)",-,-,"2026-07-08 (-5.65%), 2026-07-22 (-5.56%)",-4.81,-10.96,-9.83
HINDCOPPER,Non-Energy Minerals,Other Metals/Minerals,0,0,2,0,1,4,0,1,2,-,-,"2026-08-05 #16 (+8.42%), 2026-08-17 #20 (+8.24%)",-,2026-09-08 (+4.67%),"2026-08-05 (+8.42%), 2026-08-17 (+8.24%), 2026-08-26 (+4.39%), 2026-09-08 (+4.67%)",-,2026-09-15 (-4.35%),"2026-08-25 (-7.23%), 2026-09-15 (-4.35%)",-6.66,-9.71,-4.16
GOLDIAM,Consumer Durables,Other Consumer Specialties,0,0,2,1,1,4,0,0,2,-,-,"2026-07-03 #25 (+6.77%), 2026-07-10 #1 (+19.86%)",2026-09-23 (+4.00%),2026-09-23 (+4.00%),"2026-07-03 (+6.77%), 2026-07-10 (+19.86%), 2026-08-11 (+4.06%), 2026-09-23 (+4.00%)",-,-,"2026-07-08 (-5.60%), 2026-07-14 (-4.02%)",0.95,-7.4,-4.33
CONCORDBIO,Commercial Services,Miscellaneous Commercial Services,0,0,2,0,1,4,2,2,2,-,-,"2026-07-29 #33 (+5.92%), 2026-07-31 #29 (+6.83%)",-,2026-09-21 (+5.69%),"2026-07-29 (+5.92%), 2026-07-31 (+6.83%), 2026-08-17 (+4.39%), 2026-09-21 (+5.69%)","2026-09-24 (-5.22%), 2026-09-28 (-4.19%)","2026-09-24 (-5.22%), 2026-09-28 (-4.19%)","2026-09-24 (-5.22%), 2026-09-28 (-4.19%)",-7.94,-2.45,9.69
SAKSOFT,Technology Services,Information Technology Services,0,0,2,0,0,4,0,0,3,-,-,"2026-07-07 #33 (+4.01%), 2026-07-13 #26 (+8.16%)",-,-,"2026-07-07 (+4.01%), 2026-07-13 (+8.16%), 2026-07-29 (+4.31%), 2026-08-03 (+4.29%)",-,-,"2026-07-06 (-5.13%), 2026-07-08 (-5.26%), 2026-08-07 (-5.99%)",-3.17,-10.02,-22.28
CONCOR,Transportation,Railroads,0,0,2,0,0,4,0,1,3,-,-,"2026-07-14 #13 (+6.29%), 2026-07-27 #23 (+6.90%)",-,-,"2026-07-14 (+6.29%), 2026-07-27 (+6.90%), 2026-08-13 (+4.22%), 2026-08-28 (+4.65%)",-,2026-09-22 (-4.12%),"2026-07-08 (-4.52%), 2026-08-27 (-4.63%), 2026-09-22 (-4.12%)",-5.03,-13.36,-7.11
COCKERILL,Non-Energy Minerals,Steel,0,0,2,0,0,4,0,1,3,-,-,"2026-07-09 #12 (+10.00%), 2026-08-06 #24 (+6.35%)",-,-,"2026-07-09 (+10.00%), 2026-08-06 (+6.35%), 2026-08-13 (+4.21%), 2026-08-21 (+4.84%)",-,2026-09-16 (-4.93%),"2026-08-14 (-15.08%), 2026-08-19 (-4.20%), 2026-09-16 (-4.93%)",-3.61,-3.57,-13.44
KRISHNADEF,Electronic Technology,Aerospace & Defense,0,0,2,0,2,4,0,0,4,-,-,"2026-07-06 #39 (+5.47%), 2026-08-18 #49 (+5.88%)",-,"2026-09-07 (+5.25%), 2026-09-08 (+4.24%)","2026-07-06 (+5.47%), 2026-08-18 (+5.88%), 2026-09-07 (+5.25%), 2026-09-08 (+4.24%)",-,-,"2026-07-28 (-6.84%), 2026-08-05 (-5.12%), 2026-08-13 (-8.17%), 2026-08-19 (-4.20%)",-1.23,0.82,-16.54
FUSION,Finance,Finance/Rental/Leasing,0,0,2,0,0,4,1,1,4,-,-,"2026-07-03 #34 (+6.10%), 2026-08-20 #49 (+5.85%)",-,-,"2026-07-03 (+6.10%), 2026-07-09 (+4.10%), 2026-07-31 (+4.66%), 2026-08-20 (+5.85%)",2026-09-24 (-4.02%),2026-09-24 (-4.02%),"2026-07-28 (-4.75%), 2026-08-07 (-4.65%), 2026-08-27 (-4.48%), 2026-09-24 (-4.02%)",-5.61,-13.49,-19.85
MAPMYINDIA,Commercial Services,Miscellaneous Commercial Services,0,0,2,0,0,4,0,1,5,-,-,"2026-07-09 #3 (+14.79%), 2026-07-13 #20 (+9.37%)",-,-,"2026-07-09 (+14.79%), 2026-07-13 (+9.37%), 2026-08-26 (+4.58%), 2026-08-31 (+4.92%)",-,2026-09-15 (-4.10%),"2026-07-20 (-6.48%), 2026-08-04 (-4.71%), 2026-08-05 (-8.19%), 2026-08-07 (-5.27%), 2026-09-15 (-4.10%)",-8.33,-16.6,-7.56
SPARC,Health Technology,Pharmaceuticals: Major,0,0,2,0,1,4,0,1,6,-,-,"2026-07-06 #11 (+9.33%), 2026-08-28 #34 (+6.53%)",-,2026-09-17 (+4.08%),"2026-07-06 (+9.33%), 2026-08-05 (+5.35%), 2026-08-28 (+6.53%), 2026-09-17 (+4.08%)",-,2026-09-15 (-4.09%),"2026-07-10 (-4.67%), 2026-07-14 (-4.47%), 2026-07-17 (-6.09%), 2026-07-22 (-4.70%), 2026-08-31 (-4.03%), 2026-09-15 (-4.09%)",5.5,4.78,-12.73
MODINATUR,Process Industries,Agricultural Commodities/Milling,0,0,2,0,1,4,1,2,6,-,-,"2026-07-17 #26 (+4.37%), 2026-08-25 #34 (+4.99%)",-,2026-09-18 (+6.24%),"2026-07-17 (+4.37%), 2026-08-24 (+4.99%), 2026-08-25 (+4.99%), 2026-09-18 (+6.24%)",2026-09-24 (-4.01%),"2026-09-11 (-4.39%), 2026-09-24 (-4.01%)","2026-07-03 (-4.22%), 2026-08-17 (-4.99%), 2026-08-18 (-4.99%), 2026-08-27 (-5.00%), 2026-09-11 (-4.39%), 2026-09-24 (-4.01%)",-4.53,-2.39,-25.52
WINDMACHIN,Producer Manufacturing,Industrial Machinery,0,0,2,0,0,3,0,0,0,-,-,"2026-08-07 #9 (+9.78%), 2026-08-18 #45 (+6.16%)",-,-,"2026-07-06 (+4.01%), 2026-08-07 (+9.78%), 2026-08-18 (+6.16%)",-,-,-,0.0,-2.42,-3.44
SMARTWORKS,Finance,Real Estate Development,0,0,2,0,1,3,0,0,0,-,-,"2026-07-20 #24 (+6.71%), 2026-08-24 #50 (+5.21%)",-,2026-09-18 (+5.28%),"2026-07-20 (+6.71%), 2026-08-24 (+5.21%), 2026-09-18 (+5.28%)",-,-,-,-5.45,-4.33,6.89
SKFINDUS,Producer Manufacturing,Auto Parts: OEM,0,0,2,0,0,3,0,0,0,-,-,"2026-07-21 #22 (+6.78%), 2026-08-19 #48 (+4.98%)",-,-,"2026-07-21 (+6.78%), 2026-08-19 (+4.98%), 2026-08-26 (+4.86%)",-,-,-,-0.06,-6.51,-1.0
RAMCOIND,Non-Energy Minerals,Construction Materials,0,0,2,0,0,3,0,0,0,-,-,"2026-07-09 #31 (+7.16%), 2026-08-10 #11 (+11.06%)",-,-,"2026-07-09 (+7.16%), 2026-08-10 (+11.06%), 2026-08-20 (+4.15%)",-,-,-,-3.35,-5.47,-7.54
POLYPLEX,Process Industries,Chemicals: Specialty,0,0,2,0,0,3,0,0,0,-,-,"2026-07-22 #41 (+4.02%), 2026-08-10 #38 (+5.72%)",-,-,"2026-07-22 (+4.02%), 2026-08-10 (+5.72%), 2026-08-11 (+4.23%)",-,-,-,-2.78,-10.26,7.07
ORISSAMINE,Non-Energy Minerals,Steel,0,0,2,0,0,3,0,0,0,-,-,"2026-07-29 #20 (+7.03%), 2026-08-12 #19 (+7.43%)",-,-,"2026-07-29 (+7.03%), 2026-08-04 (+4.91%), 2026-08-12 (+7.43%)",-,-,-,-5.32,-14.86,-7.55
MCX,Finance,Investment Banks/Brokers,0,0,2,0,0,3,0,0,0,-,-,"2026-07-08 #34 (+3.74%), 2026-07-14 #34 (+3.93%)",-,-,"2026-08-10 (+4.60%), 2026-08-11 (+4.92%), 2026-08-20 (+5.15%)",-,-,-,-0.94,-4.94,10.56
MAHSCOOTER,Finance,Financial Conglomerates,0,0,2,0,1,3,0,0,0,-,-,"2026-07-31 #45 (+5.45%), 2026-08-03 #39 (+7.13%)",-,2026-09-18 (+4.40%),"2026-07-31 (+5.45%), 2026-08-03 (+7.13%), 2026-09-18 (+4.40%)",-,-,-,-7.3,-9.89,-2.57
LTM,Technology Services,Data Processing Services,0,0,2,0,0,3,0,0,0,-,-,"2026-07-07 #45 (+3.51%), 2026-08-03 #32 (+7.52%)",-,-,"2026-07-10 (+4.74%), 2026-08-03 (+7.52%), 2026-08-28 (+4.73%)",-,-,-,-5.35,-13.3,6.94
DIXON,Electronic Technology,Electronic Production Equipment,0,0,2,0,0,3,0,0,0,-,-,"2026-07-06 #26 (+6.81%), 2026-07-16 #18 (+6.27%)",-,-,"2026-07-06 (+6.81%), 2026-07-09 (+4.20%), 2026-07-16 (+6.27%)",-,-,-,1.27,-10.77,7.09
BALKRISIND,Consumer Durables,Automotive Aftermarket,0,0,2,0,1,3,0,0,0,-,-,"2026-07-30 #2 (+10.82%), 2026-07-31 #24 (+7.22%)",-,2026-09-18 (+4.35%),"2026-07-30 (+10.82%), 2026-07-31 (+7.22%), 2026-09-18 (+4.35%)",-,-,-,-4.09,-6.71,-4.66
WONDERLA,Consumer Services,Movies/Entertainment,0,0,2,0,0,3,0,0,1,-,-,"2026-08-21 #44 (+5.94%), 2026-08-27 #26 (+5.08%)",-,-,"2026-08-04 (+4.87%), 2026-08-21 (+5.94%), 2026-08-27 (+5.08%)",-,-,2026-07-08 (-5.10%),-1.9,-6.64,0.75
SENORES,Health Technology,Pharmaceuticals: Major,0,0,2,0,1,3,0,0,1,-,-,"2026-07-08 #33 (+3.75%), 2026-08-10 #32 (+5.93%)",-,2026-09-07 (+4.84%),"2026-08-10 (+5.93%), 2026-08-17 (+4.60%), 2026-09-07 (+4.84%)",-,-,2026-07-28 (-6.24%),1.72,-2.03,5.04
PRUDENT,Finance,Investment Managers,0,0,2,0,1,3,0,1,1,-,-,"2026-07-28 #9 (+7.65%), 2026-08-31 #21 (+7.40%)",-,2026-09-18 (+5.46%),"2026-07-28 (+7.65%), 2026-08-31 (+7.40%), 2026-09-18 (+5.46%)",-,2026-09-01 (-8.77%),2026-09-01 (-8.77%),-8.96,-15.67,3.17
NAUKRI,Technology Services,Internet Software/Services,0,0,2,0,0,3,1,1,1,-,-,"2026-07-07 #4 (+13.10%), 2026-08-11 #36 (+6.08%)",-,-,"2026-07-07 (+13.10%), 2026-08-10 (+4.63%), 2026-08-11 (+6.08%)",2026-09-24 (-5.63%),2026-09-24 (-5.63%),2026-09-24 (-5.63%),-4.52,-8.05,25.31
MANYAVAR,Retail Trade,Internet Retail,0,0,2,0,2,3,0,1,1,-,-,"2026-07-30 #45 (+3.69%), 2026-08-04 #3 (+16.04%)",-,"2026-09-03 (+4.43%), 2026-09-04 (+4.58%)","2026-08-04 (+16.04%), 2026-09-03 (+4.43%), 2026-09-04 (+4.58%)",-,2026-09-18 (-4.11%),2026-09-18 (-4.11%),-0.68,-2.49,30.43
LUMAXIND,Producer Manufacturing,Auto Parts: OEM,0,0,2,0,0,3,0,1,1,-,-,"2026-08-03 #19 (+9.23%), 2026-08-11 #37 (+6.03%)",-,-,"2026-08-03 (+9.23%), 2026-08-11 (+6.03%), 2026-08-26 (+4.26%)",-,2026-09-10 (-5.68%),2026-09-10 (-5.68%),-2.64,-8.69,5.78
KRBL,Process Industries,Agricultural Commodities/Milling,0,0,2,0,0,3,0,1,1,-,-,"2026-08-24 #23 (+7.58%), 2026-08-26 #39 (+5.77%)",-,-,"2026-08-03 (+6.44%), 2026-08-24 (+7.58%), 2026-08-26 (+5.77%)",-,2026-09-15 (-5.68%),2026-09-15 (-5.68%),-0.95,-8.54,1.63
KOLTEPATIL,Finance,Real Estate Development,0,0,2,0,0,3,0,0,1,-,-,"2026-08-06 #10 (+9.35%), 2026-08-11 #10 (+11.77%)",-,-,"2026-07-13 (+4.60%), 2026-08-06 (+9.35%), 2026-08-11 (+11.77%)",-,-,2026-08-12 (-4.63%),-1.95,-4.42,15.48
JUBLFOOD,Consumer Services,Restaurants,0,0,2,0,1,3,0,0,1,-,-,"2026-07-07 #39 (+3.81%), 2026-08-03 #37 (+7.24%)",-,2026-09-18 (+4.12%),"2026-08-03 (+7.24%), 2026-08-05 (+4.30%), 2026-09-18 (+4.12%)",-,-,2026-07-08 (-5.66%),-5.72,-6.65,7.28
IIFL,Finance,Finance/Rental/Leasing,0,0,2,0,0,3,0,0,1,-,-,"2026-07-16 #47 (+4.32%), 2026-08-21 #29 (+6.77%)",-,-,"2026-07-09 (+5.20%), 2026-07-16 (+4.32%), 2026-08-21 (+6.77%)",-,-,2026-08-25 (-4.33%),-1.63,-6.07,17.12
HINDZINC,Non-Energy Minerals,Other Metals/Minerals,0,0,2,0,1,3,0,0,1,-,-,"2026-08-05 #44 (+6.05%), 2026-08-26 #40 (+5.72%)",-,2026-09-18 (+4.14%),"2026-08-05 (+6.05%), 2026-08-26 (+5.72%), 2026-09-18 (+4.14%)",-,-,2026-08-31 (-4.27%),-4.61,-5.4,6.54
HCG,Health Services,Hospital/Nursing Management,0,0,2,0,0,3,0,0,1,-,-,"2026-08-10 #34 (+5.89%), 2026-08-31 #37 (+5.31%)",-,-,"2026-08-10 (+5.89%), 2026-08-19 (+4.43%), 2026-08-31 (+5.31%)",-,-,2026-07-15 (-5.76%),-1.33,-4.05,8.41
FLUOROCHEM,Process Industries,Chemicals: Specialty,0,0,2,0,0,3,0,0,1,-,-,"2026-07-15 #34 (+5.29%), 2026-07-21 #23 (+6.74%)",-,-,"2026-07-15 (+5.29%), 2026-07-20 (+4.13%), 2026-07-21 (+6.74%)",-,-,2026-07-30 (-4.08%),-1.81,-6.12,10.91
ELDEHSG,Finance,Real Estate Development,0,0,2,0,0,3,0,0,1,-,-,"2026-08-07 #30 (+5.65%), 2026-08-18 #31 (+6.81%)",-,-,"2026-08-03 (+4.11%), 2026-08-07 (+5.65%), 2026-08-18 (+6.81%)",-,-,2026-08-06 (-7.18%),-3.62,-3.42,-6.46
CRISIL,Technology Services,Internet Software/Services,0,0,2,0,0,3,1,1,1,-,-,"2026-07-22 #30 (+4.48%), 2026-08-27 #49 (+4.21%)",-,-,"2026-07-09 (+4.72%), 2026-07-22 (+4.48%), 2026-08-27 (+4.21%)",2026-09-29 (-4.01%),2026-09-29 (-4.01%),2026-09-29 (-4.01%),-2.1,-5.68,9.37
BFINVEST,Finance,Financial Conglomerates,0,0,2,0,0,3,0,0,1,-,-,"2026-07-10 #16 (+9.54%), 2026-07-13 #19 (+9.85%)",-,-,"2026-07-10 (+9.54%), 2026-07-13 (+9.85%), 2026-08-03 (+6.19%)",-,-,2026-07-14 (-8.74%),-1.71,-1.18,-5.34
APEX,Consumer Non-Durables,Food: Meat/Fish/Dairy,0,0,2,0,1,3,0,0,1,-,-,"2026-07-13 #44 (+5.83%), 2026-08-14 #2 (+15.95%)",-,2026-09-08 (+4.35%),"2026-07-13 (+5.83%), 2026-08-14 (+15.95%), 2026-09-08 (+4.35%)",-,-,2026-08-18 (-5.69%),-3.87,-9.71,-15.39
THYROCARE,Health Services,Medical/Nursing Services,0,0,2,0,0,3,0,0,2,-,-,"2026-07-14 #14 (+5.94%), 2026-07-20 #25 (+6.70%)",-,-,"2026-07-14 (+5.94%), 2026-07-20 (+6.70%), 2026-08-11 (+4.38%)",-,-,"2026-08-13 (-5.75%), 2026-08-19 (-4.23%)",-5.26,-9.5,-1.81
SULA,Process Industries,Agricultural Commodities/Milling,0,0,2,0,0,3,0,1,2,-,-,"2026-07-28 #27 (+4.58%), 2026-07-29 #31 (+6.07%)",-,-,"2026-07-28 (+4.58%), 2026-07-29 (+6.07%), 2026-08-05 (+4.68%)",-,2026-09-09 (-4.88%),"2026-08-07 (-5.37%), 2026-09-09 (-4.88%)",-2.74,-10.48,-14.87
SAHANA,Technology Services,Information Technology Services,0,0,2,0,0,3,1,1,2,-,-,"2026-07-13 #22 (+8.98%), 2026-07-31 #18 (+7.76%)",-,-,"2026-07-13 (+8.98%), 2026-07-31 (+7.76%), 2026-08-24 (+4.67%)",2026-09-28 (-5.09%),2026-09-28 (-5.09%),"2026-07-21 (-18.34%), 2026-09-28 (-5.09%)",-2.81,-11.58,-8.22
PICCADIL,Process Industries,Agricultural Commodities/Milling,0,0,2,0,0,3,0,0,2,-,-,"2026-07-13 #33 (+7.01%), 2026-08-17 #18 (+8.34%)",-,-,"2026-07-13 (+7.01%), 2026-08-04 (+4.32%), 2026-08-17 (+8.34%)",-,-,"2026-08-12 (-11.03%), 2026-08-13 (-4.61%)",-1.94,-5.08,-3.42
NORTHARC,Finance,Finance/Rental/Leasing,0,0,2,0,1,3,0,0,2,-,-,"2026-07-10 #48 (+5.67%), 2026-08-31 #13 (+9.06%)",-,2026-09-17 (+4.95%),"2026-07-10 (+5.67%), 2026-08-31 (+9.06%), 2026-09-17 (+4.95%)",-,-,"2026-07-17 (-4.04%), 2026-07-28 (-4.92%)",-7.96,-6.71,-6.27
MUTHOOTMF,Finance,Finance/Rental/Leasing,0,0,2,0,0,3,0,1,2,-,-,"2026-07-10 #8 (+11.88%), 2026-07-20 #38 (+5.51%)",-,-,"2026-07-10 (+11.88%), 2026-07-13 (+4.70%), 2026-07-20 (+5.51%)",-,2026-09-15 (-4.51%),"2026-08-27 (-4.17%), 2026-09-15 (-4.51%)",-5.67,-12.85,-17.88
KCP,Producer Manufacturing,Industrial Conglomerates,0,0,2,0,0,3,0,0,2,-,-,"2026-08-20 #14 (+9.04%), 2026-08-24 #21 (+7.81%)",-,-,"2026-07-09 (+5.63%), 2026-08-20 (+9.04%), 2026-08-24 (+7.81%)",-,-,"2026-07-23 (-4.05%), 2026-08-03 (-5.32%)",-0.77,-7.41,-7.92
GODAVARIB,Process Industries,Agricultural Commodities/Milling,0,0,2,0,1,3,0,0,2,-,-,"2026-07-21 #28 (+6.24%), 2026-08-11 #6 (+13.95%)",-,2026-09-16 (+4.55%),"2026-07-21 (+6.24%), 2026-08-11 (+13.95%), 2026-09-16 (+4.55%)",-,-,"2026-08-06 (-4.51%), 2026-08-12 (-4.39%)",-2.84,0.91,-15.12
FMGOETZE,Producer Manufacturing,Industrial Machinery,0,0,2,0,0,3,1,2,2,-,-,"2026-08-25 #3 (+10.50%), 2026-08-28 #9 (+10.36%)",-,-,"2026-07-15 (+4.27%), 2026-08-25 (+10.50%), 2026-08-28 (+10.36%)",2026-09-28 (-4.96%),"2026-09-04 (-18.29%), 2026-09-28 (-4.96%)","2026-09-04 (-18.29%), 2026-09-28 (-4.96%)",2.99,-26.37,0.85
BASILIC,Consumer Services,Movies/Entertainment,0,0,2,0,0,3,0,1,2,-,-,"2026-08-18 #32 (+6.79%), 2026-08-31 #24 (+6.73%)",-,-,"2026-08-10 (+4.14%), 2026-08-18 (+6.79%), 2026-08-31 (+6.73%)",-,2026-09-16 (-4.51%),"2026-08-17 (-14.68%), 2026-09-16 (-4.51%)",-4.29,-8.73,-17.1
ANDHRSUGAR,Process Industries,Chemicals: Specialty,0,0,2,0,0,3,0,0,2,-,-,"2026-07-06 #37 (+5.55%), 2026-08-10 #7 (+13.64%)",-,-,"2026-07-06 (+5.55%), 2026-08-03 (+4.08%), 2026-08-10 (+13.64%)",-,-,"2026-07-08 (-4.40%), 2026-07-28 (-4.30%)",-1.0,-5.26,12.58
ADVENTHTL,Consumer Services,Hotels/Resorts/Cruise lines,0,0,2,0,0,3,0,0,2,-,-,"2026-07-06 #18 (+7.58%), 2026-08-25 #7 (+8.27%)",-,-,"2026-07-06 (+7.58%), 2026-07-27 (+5.03%), 2026-08-25 (+8.27%)",-,-,"2026-07-08 (-4.07%), 2026-08-17 (-4.72%)",-1.63,-10.26,-12.29
ZAGGLE,Technology Services,Packaged Software,0,0,2,0,0,3,0,1,3,-,-,"2026-08-19 #3 (+12.15%), 2026-08-20 #43 (+6.19%)",-,-,"2026-07-13 (+4.82%), 2026-08-19 (+12.15%), 2026-08-20 (+6.19%)",-,2026-09-15 (-4.06%),"2026-08-17 (-20.00%), 2026-08-24 (-4.40%), 2026-09-15 (-4.06%)",-3.4,-5.78,-17.96
SPORTKING,Process Industries,Textiles,0,0,2,0,0,3,0,1,3,-,-,"2026-08-03 #6 (+14.10%), 2026-08-25 #18 (+6.24%)",-,-,"2026-07-13 (+5.42%), 2026-08-03 (+14.10%), 2026-08-25 (+6.24%)",-,2026-09-15 (-6.41%),"2026-07-30 (-8.21%), 2026-08-04 (-5.28%), 2026-09-15 (-6.41%)",-1.09,-4.84,21.21
SPANDANA,Finance,Finance/Rental/Leasing,0,0,2,0,0,3,0,0,3,-,-,"2026-07-03 #31 (+6.38%), 2026-07-21 #30 (+6.11%)",-,-,"2026-07-03 (+6.38%), 2026-07-09 (+4.80%), 2026-07-21 (+6.11%)",-,-,"2026-07-07 (-4.51%), 2026-07-22 (-5.89%), 2026-07-24 (-10.52%)",-0.31,-5.93,-20.1
SIMPLEXINF,Industrial Services,Engineering & Construction,0,0,2,0,0,3,0,2,3,-,-,"2026-08-10 #17 (+9.08%), 2026-08-28 #27 (+7.31%)",-,-,"2026-07-09 (+4.75%), 2026-08-10 (+9.08%), 2026-08-28 (+7.31%)",-,"2026-09-01 (-4.55%), 2026-09-15 (-4.80%)","2026-08-12 (-4.24%), 2026-09-01 (-4.55%), 2026-09-15 (-4.80%)",-5.25,-9.66,-8.63
SAREGAMA,Consumer Services,Movies/Entertainment,0,0,2,0,0,3,0,0,3,-,-,"2026-07-09 #50 (+6.46%), 2026-08-04 #27 (+5.51%)",-,-,"2026-07-09 (+6.46%), 2026-07-13 (+4.03%), 2026-08-04 (+5.51%)",-,-,"2026-07-07 (-5.72%), 2026-07-22 (-5.19%), 2026-08-06 (-5.25%)",-1.97,2.82,-0.17
RICOAUTO,Producer Manufacturing,Auto Parts: OEM,0,0,2,0,0,3,0,1,3,-,-,"2026-07-20 #14 (+8.54%), 2026-08-05 #31 (+6.90%)",-,-,"2026-07-20 (+8.54%), 2026-07-27 (+4.69%), 2026-08-05 (+6.90%)",-,2026-09-15 (-4.17%),"2026-08-10 (-5.95%), 2026-08-12 (-11.24%), 2026-09-15 (-4.17%)",-1.5,-2.62,-8.64
MADHUSUDAN,Consumer Non-Durables,Food: Major Diversified,0,0,2,1,1,3,0,0,3,-,-,"2026-07-03 #18 (+7.99%), 2026-07-06 #29 (+6.32%)",2026-09-25 (+4.99%),2026-09-25 (+4.99%),"2026-07-03 (+7.99%), 2026-07-06 (+6.32%), 2026-09-25 (+4.99%)",-,-,"2026-07-14 (-4.99%), 2026-07-20 (-4.17%), 2026-08-25 (-4.26%)",4.43,9.89,12.65
ICIL,Process Industries,Textiles,0,0,2,1,1,3,1,2,3,-,-,"2026-08-18 #4 (+12.61%), 2026-08-31 #18 (+7.93%)",2026-09-23 (+6.16%),2026-09-23 (+6.16%),"2026-08-18 (+12.61%), 2026-08-31 (+7.93%), 2026-09-23 (+6.16%)",2026-09-24 (-5.37%),"2026-09-01 (-7.67%), 2026-09-24 (-5.37%)","2026-08-12 (-4.45%), 2026-09-01 (-7.67%), 2026-09-24 (-5.37%)",-3.11,-7.35,-1.38
CUB,Finance,Regional Banks,0,0,2,0,0,3,1,1,3,-,-,"2026-07-28 #10 (+7.54%), 2026-08-25 #50 (+4.43%)",-,-,"2026-07-09 (+4.09%), 2026-07-28 (+7.54%), 2026-08-25 (+4.43%)",2026-09-28 (-4.25%),2026-09-28 (-4.25%),"2026-07-30 (-5.85%), 2026-07-31 (-4.17%), 2026-09-28 (-4.25%)",-5.41,-6.23,-1.33
BANSALWIRE,Non-Energy Minerals,Steel,0,0,2,0,0,3,0,0,3,-,-,"2026-07-03 #33 (+6.24%), 2026-07-24 #28 (+5.45%)",-,-,"2026-07-03 (+6.24%), 2026-07-21 (+4.96%), 2026-07-24 (+5.45%)",-,-,"2026-07-08 (-6.76%), 2026-07-14 (-4.37%), 2026-07-22 (-5.50%)",3.93,3.47,-4.84
NITCO,Producer Manufacturing,Building Products,0,0,2,0,0,3,0,1,4,-,-,"2026-07-16 #11 (+7.80%), 2026-07-31 #25 (+7.18%)",-,-,"2026-07-16 (+7.80%), 2026-07-31 (+7.18%), 2026-08-21 (+4.18%)",-,2026-09-15 (-5.84%),"2026-07-08 (-5.28%), 2026-07-28 (-4.10%), 2026-08-13 (-5.11%), 2026-09-15 (-5.84%)",-5.59,-7.7,-26.05
GEMAROMA,Process Industries,Chemicals: Major Diversified,0,0,2,0,0,3,0,0,4,-,-,"2026-07-08 #22 (+4.95%), 2026-07-27 #29 (+6.33%)",-,-,"2026-07-08 (+4.95%), 2026-07-27 (+6.33%), 2026-07-31 (+4.20%)",-,-,"2026-07-13 (-4.48%), 2026-08-04 (-4.33%), 2026-08-12 (-5.99%), 2026-08-14 (-4.40%)",2.63,-6.51,-17.48
DIGITIDE,Commercial Services,Miscellaneous Commercial Services,0,0,2,0,0,3,0,2,4,-,-,"2026-07-03 #2 (+15.37%), 2026-07-06 #2 (+17.93%)",-,-,"2026-07-03 (+15.37%), 2026-07-06 (+17.93%), 2026-08-07 (+4.69%)",-,"2026-09-10 (-4.76%), 2026-09-15 (-4.16%)","2026-07-07 (-10.00%), 2026-07-08 (-6.35%), 2026-09-10 (-4.76%), 2026-09-15 (-4.16%)",-8.19,-22.8,-15.21
DENTA,Industrial Services,Engineering & Construction,0,0,2,0,0,3,0,0,4,-,-,"2026-07-03 #32 (+6.36%), 2026-07-10 #30 (+7.13%)",-,-,"2026-07-03 (+6.36%), 2026-07-10 (+7.13%), 2026-07-20 (+4.01%)",-,-,"2026-07-08 (-4.77%), 2026-07-22 (-4.40%), 2026-08-06 (-4.34%), 2026-08-14 (-6.67%)",-2.22,-2.31,-19.65
PNGJL,Retail Trade,Specialty Stores,0,0,2,0,0,2,0,0,0,-,-,"2026-07-22 #16 (+5.97%), 2026-07-27 #27 (+6.50%)",-,-,"2026-07-22 (+5.97%), 2026-07-27 (+6.50%)",-,-,-,-2.23,0.2,4.43
NAZARA,Technology Services,Packaged Software,0,0,2,0,0,2,0,0,0,-,-,"2026-07-31 #6 (+10.05%), 2026-08-28 #45 (+5.67%)",-,-,"2026-07-31 (+10.05%), 2026-08-28 (+5.67%)",-,-,-,4.85,4.21,27.24
LTFOODS,Process Industries,Agricultural Commodities/Milling,0,0,2,0,0,2,0,0,0,-,-,"2026-07-30 #22 (+4.89%), 2026-08-24 #25 (+7.34%)",-,-,"2026-07-30 (+4.89%), 2026-08-24 (+7.34%)",-,-,-,-4.4,-9.8,6.1
JYOTHYLAB,Consumer Non-Durables,Household/Personal Care,0,0,2,0,0,2,0,0,0,-,-,"2026-07-09 #43 (+6.62%), 2026-08-17 #26 (+7.31%)",-,-,"2026-07-09 (+6.62%), 2026-08-17 (+7.31%)",-,-,-,-5.01,-9.44,-4.98
GPIL,Non-Energy Minerals,Steel,0,0,2,0,0,2,0,0,0,-,-,"2026-08-13 #36 (+6.25%), 2026-08-17 #37 (+6.54%)",-,-,"2026-08-13 (+6.25%), 2026-08-17 (+6.54%)",-,-,-,-4.96,-9.16,-13.89
GLAXO,Health Technology,Pharmaceuticals: Major,0,0,2,0,0,2,0,0,0,-,-,"2026-08-18 #40 (+6.46%), 2026-08-19 #28 (+5.39%)",-,-,"2026-08-18 (+6.46%), 2026-08-19 (+5.39%)",-,-,-,-3.13,-8.73,15.23
GLAND,Health Technology,Pharmaceuticals: Major,0,0,2,0,0,2,0,0,0,-,-,"2026-07-07 #44 (+3.52%), 2026-08-11 #16 (+9.64%)",-,-,"2026-07-29 (+4.75%), 2026-08-11 (+9.64%)",-,-,-,2.51,3.6,22.22
ETHOSLTD,Retail Trade,Catalog/Specialty Distribution,0,0,2,0,0,2,0,0,0,-,-,"2026-07-13 #34 (+6.92%), 2026-08-03 #5 (+15.04%)",-,-,"2026-07-13 (+6.92%), 2026-08-03 (+15.04%)",-,-,-,-4.73,-13.4,0.92
ETERNAL,Transportation,Air Freight/Couriers,0,0,2,0,0,2,0,0,0,-,-,"2026-07-27 #50 (+5.66%), 2026-07-28 #31 (+4.23%)",-,-,"2026-07-27 (+5.66%), 2026-07-28 (+4.23%)",-,-,-,-4.14,-0.08,17.21
DOLATALGO,Finance,Investment Banks/Brokers,0,0,2,0,0,2,0,0,0,-,-,"2026-08-07 #34 (+5.45%), 2026-08-19 #25 (+5.61%)",-,-,"2026-08-07 (+5.45%), 2026-08-19 (+5.61%)",-,-,-,-3.89,-10.04,-9.8
DIVISLAB,Health Technology,Pharmaceuticals: Major,0,0,2,0,0,2,0,0,0,-,-,"2026-07-14 #44 (+3.60%), 2026-08-03 #48 (+6.57%)",-,-,"2026-07-29 (+4.84%), 2026-08-03 (+6.57%)",-,-,-,0.84,-0.38,41.13
ALBERTDAVD,Health Technology,Pharmaceuticals: Major,0,0,2,0,0,2,0,0,0,-,-,"2026-08-06 #39 (+5.45%), 2026-08-07 #3 (+12.63%)",-,-,"2026-08-06 (+5.45%), 2026-08-07 (+12.63%)",-,-,-,3.23,-2.4,22.52
ABCOTS,Consumer Non-Durables,Apparel/Footwear,0,0,2,0,0,2,0,0,0,-,-,"2026-08-18 #14 (+8.89%), 2026-08-31 #34 (+5.41%)",-,-,"2026-08-18 (+8.89%), 2026-08-31 (+5.41%)",-,-,-,-3.12,-2.39,-9.76
VRAJ,Non-Energy Minerals,Steel,0,0,2,0,0,2,0,0,1,-,-,"2026-07-14 #3 (+11.47%), 2026-07-15 #10 (+8.61%)",-,-,"2026-07-14 (+11.47%), 2026-07-15 (+8.61%)",-,-,2026-07-17 (-7.52%),-0.57,-0.25,9.19
SHAILY,Process Industries,Chemicals: Specialty,0,0,2,0,0,2,0,0,1,-,-,"2026-08-06 #28 (+5.99%), 2026-08-10 #27 (+6.49%)",-,-,"2026-08-06 (+5.99%), 2026-08-10 (+6.49%)",-,-,2026-08-07 (-6.06%),-4.04,-7.07,3.41
SGFIN,Finance,Investment Banks/Brokers,0,0,2,0,0,2,0,1,1,-,-,"2026-07-20 #29 (+6.46%), 2026-07-24 #39 (+4.95%)",-,-,"2026-07-20 (+6.46%), 2026-07-24 (+4.95%)",-,2026-09-15 (-4.69%),2026-09-15 (-4.69%),-4.69,-13.56,-9.95
PRAVEG,Health Technology,Pharmaceuticals: Major,0,0,2,0,0,2,0,0,1,-,-,"2026-08-19 #24 (+5.75%), 2026-08-27 #38 (+4.86%)",-,-,"2026-08-19 (+5.75%), 2026-08-27 (+4.86%)",-,-,2026-08-31 (-4.17%),-5.18,-8.49,
PERMAGN,Producer Manufacturing,Industrial Machinery,0,0,2,0,0,2,0,1,1,-,-,"2026-08-19 #9 (+9.62%), 2026-08-26 #45 (+5.45%)",-,-,"2026-08-19 (+9.62%), 2026-08-26 (+5.45%)",-,2026-09-15 (-4.27%),2026-09-15 (-4.27%),-0.09,-5.19,
OMPOWER,Utilities,Electric Utilities,0,0,2,0,0,2,0,0,1,-,-,"2026-07-31 #43 (+5.51%), 2026-08-13 #31 (+6.57%)",-,-,"2026-07-31 (+5.51%), 2026-08-13 (+6.57%)",-,-,2026-08-12 (-5.15%),-4.2,-6.92,-10.26
LATENTVIEW,Commercial Services,Miscellaneous Commercial Services,0,0,2,0,0,2,0,0,1,-,-,"2026-07-07 #13 (+5.30%), 2026-07-27 #36 (+6.01%)",-,-,"2026-07-07 (+5.30%), 2026-07-27 (+6.01%)",-,-,2026-08-03 (-5.80%),-6.01,-12.71,-15.58
IDBI,Finance,Major Banks,0,0,2,0,0,2,0,1,1,-,-,"2026-08-24 #29 (+6.92%), 2026-08-26 #23 (+7.29%)",-,-,"2026-08-24 (+6.92%), 2026-08-26 (+7.29%)",-,2026-09-08 (-10.62%),2026-09-08 (-10.62%),0.53,-8.32,-1.29
GTPL,Communications,Specialty Telecommunications,0,0,2,0,0,2,0,0,1,-,-,"2026-07-14 #33 (+3.95%), 2026-08-31 #19 (+7.83%)",-,-,"2026-07-15 (+4.06%), 2026-08-31 (+7.83%)",-,-,2026-08-11 (-10.95%),-1.73,-6.27,-11.37
GREENLAM,Non-Energy Minerals,Forest Products,0,0,2,0,0,2,0,0,1,-,-,"2026-07-24 #22 (+5.85%), 2026-08-05 #24 (+7.67%)",-,-,"2026-07-24 (+5.85%), 2026-08-05 (+7.67%)",-,-,2026-08-10 (-11.34%),-5.25,-13.55,-17.31
GANESHCP,Process Industries,Agricultural Commodities/Milling,0,0,2,0,0,2,0,0,1,-,-,"2026-07-31 #10 (+8.65%), 2026-08-28 #35 (+6.52%)",-,-,"2026-07-31 (+8.65%), 2026-08-28 (+6.52%)",-,-,2026-08-06 (-4.15%),-8.11,-10.56,-22.58
FRACTAL,Technology Services,Packaged Software,0,0,2,0,0,2,0,0,1,-,-,"2026-07-15 #19 (+6.44%), 2026-07-31 #50 (+5.22%)",-,-,"2026-07-15 (+6.44%), 2026-07-31 (+5.22%)",-,-,2026-07-24 (-8.67%),-1.08,-11.62,-16.06
DDEVPLSTIK,Process Industries,Chemicals: Major Diversified,0,0,2,0,0,2,0,0,1,-,-,"2026-08-03 #31 (+7.53%), 2026-08-06 #16 (+7.70%)",-,-,"2026-08-03 (+7.53%), 2026-08-06 (+7.70%)",-,-,2026-08-07 (-7.21%),-4.49,-10.04,-11.26
BUTTERFLY,Consumer Durables,Electronics/Appliances,0,0,2,0,0,2,0,0,1,-,-,"2026-07-03 #17 (+9.11%), 2026-07-13 #39 (+6.63%)",-,-,"2026-07-03 (+9.11%), 2026-07-13 (+6.63%)",-,-,2026-08-04 (-9.78%),-0.19,-10.77,-14.08
BLUEJET,Health Technology,Pharmaceuticals: Major,0,0,2,0,0,2,0,0,1,-,-,"2026-07-10 #19 (+8.62%), 2026-07-29 #42 (+5.39%)",-,-,"2026-07-10 (+8.62%), 2026-07-29 (+5.39%)",-,-,2026-08-03 (-5.87%),-6.42,-5.04,-3.27
APS,Electronic Technology,Semiconductors,0,0,2,0,0,2,0,0,1,-,-,"2026-08-21 #23 (+7.27%), 2026-08-24 #47 (+5.27%)",-,-,"2026-08-21 (+7.27%), 2026-08-24 (+5.27%)",-,-,2026-08-26 (-5.22%),-1.01,-10.1,-22.06
SANSTAR,Consumer Non-Durables,Food: Major Diversified,0,0,2,0,0,2,0,0,2,-,-,"2026-07-07 #36 (+3.94%), 2026-07-27 #25 (+6.67%)",-,-,"2026-07-27 (+6.67%), 2026-08-03 (+4.56%)",-,-,"2026-07-08 (-7.96%), 2026-07-28 (-4.30%)",-5.96,-4.04,-11.14
MOIL,Non-Energy Minerals,Other Metals/Minerals,0,0,2,0,0,2,0,0,2,-,-,"2026-07-30 #16 (+5.03%), 2026-08-26 #44 (+5.51%)",-,-,"2026-07-30 (+5.03%), 2026-08-26 (+5.51%)",-,-,"2026-08-18 (-5.70%), 2026-08-31 (-4.05%)",0.31,-1.55,-11.96
KPITTECH,Technology Services,Packaged Software,0,0,2,0,0,2,0,1,2,-,-,"2026-07-24 #21 (+5.86%), 2026-07-29 #32 (+6.03%)",-,-,"2026-07-24 (+5.86%), 2026-07-29 (+6.03%)",-,2026-09-18 (-4.88%),"2026-07-30 (-7.67%), 2026-09-18 (-4.88%)",-1.77,-11.16,-7.0
IEX,Finance,Investment Banks/Brokers,0,0,2,0,0,2,1,1,2,-,-,"2026-07-16 #31 (+4.92%), 2026-07-28 #32 (+4.21%)",-,-,"2026-07-16 (+4.92%), 2026-07-28 (+4.21%)",2026-09-29 (-4.45%),2026-09-29 (-4.45%),"2026-07-08 (-4.61%), 2026-09-29 (-4.45%)",-5.77,-11.71,-13.85
COSMOFIRST,Process Industries,Containers/Packaging,0,0,2,0,0,2,0,0,2,-,-,"2026-07-03 #35 (+6.07%), 2026-07-22 #32 (+4.36%)",-,-,"2026-07-03 (+6.07%), 2026-07-22 (+4.36%)",-,-,"2026-07-08 (-4.88%), 2026-08-06 (-4.79%)",-3.24,-10.16,3.79
COFORGE,Technology Services,Information Technology Services,0,0,2,0,0,2,0,1,2,-,-,"2026-07-28 #2 (+10.31%), 2026-08-28 #43 (+5.93%)",-,-,"2026-07-28 (+10.31%), 2026-08-28 (+5.93%)",-,2026-09-09 (-5.38%),"2026-07-08 (-4.64%), 2026-09-09 (-5.38%)",-4.49,-13.26,19.43
BHAGCHEM,Process Industries,Chemicals: Agricultural,0,0,2,0,0,2,0,1,2,-,-,"2026-07-31 #15 (+8.05%), 2026-08-14 #42 (+4.94%)",-,-,"2026-07-31 (+8.05%), 2026-08-14 (+4.94%)",-,2026-09-01 (-4.17%),"2026-08-04 (-4.11%), 2026-09-01 (-4.17%)",-1.48,-13.55,-16.78
ROUTE,Communications,Major Telecommunications,0,0,2,0,0,2,0,1,3,-,-,"2026-07-13 #38 (+6.70%), 2026-07-23 #17 (+5.89%)",-,-,"2026-07-13 (+6.70%), 2026-07-23 (+5.89%)",-,2026-09-18 (-5.72%),"2026-07-24 (-5.31%), 2026-07-27 (-4.92%), 2026-09-18 (-5.72%)",-3.61,-10.56,-17.67
DREDGECORP,Transportation,Marine Shipping,0,0,2,0,0,2,1,2,3,-,-,"2026-07-27 #35 (+6.14%), 2026-08-14 #11 (+9.58%)",-,-,"2026-07-27 (+6.14%), 2026-08-14 (+9.58%)",2026-09-28 (-4.41%),"2026-09-15 (-4.40%), 2026-09-28 (-4.41%)","2026-08-20 (-5.96%), 2026-09-15 (-4.40%), 2026-09-28 (-4.41%)",-6.13,-15.37,-15.56
CARYSIL,Consumer Durables,Home Furnishings,0,0,2,0,0,2,0,1,3,-,-,"2026-07-09 #23 (+8.02%), 2026-08-10 #37 (+5.73%)",-,-,"2026-07-09 (+8.02%), 2026-08-10 (+5.73%)",-,2026-09-21 (-5.87%),"2026-07-17 (-4.61%), 2026-08-11 (-4.43%), 2026-09-21 (-5.87%)",-0.83,-6.38,-10.69
FAZE3Q,Process Industries,Textiles,0,0,2,0,0,2,0,2,5,-,-,"2026-08-07 #35 (+5.29%), 2026-08-11 #38 (+5.74%)",-,-,"2026-08-07 (+5.29%), 2026-08-11 (+5.74%)",-,"2026-09-15 (-4.41%), 2026-09-16 (-4.41%)","2026-07-08 (-4.99%), 2026-08-12 (-9.99%), 2026-08-13 (-9.83%), 2026-09-15 (-4.41%), 2026-09-16 (-4.41%)",-0.15,-14.02,-30.45
SONACOMS,Producer Manufacturing,Auto Parts: OEM,0,0,2,0,0,1,0,0,0,-,-,"2026-07-17 #49 (+3.14%), 2026-07-30 #10 (+6.00%)",-,-,2026-07-30 (+6.00%),-,-,-,0.82,0.32,23.15
EXIDEIND,Producer Manufacturing,Auto Parts: OEM,0,0,2,0,1,1,0,0,0,-,-,"2026-07-17 #44 (+3.30%), 2026-07-30 #37 (+3.91%)",-,2026-09-18 (+4.12%),2026-09-18 (+4.12%),-,-,-,-5.28,-7.55,-2.95
AURUM,Technology Services,Packaged Software,0,0,2,0,0,1,0,0,0,-,-,"2026-07-14 #49 (+3.37%), 2026-07-15 #49 (+4.67%)",-,-,2026-07-15 (+4.67%),-,-,-,-0.78,-5.44,-3.25
ACSTECH,Process Industries,Textiles,1,1,1,3,10,10,0,0,1,2026-09-24 #36 (+4.98%),2026-09-24 #36 (+4.98%),2026-09-24 #36 (+4.98%),"2026-09-23 (+4.99%), 2026-09-24 (+4.98%), 2026-09-25 (+4.99%)","2026-09-07 (+5.00%), 2026-09-08 (+5.00%), 2026-09-09 (+4.99%), 2026-09-17 (+5.00%), 2026-09-18 (+5.00%), 2026-09-21 (+4.99%), 2026-09-22 (+5.00%), 2026-09-23 (+4.99%), 2026-09-24 (+4.98%), 2026-09-25 (+4.99%)","2026-09-07 (+5.00%), 2026-09-08 (+5.00%), 2026-09-09 (+4.99%), 2026-09-17 (+5.00%), 2026-09-18 (+5.00%), 2026-09-21 (+4.99%), 2026-09-22 (+5.00%), 2026-09-23 (+4.99%), 2026-09-24 (+4.98%), 2026-09-25 (+4.99%)",-,-,2026-08-26 (-4.93%),11.15,57.13,
IFBAGRO,Consumer Non-Durables,Beverages: Alcoholic,1,1,1,1,1,5,0,0,0,2026-09-29 #21 (+7.28%),2026-09-29 #21 (+7.28%),2026-09-29 #21 (+7.28%),2026-09-29 (+7.28%),2026-09-29 (+7.28%),"2026-07-10 (+4.32%), 2026-07-13 (+5.00%), 2026-07-24 (+4.24%), 2026-07-27 (+5.00%), 2026-09-29 (+7.28%)",-,-,-,4.59,-1.56,-2.03
PRASOLCHEM,Process Industries,Chemicals: Major Diversified,1,1,1,3,3,3,0,0,0,2026-09-29 #7 (+10.00%),2026-09-29 #7 (+10.00%),2026-09-29 #7 (+10.00%),"2026-09-23 (+5.13%), 2026-09-25 (+4.90%), 2026-09-29 (+10.00%)","2026-09-23 (+5.13%), 2026-09-25 (+4.90%), 2026-09-29 (+10.00%)","2026-09-23 (+5.13%), 2026-09-25 (+4.90%), 2026-09-29 (+10.00%)",-,-,-,19.21,,
EMKAY,Finance,Investment Managers,1,1,1,1,1,3,0,0,0,2026-09-28 #13 (+6.79%),2026-09-28 #13 (+6.79%),2026-09-28 #13 (+6.79%),2026-09-28 (+6.79%),2026-09-28 (+6.79%),"2026-07-29 (+4.35%), 2026-08-28 (+4.95%), 2026-09-28 (+6.79%)",-,-,-,6.82,12.33,3.44
SBC,Distribution Services,Wholesale Distributors,1,1,1,1,3,3,0,0,1,2026-09-25 #9 (+10.44%),2026-09-25 #9 (+10.44%),2026-09-25 #9 (+10.44%),2026-09-25 (+10.44%),"2026-09-04 (+5.80%), 2026-09-09 (+4.08%), 2026-09-25 (+10.44%)","2026-09-04 (+5.80%), 2026-09-09 (+4.08%), 2026-09-25 (+10.44%)",-,-,2026-08-13 (-4.08%),11.17,29.85,29.97
KIRLOSBROS,Producer Manufacturing,Industrial Machinery,1,1,1,1,1,2,0,0,0,2026-09-29 #23 (+6.70%),2026-09-29 #23 (+6.70%),2026-09-29 #23 (+6.70%),2026-09-29 (+6.70%),2026-09-29 (+6.70%),"2026-08-05 (+4.93%), 2026-09-29 (+6.70%)",-,-,-,4.11,-2.73,-3.64
SSRETAIL,Retail Trade,Electronics/Appliance Stores,1,1,1,2,2,2,1,1,1,2026-09-24 #12 (+8.41%),2026-09-24 #12 (+8.41%),2026-09-24 #12 (+8.41%),"2026-09-24 (+8.41%), 2026-09-29 (+4.17%)","2026-09-24 (+8.41%), 2026-09-29 (+4.17%)","2026-09-24 (+8.41%), 2026-09-29 (+4.17%)",2026-09-25 (-10.30%),2026-09-25 (-10.30%),2026-09-25 (-10.30%),,,
PGHL,Health Technology,Pharmaceuticals: Major,1,1,1,1,1,2,0,0,1,2026-09-29 #42 (+5.49%),2026-09-29 #42 (+5.49%),2026-09-29 #42 (+5.49%),2026-09-29 (+5.49%),2026-09-29 (+5.49%),"2026-07-09 (+5.58%), 2026-09-29 (+5.49%)",-,-,2026-08-06 (-6.13%),4.34,-1.25,-11.87
ADSL,Technology Services,Information Technology Services,1,1,1,1,1,2,1,1,1,2026-09-25 #2 (+20.00%),2026-09-25 #2 (+20.00%),2026-09-25 #2 (+20.00%),2026-09-25 (+20.00%),2026-09-25 (+20.00%),"2026-07-13 (+4.73%), 2026-09-25 (+20.00%)",2026-09-29 (-5.72%),2026-09-29 (-5.72%),2026-09-29 (-5.72%),14.05,3.56,-12.42
MOMSBELIEF,Health Services,Medical/Nursing Services,1,1,1,2,2,2,1,2,2,2026-09-29 #5 (+14.78%),2026-09-29 #5 (+14.78%),2026-09-29 #5 (+14.78%),"2026-09-25 (+4.68%), 2026-09-29 (+14.78%)","2026-09-25 (+4.68%), 2026-09-29 (+14.78%)","2026-09-25 (+4.68%), 2026-09-29 (+14.78%)",2026-09-28 (-4.23%),"2026-09-10 (-4.72%), 2026-09-28 (-4.23%)","2026-09-10 (-4.72%), 2026-09-28 (-4.23%)",12.1,,
KSCL,Process Industries,Agricultural Commodities/Milling,1,1,1,1,1,2,1,1,2,2026-09-24 #6 (+10.29%),2026-09-24 #6 (+10.29%),2026-09-24 #6 (+10.29%),2026-09-24 (+10.29%),2026-09-24 (+10.29%),"2026-08-11 (+4.68%), 2026-09-24 (+10.29%)",2026-09-28 (-4.36%),2026-09-28 (-4.36%),"2026-07-08 (-4.49%), 2026-09-28 (-4.36%)",6.06,-3.06,-18.83
SCODATUBES,Non-Energy Minerals,Steel,1,1,1,1,2,2,1,1,3,2026-09-23 #37 (+6.90%),2026-09-23 #37 (+6.90%),2026-09-23 #37 (+6.90%),2026-09-23 (+6.90%),"2026-09-03 (+4.93%), 2026-09-23 (+6.90%)","2026-09-03 (+4.93%), 2026-09-23 (+6.90%)",2026-09-28 (-4.45%),2026-09-28 (-4.45%),"2026-07-08 (-4.29%), 2026-08-12 (-4.59%), 2026-09-28 (-4.45%)",1.0,1.37,-10.09
GRWRHITECH,Process Industries,Chemicals: Specialty,1,1,1,2,2,2,0,2,3,2026-09-29 #43 (+5.46%),2026-09-29 #43 (+5.46%),2026-09-29 #43 (+5.46%),"2026-09-25 (+4.69%), 2026-09-29 (+5.46%)","2026-09-25 (+4.69%), 2026-09-29 (+5.46%)","2026-09-25 (+4.69%), 2026-09-29 (+5.46%)",-,"2026-09-15 (-4.59%), 2026-09-21 (-4.02%)","2026-08-07 (-4.98%), 2026-09-15 (-4.59%), 2026-09-21 (-4.02%)",10.21,-1.7,1.18
BIKAJI,Consumer Non-Durables,Food: Specialty/Candy,1,1,1,1,2,2,1,2,3,2026-09-23 #39 (+6.76%),2026-09-23 #39 (+6.76%),2026-09-23 #39 (+6.76%),2026-09-23 (+6.76%),"2026-09-18 (+4.99%), 2026-09-23 (+6.76%)","2026-09-18 (+4.99%), 2026-09-23 (+6.76%)",2026-09-29 (-4.79%),"2026-09-01 (-4.38%), 2026-09-29 (-4.79%)","2026-08-06 (-4.01%), 2026-09-01 (-4.38%), 2026-09-29 (-4.79%)",-4.06,-15.11,-18.93
WEALTH,Finance,Investment Managers,1,1,1,1,1,1,0,0,0,2026-09-29 #24 (+6.57%),2026-09-29 #24 (+6.57%),2026-09-29 #24 (+6.57%),2026-09-29 (+6.57%),2026-09-29 (+6.57%),2026-09-29 (+6.57%),-,-,-,6.11,4.26,-10.52
SCHAND,Consumer Services,Publishing: Books/Magazines,1,1,1,1,1,1,0,0,0,2026-09-25 #37 (+5.87%),2026-09-25 #37 (+5.87%),2026-09-25 #37 (+5.87%),2026-09-25 (+5.87%),2026-09-25 (+5.87%),2026-09-25 (+5.87%),-,-,-,10.12,6.76,-0.9
PASHUPATI,Process Industries,Textiles,1,1,1,1,1,1,0,0,0,2026-09-29 #2 (+19.99%),2026-09-29 #2 (+19.99%),2026-09-29 #2 (+19.99%),2026-09-29 (+19.99%),2026-09-29 (+19.99%),2026-09-29 (+19.99%),-,-,-,15.61,11.26,5.7
KOTHARIPRO,Distribution Services,Wholesale Distributors,1,1,1,1,1,1,0,0,0,2026-09-23 #22 (+9.38%),2026-09-23 #22 (+9.38%),2026-09-23 #22 (+9.38%),2026-09-23 (+9.38%),2026-09-23 (+9.38%),2026-09-23 (+9.38%),-,-,-,2.23,-3.0,-7.4
HITECHCORP,Producer Manufacturing,Miscellaneous Manufacturing,1,1,1,0,0,1,0,0,0,2026-09-28 #50 (+3.42%),2026-09-28 #50 (+3.42%),2026-09-28 #50 (+3.42%),-,-,2026-07-09 (+4.99%),-,-,-,3.85,2.84,8.37
HALDYNGL,Process Industries,Containers/Packaging,1,1,1,1,1,1,0,0,0,2026-09-28 #37 (+4.74%),2026-09-28 #37 (+4.74%),2026-09-28 #37 (+4.74%),2026-09-28 (+4.74%),2026-09-28 (+4.74%),2026-09-28 (+4.74%),-,-,-,7.76,10.67,
ELECTCAST,Non-Energy Minerals,Steel,1,1,1,1,1,1,0,0,0,2026-09-29 #41 (+5.78%),2026-09-29 #41 (+5.78%),2026-09-29 #41 (+5.78%),2026-09-29 (+5.78%),2026-09-29 (+5.78%),2026-09-29 (+5.78%),-,-,-,5.01,-8.28,-2.15
ARCIL,Commercial Services,Miscellaneous Commercial Services,1,1,1,1,1,1,0,0,0,2026-09-23 #29 (+7.81%),2026-09-23 #29 (+7.81%),2026-09-23 #29 (+7.81%),2026-09-23 (+7.81%),2026-09-23 (+7.81%),2026-09-23 (+7.81%),-,-,-,2.59,,
SIS,Commercial Services,Miscellaneous Commercial Services,1,1,1,1,1,1,1,1,1,2026-09-29 #33 (+6.20%),2026-09-29 #33 (+6.20%),2026-09-29 #33 (+6.20%),2026-09-29 (+6.20%),2026-09-29 (+6.20%),2026-09-29 (+6.20%),2026-09-28 (-5.78%),2026-09-28 (-5.78%),2026-09-28 (-5.78%),-1.27,-2.33,-1.6
SHALBY,Health Services,Hospital/Nursing Management,1,1,1,1,1,1,0,1,1,2026-09-23 #46 (+6.56%),2026-09-23 #46 (+6.56%),2026-09-23 #46 (+6.56%),2026-09-23 (+6.56%),2026-09-23 (+6.56%),2026-09-23 (+6.56%),-,2026-09-15 (-5.23%),2026-09-15 (-5.23%),3.88,-8.54,-18.25
POEL,Process Industries,Chemicals: Specialty,1,1,1,1,1,1,0,0,1,2026-09-24 #45 (+4.36%),2026-09-24 #45 (+4.36%),2026-09-24 #45 (+4.36%),2026-09-24 (+4.36%),2026-09-24 (+4.36%),2026-09-24 (+4.36%),-,-,2026-08-24 (-5.80%),1.33,-7.01,
JAGSNPHARM,Health Technology,Pharmaceuticals: Generic,1,1,1,1,1,1,0,0,1,2026-09-24 #14 (+8.13%),2026-09-24 #14 (+8.13%),2026-09-24 #14 (+8.13%),2026-09-24 (+8.13%),2026-09-24 (+8.13%),2026-09-24 (+8.13%),-,-,2026-07-08 (-4.18%),4.0,-2.55,-0.14
ICICIGI,Finance,Specialty Insurance,1,1,1,1,1,1,0,0,1,2026-09-24 #24 (+5.09%),2026-09-24 #24 (+5.09%),2026-09-24 #24 (+5.09%),2026-09-24 (+5.09%),2026-09-24 (+5.09%),2026-09-24 (+5.09%),-,-,2026-07-16 (-10.51%),2.36,-3.31,-13.97
HIMATSEIDE,Process Industries,Textiles,1,1,1,1,1,1,0,0,1,2026-09-23 #34 (+7.37%),2026-09-23 #34 (+7.37%),2026-09-23 #34 (+7.37%),2026-09-23 (+7.37%),2026-09-23 (+7.37%),2026-09-23 (+7.37%),-,-,2026-07-08 (-5.65%),2.67,-6.62,-27.98
EKC,Producer Manufacturing,Industrial Machinery,1,1,1,1,1,1,0,0,1,2026-09-23 #8 (+12.75%),2026-09-23 #8 (+12.75%),2026-09-23 #8 (+12.75%),2026-09-23 (+12.75%),2026-09-23 (+12.75%),2026-09-23 (+12.75%),-,-,2026-08-14 (-5.19%),6.87,0.25,-9.18
AVANTEL,Electronic Technology,Telecommunications Equipment,1,1,1,1,1,1,0,1,1,2026-09-24 #18 (+6.27%),2026-09-24 #18 (+6.27%),2026-09-24 #18 (+6.27%),2026-09-24 (+6.27%),2026-09-24 (+6.27%),2026-09-24 (+6.27%),-,2026-09-15 (-7.64%),2026-09-15 (-7.64%),1.71,-6.82,-17.18
SOLEX,Producer Manufacturing,Building Products,1,1,1,1,1,1,0,1,2,2026-09-23 #26 (+8.28%),2026-09-23 #26 (+8.28%),2026-09-23 #26 (+8.28%),2026-09-23 (+8.28%),2026-09-23 (+8.28%),2026-09-23 (+8.28%),-,2026-09-15 (-4.25%),"2026-08-17 (-10.33%), 2026-09-15 (-4.25%)",1.41,-6.86,-36.06
GLOTTIS,Transportation,Marine Shipping,1,1,1,1,1,1,1,2,2,2026-09-24 #10 (+9.05%),2026-09-24 #10 (+9.05%),2026-09-24 #10 (+9.05%),2026-09-24 (+9.05%),2026-09-24 (+9.05%),2026-09-24 (+9.05%),2026-09-28 (-4.85%),"2026-09-08 (-4.18%), 2026-09-28 (-4.85%)","2026-09-08 (-4.18%), 2026-09-28 (-4.85%)",6.29,-4.3,-8.69
JINDWORLD,Process Industries,Textiles,0,1,1,1,5,11,2,6,8,-,2026-09-04 #2 (+19.44%),2026-09-04 #2 (+19.44%),2026-09-28 (+4.13%),"2026-09-01 (+9.84%), 2026-09-03 (+19.81%), 2026-09-04 (+19.44%), 2026-09-22 (+4.84%), 2026-09-28 (+4.13%)","2026-07-16 (+6.51%), 2026-07-21 (+19.30%), 2026-07-24 (+11.13%), 2026-07-27 (+4.23%), 2026-08-03 (+5.40%), 2026-08-27 (+5.71%), 2026-09-01 (+9.84%), 2026-09-03 (+19.81%), 2026-09-04 (+19.44%), 2026-09-22 (+4.84%), 2026-09-28 (+4.13%)","2026-09-24 (-5.80%), 2026-09-25 (-4.90%)","2026-09-02 (-4.49%), 2026-09-08 (-5.11%), 2026-09-11 (-4.96%), 2026-09-15 (-6.51%), 2026-09-24 (-5.80%), 2026-09-25 (-4.90%)","2026-07-23 (-8.37%), 2026-08-10 (-4.29%), 2026-09-02 (-4.49%), 2026-09-08 (-5.11%), 2026-09-11 (-4.96%), 2026-09-15 (-6.51%), 2026-09-24 (-5.80%), 2026-09-25 (-4.90%)",-9.86,22.87,56.07
DYNAMATECH,Producer Manufacturing,Industrial Machinery,0,1,1,1,2,6,0,0,1,-,2026-09-11 #46 (+4.80%),2026-09-11 #46 (+4.80%),2026-09-25 (+4.80%),"2026-09-11 (+4.80%), 2026-09-25 (+4.80%)","2026-07-06 (+4.91%), 2026-08-03 (+4.10%), 2026-08-18 (+5.82%), 2026-08-31 (+4.63%), 2026-09-11 (+4.80%), 2026-09-25 (+4.80%)",-,-,2026-08-11 (-4.92%),4.39,9.18,25.34
ONMOBILE,Communications,Specialty Telecommunications,0,1,1,0,3,6,0,1,4,-,2026-09-16 #42 (+4.98%),2026-09-16 #42 (+4.98%),-,"2026-09-15 (+5.00%), 2026-09-16 (+4.98%), 2026-09-21 (+5.00%)","2026-08-03 (+5.00%), 2026-08-04 (+4.99%), 2026-08-05 (+4.99%), 2026-09-15 (+5.00%), 2026-09-16 (+4.98%), 2026-09-21 (+5.00%)",-,2026-09-18 (-4.87%),"2026-07-06 (-5.56%), 2026-07-08 (-5.00%), 2026-07-15 (-4.37%), 2026-09-18 (-4.87%)",-5.99,-0.81,-35.5
ACMESOLAR,Industrial Services,Engineering & Construction,0,1,1,0,4,5,0,0,1,-,2026-09-15 #26 (+4.50%),2026-09-15 #26 (+4.50%),-,"2026-09-04 (+4.01%), 2026-09-15 (+4.50%), 2026-09-18 (+5.82%), 2026-09-21 (+5.25%)","2026-08-20 (+4.47%), 2026-09-04 (+4.01%), 2026-09-15 (+4.50%), 2026-09-18 (+5.82%), 2026-09-21 (+5.25%)",-,-,2026-07-07 (-4.31%),-4.51,8.96,11.37
RSWM,Process Industries,Textiles,0,1,1,0,3,5,0,1,4,-,2026-09-02 #32 (+5.00%),2026-09-02 #32 (+5.00%),-,"2026-09-02 (+5.00%), 2026-09-03 (+5.00%), 2026-09-21 (+4.99%)","2026-08-03 (+4.75%), 2026-08-04 (+4.67%), 2026-09-02 (+5.00%), 2026-09-03 (+5.00%), 2026-09-21 (+4.99%)",-,2026-09-15 (-4.04%),"2026-08-05 (-4.52%), 2026-08-06 (-5.00%), 2026-08-24 (-4.46%), 2026-09-15 (-4.04%)",-6.45,7.04,9.77
SAYAJIHOTL,Consumer Services,Hotels/Resorts/Cruise lines,0,1,1,1,3,5,1,3,8,-,2026-09-10 #14 (+7.56%),2026-09-10 #14 (+7.56%),2026-09-23 (+5.77%),"2026-09-04 (+5.12%), 2026-09-10 (+7.56%), 2026-09-23 (+5.77%)","2026-08-03 (+5.00%), 2026-08-12 (+4.78%), 2026-09-04 (+5.12%), 2026-09-10 (+7.56%), 2026-09-23 (+5.77%)",2026-09-29 (-6.73%),"2026-09-02 (-4.11%), 2026-09-09 (-5.52%), 2026-09-29 (-6.73%)","2026-07-28 (-4.99%), 2026-08-10 (-4.13%), 2026-08-17 (-5.11%), 2026-08-25 (-5.63%), 2026-08-28 (-4.91%), 2026-09-02 (-4.11%), 2026-09-09 (-5.52%), 2026-09-29 (-6.73%)",-1.67,-3.71,0.58
ALEMBICLTD,Health Technology,Pharmaceuticals: Major,0,1,1,0,1,4,0,0,0,-,2026-09-03 #12 (+9.36%),2026-09-03 #12 (+9.36%),-,2026-09-03 (+9.36%),"2026-08-14 (+4.15%), 2026-08-26 (+4.27%), 2026-08-27 (+4.12%), 2026-09-03 (+9.36%)",-,-,-,3.48,9.82,16.21
SGIL,Non-Energy Minerals,Steel,0,1,1,1,2,4,0,0,1,-,2026-09-22 #27 (+6.47%),2026-09-22 #27 (+6.47%),2026-09-23 (+4.98%),"2026-09-22 (+6.47%), 2026-09-23 (+4.98%)","2026-07-06 (+4.01%), 2026-08-14 (+4.10%), 2026-09-22 (+6.47%), 2026-09-23 (+4.98%)",-,-,2026-08-13 (-10.23%),3.23,8.17,12.28
EDELWEISS,Finance,Investment Banks/Brokers,0,1,1,0,3,4,0,0,1,-,2026-09-03 #25 (+6.80%),2026-09-03 #25 (+6.80%),-,"2026-09-03 (+6.80%), 2026-09-08 (+4.58%), 2026-09-18 (+6.16%)","2026-08-13 (+5.03%), 2026-09-03 (+6.80%), 2026-09-08 (+4.58%), 2026-09-18 (+6.16%)",-,-,2026-07-08 (-4.28%),-2.4,8.22,11.21
HINDOILEXP,Energy Minerals,Integrated Oil,0,1,1,0,2,4,0,2,2,-,2026-09-03 #6 (+10.95%),2026-09-03 #6 (+10.95%),-,"2026-09-01 (+4.28%), 2026-09-03 (+10.95%)","2026-07-20 (+4.12%), 2026-08-10 (+5.20%), 2026-09-01 (+4.28%), 2026-09-03 (+10.95%)",-,"2026-09-10 (-4.17%), 2026-09-15 (-5.13%)","2026-09-10 (-4.17%), 2026-09-15 (-5.13%)",-0.53,7.31,9.16
REFEX,Energy Minerals,Coal,0,1,1,0,2,4,0,0,3,-,2026-09-21 #32 (+7.85%),2026-09-21 #32 (+7.85%),-,"2026-09-17 (+4.16%), 2026-09-21 (+7.85%)","2026-07-09 (+4.51%), 2026-07-27 (+4.92%), 2026-09-17 (+4.16%), 2026-09-21 (+7.85%)",-,-,"2026-07-15 (-4.07%), 2026-07-29 (-4.01%), 2026-07-30 (-5.18%)",-6.51,-3.7,-25.35
RPSGVENT,Finance,Financial Conglomerates,0,1,1,0,1,3,0,0,1,-,2026-09-09 #41 (+5.45%),2026-09-09 #41 (+5.45%),-,2026-09-09 (+5.45%),"2026-07-06 (+4.72%), 2026-07-29 (+4.82%), 2026-09-09 (+5.45%)",-,-,2026-08-06 (-4.10%),-0.93,-2.72,-0.97
RBLBANK,Finance,Major Banks,0,1,1,0,2,3,0,0,1,-,2026-09-22 #43 (+5.17%),2026-09-22 #43 (+5.17%),-,"2026-09-03 (+4.80%), 2026-09-22 (+5.17%)","2026-07-10 (+4.92%), 2026-09-03 (+4.80%), 2026-09-22 (+5.17%)",-,-,2026-07-08 (-4.08%),-5.01,5.69,13.08
LUXIND,Consumer Non-Durables,Apparel/Footwear,0,1,1,0,2,3,1,1,1,-,2026-09-18 #9 (+9.28%),2026-09-18 #9 (+9.28%),-,"2026-09-18 (+9.28%), 2026-09-21 (+4.67%)","2026-07-10 (+4.44%), 2026-09-18 (+9.28%), 2026-09-21 (+4.67%)",2026-09-28 (-4.26%),2026-09-28 (-4.26%),2026-09-28 (-4.26%),-4.66,-8.81,-10.87
ISGEC,Industrial Services,Engineering & Construction,0,1,1,1,2,3,0,0,1,-,2026-09-21 #27 (+8.47%),2026-09-21 #27 (+8.47%),2026-09-25 (+4.76%),"2026-09-21 (+8.47%), 2026-09-25 (+4.76%)","2026-08-18 (+4.73%), 2026-09-21 (+8.47%), 2026-09-25 (+4.76%)",-,-,2026-08-12 (-7.52%),4.68,11.31,-4.8
TEMPSENS,Electronic Technology,Electronic Equipment/Instruments,0,1,1,1,3,3,0,2,2,-,2026-09-02 #28 (+5.06%),2026-09-02 #28 (+5.06%),2026-09-23 (+5.32%),"2026-09-02 (+5.06%), 2026-09-08 (+4.60%), 2026-09-23 (+5.32%)","2026-09-02 (+5.06%), 2026-09-08 (+4.60%), 2026-09-23 (+5.32%)",-,"2026-09-01 (-4.36%), 2026-09-15 (-10.46%)","2026-09-01 (-4.36%), 2026-09-15 (-10.46%)",-1.45,-6.09,
SOFTTECH,Technology Services,Packaged Software,0,1,1,0,3,3,0,1,2,-,2026-09-15 #18 (+5.00%),2026-09-15 #18 (+5.00%),-,"2026-09-15 (+5.00%), 2026-09-17 (+4.99%), 2026-09-18 (+4.99%)","2026-09-15 (+5.00%), 2026-09-17 (+4.99%), 2026-09-18 (+4.99%)",-,2026-09-22 (-4.37%),"2026-07-13 (-4.46%), 2026-09-22 (-4.37%)",0.92,20.47,13.0
JAINREC,Non-Energy Minerals,Other Metals/Minerals,0,1,1,1,3,3,0,0,2,-,2026-09-22 #24 (+6.78%),2026-09-22 #24 (+6.78%),2026-09-23 (+4.02%),"2026-09-08 (+5.40%), 2026-09-22 (+6.78%), 2026-09-23 (+4.02%)","2026-09-08 (+5.40%), 2026-09-22 (+6.78%), 2026-09-23 (+4.02%)",-,-,"2026-07-17 (-4.29%), 2026-08-04 (-7.64%)",-1.24,3.92,-19.68
BLEL,Non-Energy Minerals,Steel,0,1,1,0,2,3,1,2,3,-,2026-09-22 #26 (+6.71%),2026-09-22 #26 (+6.71%),-,"2026-09-07 (+5.55%), 2026-09-22 (+6.71%)","2026-08-26 (+4.56%), 2026-09-07 (+5.55%), 2026-09-22 (+6.71%)",2026-09-24 (-4.75%),"2026-09-08 (-5.70%), 2026-09-24 (-4.75%)","2026-08-24 (-7.03%), 2026-09-08 (-5.70%), 2026-09-24 (-4.75%)",-4.69,1.44,
SKYWAYS,Transportation,Airlines,0,1,1,0,3,3,1,4,4,-,2026-09-11 #50 (+4.33%),2026-09-11 #50 (+4.33%),-,"2026-09-11 (+4.33%), 2026-09-17 (+4.02%), 2026-09-18 (+5.47%)","2026-09-11 (+4.33%), 2026-09-17 (+4.02%), 2026-09-18 (+5.47%)",2026-09-28 (-6.11%),"2026-09-04 (-5.64%), 2026-09-07 (-7.18%), 2026-09-15 (-4.07%), 2026-09-28 (-6.11%)","2026-09-04 (-5.64%), 2026-09-07 (-7.18%), 2026-09-15 (-4.07%), 2026-09-28 (-6.11%)",-11.52,,
STUDDS,Consumer Durables,Recreational Products,0,1,1,0,1,2,0,0,0,-,2026-09-21 #50 (+5.75%),2026-09-21 #50 (+5.75%),-,2026-09-21 (+5.75%),"2026-08-17 (+5.36%), 2026-09-21 (+5.75%)",-,-,-,-6.12,-11.09,-15.86
JUNIPER,Consumer Services,Hotels/Resorts/Cruise lines,0,1,1,0,2,2,0,0,0,-,2026-09-10 #18 (+6.55%),2026-09-10 #18 (+6.55%),-,"2026-09-10 (+6.55%), 2026-09-18 (+4.13%)","2026-09-10 (+6.55%), 2026-09-18 (+4.13%)",-,-,-,-3.97,-0.19,7.4
GEECEE,Finance,Real Estate Development,0,1,1,0,1,2,0,0,0,-,2026-09-16 #46 (+4.87%),2026-09-16 #46 (+4.87%),-,2026-09-16 (+4.87%),"2026-07-10 (+4.99%), 2026-09-16 (+4.87%)",-,-,-,0.48,1.53,8.51
DONEAR,Process Industries,Textiles,0,1,1,0,2,2,0,0,0,-,2026-09-03 #37 (+6.11%),2026-09-03 #37 (+6.11%),-,"2026-09-03 (+6.11%), 2026-09-04 (+4.17%)","2026-09-03 (+6.11%), 2026-09-04 (+4.17%)",-,-,-,-1.67,-4.15,-6.74
CMRGREEN,Producer Manufacturing,Metal Fabrication,0,1,1,0,1,2,0,0,0,-,2026-09-18 #14 (+8.73%),2026-09-18 #14 (+8.73%),-,2026-09-18 (+8.73%),"2026-08-24 (+4.00%), 2026-09-18 (+8.73%)",-,-,-,-0.69,-1.24,-6.63
AXTEL,Producer Manufacturing,Industrial Machinery,0,1,1,0,2,2,0,0,0,-,2026-09-09 #27 (+6.65%),2026-09-09 #27 (+6.65%),-,"2026-09-08 (+4.39%), 2026-09-09 (+6.65%)","2026-09-08 (+4.39%), 2026-09-09 (+6.65%)",-,-,-,1.02,12.5,
MANKIND,Health Technology,Pharmaceuticals: Major,0,1,1,1,2,2,0,0,1,-,2026-09-21 #48 (+5.96%),2026-09-21 #48 (+5.96%),2026-09-29 (+4.49%),"2026-09-21 (+5.96%), 2026-09-29 (+4.49%)","2026-09-21 (+5.96%), 2026-09-29 (+4.49%)",-,-,2026-07-31 (-4.13%),2.62,5.2,2.34
KIRLOSIND,Non-Energy Minerals,Steel,0,1,1,0,1,2,0,0,1,-,2026-09-11 #17 (+7.03%),2026-09-11 #17 (+7.03%),-,2026-09-11 (+7.03%),"2026-07-31 (+4.83%), 2026-09-11 (+7.03%)",-,-,2026-07-14 (-4.17%),-2.42,-4.26,-12.66
JSL,Non-Energy Minerals,Steel,0,1,1,0,2,2,0,1,1,-,2026-09-09 #35 (+6.03%),2026-09-09 #35 (+6.03%),-,"2026-09-01 (+4.54%), 2026-09-09 (+6.03%)","2026-09-01 (+4.54%), 2026-09-09 (+6.03%)",-,2026-09-15 (-4.30%),2026-09-15 (-4.30%),-0.69,5.15,6.78
ISTLTD,Producer Manufacturing,Auto Parts: OEM,0,1,1,0,1,2,0,0,1,-,2026-09-17 #41 (+5.22%),2026-09-17 #41 (+5.22%),-,2026-09-17 (+5.22%),"2026-08-20 (+4.71%), 2026-09-17 (+5.22%)",-,-,2026-08-31 (-4.56%),-5.29,-5.38,
INFY,Technology Services,Information Technology Services,0,1,1,0,0,2,0,1,1,-,2026-09-15 #32 (+3.79%),2026-09-15 #32 (+3.79%),-,-,"2026-07-29 (+4.51%), 2026-08-03 (+4.42%)",-,2026-09-09 (-4.34%),2026-09-09 (-4.34%),-1.36,-10.44,-2.45
EVEREADY,Producer Manufacturing,Electrical Products,0,1,1,0,2,2,0,1,1,-,2026-09-08 #30 (+6.63%),2026-09-08 #30 (+6.63%),-,"2026-09-08 (+6.63%), 2026-09-10 (+4.81%)","2026-09-08 (+6.63%), 2026-09-10 (+4.81%)",-,2026-09-15 (-7.23%),2026-09-15 (-7.23%),-3.08,-3.31,-14.46
VTL,Process Industries,Textiles,0,1,1,0,2,2,0,1,2,-,2026-09-01 #34 (+5.29%),2026-09-01 #34 (+5.29%),-,"2026-09-01 (+5.29%), 2026-09-16 (+4.52%)","2026-09-01 (+5.29%), 2026-09-16 (+4.52%)",-,2026-09-21 (-4.13%),"2026-07-30 (-4.36%), 2026-09-21 (-4.13%)",-3.93,-7.43,-19.48
SHAKTIPUMP,Producer Manufacturing,Industrial Machinery,0,1,1,0,1,2,0,0,2,-,2026-09-10 #13 (+7.57%),2026-09-10 #13 (+7.57%),-,2026-09-10 (+7.57%),"2026-07-06 (+4.43%), 2026-09-10 (+7.57%)",-,-,"2026-07-08 (-4.92%), 2026-07-27 (-4.25%)",-2.37,-5.84,-20.27
PRADPME,Producer Manufacturing,Metal Fabrication,0,1,1,0,2,2,0,1,2,-,2026-09-22 #48 (+5.00%),2026-09-22 #48 (+5.00%),-,"2026-09-21 (+4.76%), 2026-09-22 (+5.00%)","2026-09-21 (+4.76%), 2026-09-22 (+5.00%)",-,2026-09-16 (-4.95%),"2026-08-21 (-4.33%), 2026-09-16 (-4.95%)",-5.03,-3.81,
EMBDL,Finance,Real Estate Development,0,1,1,1,2,2,0,1,2,-,2026-09-21 #24 (+9.30%),2026-09-21 #24 (+9.30%),2026-09-23 (+4.77%),"2026-09-21 (+9.30%), 2026-09-23 (+4.77%)","2026-09-21 (+9.30%), 2026-09-23 (+4.77%)",-,2026-09-11 (-4.03%),"2026-08-12 (-4.26%), 2026-09-11 (-4.03%)",-3.59,-9.25,-11.46
ALLTIME,Producer Manufacturing,Miscellaneous Manufacturing,0,1,1,0,2,2,0,0,2,-,2026-09-11 #31 (+5.23%),2026-09-11 #31 (+5.23%),-,"2026-09-07 (+4.16%), 2026-09-11 (+5.23%)","2026-09-07 (+4.16%), 2026-09-11 (+5.23%)",-,-,"2026-07-08 (-4.55%), 2026-07-22 (-4.05%)",-5.18,-3.26,-24.34
LUMINO,Producer Manufacturing,Electrical Products,0,1,1,0,2,2,0,3,3,-,2026-09-17 #25 (+6.83%),2026-09-17 #25 (+6.83%),-,"2026-09-17 (+6.83%), 2026-09-18 (+4.09%)","2026-09-17 (+6.83%), 2026-09-18 (+4.09%)",-,"2026-09-08 (-5.84%), 2026-09-15 (-5.19%), 2026-09-22 (-4.49%)","2026-09-08 (-5.84%), 2026-09-15 (-5.19%), 2026-09-22 (-4.49%)",-3.57,,
GVT&D,Producer Manufacturing,Electrical Products,0,1,1,0,1,2,0,1,3,-,2026-09-08 #16 (+8.77%),2026-09-08 #16 (+8.77%),-,2026-09-08 (+8.77%),"2026-07-15 (+4.40%), 2026-09-08 (+8.77%)",-,2026-09-15 (-6.62%),"2026-07-03 (-8.74%), 2026-07-17 (-4.29%), 2026-09-15 (-6.62%)",-5.01,-7.08,-14.36
FREDUN,Health Technology,Pharmaceuticals: Major,0,1,1,0,2,2,0,3,3,-,2026-09-09 #32 (+6.07%),2026-09-09 #32 (+6.07%),-,"2026-09-09 (+6.07%), 2026-09-17 (+4.63%)","2026-09-09 (+6.07%), 2026-09-17 (+4.63%)",-,"2026-09-07 (-4.43%), 2026-09-15 (-5.97%), 2026-09-16 (-8.01%)","2026-09-07 (-4.43%), 2026-09-15 (-5.97%), 2026-09-16 (-8.01%)",0.71,-5.7,
SHANKESH,Consumer Durables,Other Consumer Specialties,0,1,1,0,2,2,0,3,4,-,2026-09-02 #19 (+6.73%),2026-09-02 #19 (+6.73%),-,"2026-09-02 (+6.73%), 2026-09-18 (+4.61%)","2026-09-02 (+6.73%), 2026-09-18 (+4.61%)",-,"2026-09-08 (-7.31%), 2026-09-15 (-6.86%), 2026-09-16 (-5.09%)","2026-08-27 (-4.32%), 2026-09-08 (-7.31%), 2026-09-15 (-6.86%), 2026-09-16 (-5.09%)",-2.51,-4.74,
XCHANGING,Technology Services,Information Technology Services,0,1,1,0,1,1,0,0,0,-,2026-09-15 #37 (+3.46%),2026-09-15 #37 (+3.46%),-,2026-09-07 (+4.72%),2026-09-07 (+4.72%),-,-,-,-0.17,-1.18,-4.79
VSTTILLERS,Producer Manufacturing,Trucks/Construction/Farm Machinery,0,1,1,0,1,1,0,0,0,-,2026-09-17 #45 (+5.12%),2026-09-17 #45 (+5.12%),-,2026-09-17 (+5.12%),2026-09-17 (+5.12%),-,-,-,2.83,1.59,-3.11
POONAWALLA,Finance,Finance/Rental/Leasing,0,1,1,0,1,1,0,0,0,-,2026-09-18 #6 (+10.77%),2026-09-18 #6 (+10.77%),-,2026-09-18 (+10.77%),2026-09-18 (+10.77%),-,-,-,-6.12,-4.48,-3.04
MAHLIFE,Finance,Real Estate Development,0,1,1,0,1,1,0,0,0,-,2026-09-17 #36 (+5.68%),2026-09-17 #36 (+5.68%),-,2026-09-17 (+5.68%),2026-09-17 (+5.68%),-,-,-,0.54,-1.27,-3.01
JKCEMENT,Non-Energy Minerals,Construction Materials,0,1,1,0,1,1,0,0,0,-,2026-09-17 #35 (+5.83%),2026-09-17 #35 (+5.83%),-,2026-09-17 (+5.83%),2026-09-17 (+5.83%),-,-,-,-5.48,-6.01,-12.78
JINDALPHOT,Finance,Financial Conglomerates,0,1,1,0,1,1,0,0,0,-,2026-09-15 #4 (+8.77%),2026-09-15 #4 (+8.77%),-,2026-09-15 (+8.77%),2026-09-15 (+8.77%),-,-,-,-4.9,2.59,-11.4
IGL,Utilities,Gas Distributors,0,1,1,0,1,1,0,0,0,-,2026-09-04 #41 (+5.77%),2026-09-04 #41 (+5.77%),-,2026-09-04 (+5.77%),2026-09-04 (+5.77%),-,-,-,-3.18,-5.63,-8.84
ATGL,Utilities,Gas Distributors,0,1,1,0,1,1,0,0,0,-,2026-09-18 #4 (+12.56%),2026-09-18 #4 (+12.56%),-,2026-09-18 (+12.56%),2026-09-18 (+12.56%),-,-,-,-6.04,-5.28,-19.78
SYMPHONY,Producer Manufacturing,Industrial Machinery,0,1,1,0,1,1,0,0,1,-,2026-09-08 #29 (+6.91%),2026-09-08 #29 (+6.91%),-,2026-09-08 (+6.91%),2026-09-08 (+6.91%),-,-,2026-08-05 (-4.10%),-1.72,-1.03,-16.06
SALZERELEC,Producer Manufacturing,Electrical Products,0,1,1,0,1,1,0,0,1,-,2026-09-16 #43 (+4.97%),2026-09-16 #43 (+4.97%),-,2026-09-16 (+4.97%),2026-09-16 (+4.97%),-,-,2026-08-10 (-6.22%),-1.89,-1.97,-14.68
REDTAPE,Retail Trade,Apparel/Footwear Retail,0,1,1,0,1,1,0,0,1,-,2026-09-15 #29 (+4.11%),2026-09-15 #29 (+4.11%),-,2026-09-15 (+4.11%),2026-09-15 (+4.11%),-,-,2026-08-11 (-5.13%),-1.11,-5.37,-14.51
PARIN,Consumer Durables,Home Furnishings,0,1,1,0,0,1,0,0,1,-,2026-09-15 #38 (+3.43%),2026-09-15 #38 (+3.43%),-,-,2026-07-10 (+4.08%),-,-,2026-07-09 (-5.04%),3.25,0.05,0.71
PACEDIGITK,Utilities,Electric Utilities,0,1,1,0,1,1,0,0,1,-,2026-09-22 #15 (+8.32%),2026-09-22 #15 (+8.32%),-,2026-09-22 (+8.32%),2026-09-22 (+8.32%),-,-,2026-08-06 (-6.92%),-3.24,-5.44,-23.91
KEC,Industrial Services,Engineering & Construction,0,1,1,0,1,1,0,0,1,-,2026-09-10 #42 (+5.15%),2026-09-10 #42 (+5.15%),-,2026-09-10 (+5.15%),2026-09-10 (+5.15%),-,-,2026-08-11 (-5.27%),-3.37,-9.16,-26.58
INDIACEM,Non-Energy Minerals,Construction Materials,0,1,1,0,1,1,0,0,1,-,2026-09-17 #46 (+5.09%),2026-09-17 #46 (+5.09%),-,2026-09-17 (+5.09%),2026-09-17 (+5.09%),-,-,2026-07-20 (-4.34%),-10.85,-18.06,-20.65
HDFCLIFE,Finance,Life/Health Insurance,0,1,1,0,1,1,1,1,1,-,2026-09-17 #50 (+5.05%),2026-09-17 #50 (+5.05%),-,2026-09-17 (+5.05%),2026-09-17 (+5.05%),2026-09-24 (-6.16%),2026-09-24 (-6.16%),2026-09-24 (-6.16%),-6.38,-3.64,-8.37
GNRL,Energy Minerals,Integrated Oil,0,1,1,0,1,1,0,1,1,-,2026-09-07 #4 (+14.80%),2026-09-07 #4 (+14.80%),-,2026-09-07 (+14.80%),2026-09-07 (+14.80%),-,2026-09-08 (-4.40%),2026-09-08 (-4.40%),-0.26,2.82,
ELCIDIN,Finance,Financial Conglomerates,0,1,1,0,1,1,0,1,1,-,2026-09-16 #50 (+4.80%),2026-09-16 #50 (+4.80%),-,2026-09-16 (+4.80%),2026-09-16 (+4.80%),-,2026-09-15 (-4.34%),2026-09-15 (-4.34%),-2.22,-5.81,-9.94
EIHAHOTELS,Consumer Services,Hotels/Resorts/Cruise lines,0,1,1,0,1,1,0,0,1,-,2026-09-02 #48 (+4.96%),2026-09-02 #48 (+4.96%),-,2026-09-02 (+4.96%),2026-09-02 (+4.96%),-,-,2026-07-08 (-4.15%),-2.16,-2.91,-9.77
CSBBANK,Finance,Major Banks,0,1,1,0,1,1,0,0,1,-,2026-09-16 #2 (+10.93%),2026-09-16 #2 (+10.93%),-,2026-09-16 (+10.93%),2026-09-16 (+10.93%),-,-,2026-07-22 (-6.68%),-5.6,-7.96,-10.04
WSI,Producer Manufacturing,Electrical Products,0,1,1,0,1,1,0,1,2,-,2026-09-11 #30 (+5.25%),2026-09-11 #30 (+5.25%),-,2026-09-11 (+5.25%),2026-09-11 (+5.25%),-,2026-09-16 (-6.48%),"2026-08-11 (-5.87%), 2026-09-16 (-6.48%)",-4.63,-10.09,-17.1
LGHL,Consumer Durables,Other Consumer Specialties,0,1,1,0,1,1,0,0,2,-,2026-09-10 #7 (+10.02%),2026-09-10 #7 (+10.02%),-,2026-09-10 (+10.02%),2026-09-10 (+10.02%),-,-,"2026-07-08 (-4.15%), 2026-08-14 (-7.35%)",0.76,3.04,-19.58
KIRANVYPAR,Finance,Investment Banks/Brokers,0,1,1,0,1,1,2,2,2,-,2026-09-22 #41 (+5.24%),2026-09-22 #41 (+5.24%),-,2026-09-22 (+5.24%),2026-09-22 (+5.24%),"2026-09-24 (-5.43%), 2026-09-28 (-7.94%)","2026-09-24 (-5.43%), 2026-09-28 (-7.94%)","2026-09-24 (-5.43%), 2026-09-28 (-7.94%)",-13.31,-4.33,
HARSHA,Producer Manufacturing,Metal Fabrication,0,1,1,0,1,1,0,1,2,-,2026-09-21 #46 (+6.23%),2026-09-21 #46 (+6.23%),-,2026-09-21 (+6.23%),2026-09-21 (+6.23%),-,2026-09-15 (-4.56%),"2026-08-11 (-5.12%), 2026-09-15 (-4.56%)",-0.01,2.01,11.88
ZSARACOM,Finance,Financial Conglomerates,0,1,1,0,1,1,0,1,4,-,2026-09-04 #8 (+10.51%),2026-09-04 #8 (+10.51%),-,2026-09-04 (+10.51%),2026-09-04 (+10.51%),-,2026-09-15 (-4.26%),"2026-08-19 (-4.76%), 2026-08-24 (-4.01%), 2026-08-25 (-5.31%), 2026-09-15 (-4.26%)",-2.4,-6.9,
APOLLO,Electronic Technology,Electronic Production Equipment,0,1,1,0,1,1,0,2,4,-,2026-09-22 #35 (+5.53%),2026-09-22 #35 (+5.53%),-,2026-09-22 (+5.53%),2026-09-22 (+5.53%),-,"2026-09-15 (-8.44%), 2026-09-16 (-4.20%)","2026-07-06 (-5.82%), 2026-07-07 (-5.31%), 2026-09-15 (-8.44%), 2026-09-16 (-4.20%)",-1.02,4.27,-8.41
EMAMILTD,Consumer Non-Durables,Household/Personal Care,0,1,1,0,0,0,0,0,1,-,2026-09-15 #46 (+2.72%),2026-09-15 #46 (+2.72%),-,-,-,-,-,2026-08-31 (-4.06%),-2.29,4.68,-8.59
MPHASIS,Technology Services,Packaged Software,0,1,1,0,0,0,0,0,2,-,2026-09-15 #33 (+3.62%),2026-09-15 #33 (+3.62%),-,-,-,-,-,"2026-07-08 (-5.59%), 2026-07-22 (-4.47%)",-4.88,-11.25,-4.05
AURIONPRO,Technology Services,Information Technology Services,0,1,1,0,0,0,1,1,2,-,2026-09-15 #48 (+2.61%),2026-09-15 #48 (+2.61%),-,-,-,2026-09-28 (-4.06%),2026-09-28 (-4.06%),"2026-07-28 (-12.10%), 2026-09-28 (-4.06%)",-7.0,-10.58,-28.55
MCLEODRUSS,Consumer Non-Durables,Food: Specialty/Candy,0,0,1,1,3,11,1,1,5,-,-,2026-07-16 #29 (+4.98%),2026-09-23 (+4.98%),"2026-09-18 (+5.00%), 2026-09-21 (+4.99%), 2026-09-23 (+4.98%)","2026-07-10 (+4.98%), 2026-07-13 (+4.13%), 2026-07-16 (+4.98%), 2026-07-21 (+4.05%), 2026-08-07 (+4.99%), 2026-08-10 (+4.87%), 2026-08-19 (+4.99%), 2026-08-20 (+4.98%), 2026-09-18 (+5.00%), 2026-09-21 (+4.99%), 2026-09-23 (+4.98%)",2026-09-24 (-5.00%),2026-09-24 (-5.00%),"2026-07-03 (-4.19%), 2026-07-08 (-4.51%), 2026-08-06 (-4.98%), 2026-08-11 (-5.00%), 2026-09-24 (-5.00%)",-3.11,-12.09,-24.81
GHCLTEXTIL,Process Industries,Textiles,0,0,1,0,2,8,0,1,3,-,-,2026-08-18 #39 (+6.55%),-,"2026-09-01 (+4.21%), 2026-09-21 (+4.02%)","2026-07-15 (+4.04%), 2026-07-29 (+4.64%), 2026-08-06 (+4.38%), 2026-08-13 (+4.60%), 2026-08-18 (+6.55%), 2026-08-28 (+4.33%), 2026-09-01 (+4.21%), 2026-09-21 (+4.02%)",-,2026-09-15 (-8.52%),"2026-07-08 (-4.86%), 2026-07-30 (-4.53%), 2026-09-15 (-8.52%)",-1.23,-1.86,27.11
DCMSRIND,Process Industries,Agricultural Commodities/Milling,0,0,1,1,1,7,0,1,4,-,-,2026-08-20 #48 (+5.91%),2026-09-25 (+4.83%),2026-09-25 (+4.83%),"2026-07-06 (+6.17%), 2026-08-03 (+5.86%), 2026-08-04 (+6.23%), 2026-08-17 (+8.26%), 2026-08-19 (+6.28%), 2026-08-20 (+5.91%), 2026-09-25 (+4.83%)",-,2026-09-15 (-4.93%),"2026-07-23 (-4.82%), 2026-08-25 (-4.82%), 2026-08-26 (-5.27%), 2026-09-15 (-4.93%)",3.88,-18.69,5.7
CPPLUS,Consumer Durables,Electronics/Appliances,0,0,1,1,3,7,0,2,7,-,-,2026-07-23 #34 (+4.83%),2026-09-23 (+5.00%),"2026-09-01 (+4.51%), 2026-09-22 (+4.80%), 2026-09-23 (+5.00%)","2026-07-23 (+4.83%), 2026-07-31 (+4.02%), 2026-08-20 (+5.00%), 2026-08-26 (+4.03%), 2026-09-01 (+4.51%), 2026-09-22 (+4.80%), 2026-09-23 (+5.00%)",-,"2026-09-15 (-4.24%), 2026-09-17 (-4.77%)","2026-07-17 (-4.88%), 2026-07-30 (-4.82%), 2026-08-13 (-5.00%), 2026-08-14 (-5.00%), 2026-08-17 (-5.00%), 2026-09-15 (-4.24%), 2026-09-17 (-4.77%)",4.61,7.06,9.69
RAJOOENG,Producer Manufacturing,Industrial Machinery,0,0,1,0,4,6,0,0,0,-,-,2026-07-22 #20 (+5.00%),-,"2026-09-04 (+4.99%), 2026-09-07 (+4.98%), 2026-09-09 (+4.10%), 2026-09-21 (+4.23%)","2026-07-21 (+4.99%), 2026-07-22 (+5.00%), 2026-09-04 (+4.99%), 2026-09-07 (+4.98%), 2026-09-09 (+4.10%), 2026-09-21 (+4.23%)",-,-,-,-1.82,10.88,2.82
CHEMCON,Process Industries,Chemicals: Specialty,0,0,1,0,3,6,0,0,0,-,-,2026-08-04 #48 (+5.00%),-,"2026-09-08 (+5.00%), 2026-09-09 (+5.00%), 2026-09-21 (+4.36%)","2026-08-03 (+4.89%), 2026-08-04 (+5.00%), 2026-08-24 (+4.02%), 2026-09-08 (+5.00%), 2026-09-09 (+5.00%), 2026-09-21 (+4.36%)",-,-,-,-5.98,6.5,13.68
BLKASHYAP,Industrial Services,Engineering & Construction,0,0,1,1,1,6,1,3,4,-,-,2026-07-13 #27 (+7.60%),2026-09-23 (+4.74%),2026-09-23 (+4.74%),"2026-07-10 (+4.80%), 2026-07-13 (+7.60%), 2026-08-06 (+4.52%), 2026-08-17 (+4.09%), 2026-08-26 (+5.15%), 2026-09-23 (+4.74%)",2026-09-28 (-4.35%),"2026-09-07 (-4.20%), 2026-09-15 (-4.47%), 2026-09-28 (-4.35%)","2026-08-31 (-4.93%), 2026-09-07 (-4.20%), 2026-09-15 (-4.47%), 2026-09-28 (-4.35%)",-1.22,-8.58,-7.18
DWARKESH,Process Industries,Agricultural Commodities/Milling,0,0,1,1,1,6,0,3,5,-,-,2026-08-20 #6 (+14.71%),2026-09-25 (+10.48%),2026-09-25 (+10.48%),"2026-08-03 (+5.29%), 2026-08-04 (+5.79%), 2026-08-17 (+4.63%), 2026-08-19 (+8.15%), 2026-08-20 (+14.71%), 2026-09-25 (+10.48%)",-,"2026-09-01 (-6.26%), 2026-09-04 (-4.08%), 2026-09-15 (-6.75%)","2026-07-29 (-8.26%), 2026-08-27 (-4.78%), 2026-09-01 (-6.26%), 2026-09-04 (-4.08%), 2026-09-15 (-6.75%)",3.96,-17.34,-1.25
BAFNAPH,Health Technology,Pharmaceuticals: Major,0,0,1,0,0,5,0,0,0,-,-,2026-08-25 #37 (+4.99%),-,-,"2026-08-24 (+4.99%), 2026-08-25 (+4.99%), 2026-08-26 (+5.00%), 2026-08-28 (+4.90%), 2026-08-31 (+4.52%)",-,-,-,10.37,25.09,61.59
20MICRONS,Process Industries,Chemicals: Specialty,0,0,1,0,1,5,0,0,1,-,-,2026-08-26 #33 (+6.16%),-,2026-09-21 (+5.68%),"2026-08-14 (+4.27%), 2026-08-20 (+4.04%), 2026-08-24 (+4.44%), 2026-08-26 (+6.16%), 2026-09-21 (+5.68%)",-,-,2026-07-06 (-4.06%),-1.69,-2.4,5.46
GYFTR,Finance,Investment Banks/Brokers,0,0,1,0,1,5,0,1,2,-,-,2026-07-29 #48 (+5.12%),-,2026-09-01 (+4.31%),"2026-07-29 (+5.12%), 2026-08-20 (+4.73%), 2026-08-26 (+4.63%), 2026-08-31 (+4.68%), 2026-09-01 (+4.31%)",-,2026-09-11 (-5.17%),"2026-07-21 (-4.19%), 2026-09-11 (-5.17%)",-7.2,-6.27,
DCW,Process Industries,Chemicals: Specialty,0,0,1,1,4,5,0,1,2,-,-,2026-07-03 #44 (+5.39%),2026-09-23 (+4.16%),"2026-09-02 (+6.80%), 2026-09-07 (+4.37%), 2026-09-22 (+5.61%), 2026-09-23 (+4.16%)","2026-07-03 (+5.39%), 2026-09-02 (+6.80%), 2026-09-07 (+4.37%), 2026-09-22 (+5.61%), 2026-09-23 (+4.16%)",-,2026-09-15 (-4.10%),"2026-08-14 (-4.47%), 2026-09-15 (-4.10%)",-4.25,0.92,-3.87
HEXAGON,Health Technology,Pharmaceuticals: Major,0,0,1,0,1,5,0,1,3,-,-,2026-07-13 #43 (+6.15%),-,2026-09-09 (+5.00%),"2026-07-09 (+4.20%), 2026-07-10 (+4.82%), 2026-07-13 (+6.15%), 2026-08-18 (+5.00%), 2026-09-09 (+5.00%)",-,2026-09-15 (-5.07%),"2026-07-17 (-4.99%), 2026-07-23 (-5.00%), 2026-09-15 (-5.07%)",0.41,-4.43,8.9
SASKEN,Technology Services,Information Technology Services,0,0,1,0,0,5,0,1,4,-,-,2026-08-04 #40 (+5.00%),-,-,"2026-07-10 (+5.00%), 2026-08-03 (+5.00%), 2026-08-04 (+5.00%), 2026-08-11 (+4.19%), 2026-08-21 (+4.00%)",-,2026-09-10 (-4.28%),"2026-07-07 (-4.21%), 2026-07-17 (-4.47%), 2026-07-28 (-4.22%), 2026-09-10 (-4.28%)",-5.51,-12.67,-23.18
GALLANTT,Non-Energy Minerals,Steel,0,0,1,0,0,5,0,0,5,-,-,2026-07-28 #19 (+5.00%),-,-,"2026-07-13 (+5.00%), 2026-07-27 (+5.00%), 2026-07-28 (+5.00%), 2026-07-29 (+4.99%), 2026-07-31 (+5.00%)",-,-,"2026-07-17 (-4.99%), 2026-07-20 (-4.84%), 2026-07-21 (-4.70%), 2026-07-22 (-4.86%), 2026-07-23 (-4.37%)",-1.21,-4.96,-20.71
TCS,Technology Services,Information Technology Services,0,0,1,0,0,4,0,0,0,-,-,2026-07-28 #28 (+4.46%),-,-,"2026-07-13 (+5.44%), 2026-07-28 (+4.46%), 2026-08-03 (+4.57%), 2026-08-28 (+4.16%)",-,-,-,-3.45,-15.29,-1.73
CRAMC,Finance,Investment Managers,0,0,1,0,0,4,0,0,0,-,-,2026-07-22 #17 (+5.79%),-,-,"2026-07-09 (+4.26%), 2026-07-13 (+4.61%), 2026-07-22 (+5.79%), 2026-08-20 (+5.40%)",-,-,-,-1.91,-13.79,-12.59
PATELRMART,Retail Trade,Food Retail,0,0,1,1,1,4,0,0,1,-,-,2026-07-03 #12 (+9.95%),2026-09-29 (+4.70%),2026-09-29 (+4.70%),"2026-07-03 (+9.95%), 2026-08-17 (+4.32%), 2026-08-19 (+4.26%), 2026-09-29 (+4.70%)",-,-,2026-07-07 (-6.52%),4.01,-5.79,-0.63
NAVINFLUOR,Process Industries,Chemicals: Specialty,0,0,1,0,1,4,0,0,1,-,-,2026-08-06 #5 (+13.67%),-,2026-09-18 (+4.50%),"2026-07-09 (+4.43%), 2026-08-06 (+13.67%), 2026-08-26 (+4.19%), 2026-09-18 (+4.50%)",-,-,2026-08-07 (-4.38%),-2.41,-5.08,7.69
INNOVACAP,Health Technology,Pharmaceuticals: Major,0,0,1,1,2,4,0,0,1,-,-,2026-08-11 #44 (+5.47%),2026-09-23 (+5.78%),"2026-09-04 (+4.44%), 2026-09-23 (+5.78%)","2026-08-11 (+5.47%), 2026-08-20 (+4.28%), 2026-09-04 (+4.44%), 2026-09-23 (+5.78%)",-,-,2026-07-17 (-4.81%),3.63,17.91,29.7
GULFOILLUB,Process Industries,Industrial Specialties,0,0,1,1,1,4,0,1,1,-,-,2026-07-23 #21 (+5.43%),2026-09-23 (+4.55%),2026-09-23 (+4.55%),"2026-07-23 (+5.43%), 2026-08-03 (+4.28%), 2026-08-04 (+4.05%), 2026-09-23 (+4.55%)",-,2026-09-04 (-4.02%),2026-09-04 (-4.02%),5.22,-1.43,5.61
AMNPLST,Process Industries,Chemicals: Specialty,0,0,1,0,1,4,0,0,1,-,-,2026-07-09 #37 (+6.83%),-,2026-09-18 (+5.22%),"2026-07-09 (+6.83%), 2026-07-29 (+4.21%), 2026-08-21 (+4.37%), 2026-09-18 (+5.22%)",-,-,2026-07-20 (-4.10%),0.31,-6.12,-11.25
SIGMA,Technology Services,Packaged Software,0,0,1,0,0,4,0,0,2,-,-,2026-07-31 #3 (+13.83%),-,-,"2026-07-29 (+19.95%), 2026-07-30 (+7.24%), 2026-07-31 (+13.83%), 2026-08-21 (+4.04%)",-,-,"2026-08-03 (-8.62%), 2026-08-04 (-4.28%)",-5.51,-9.2,14.32
NAHARPOLY,Process Industries,Textiles,0,0,1,0,1,4,0,0,2,-,-,2026-07-22 #35 (+4.24%),-,2026-09-22 (+4.22%),"2026-07-20 (+4.47%), 2026-07-22 (+4.24%), 2026-08-10 (+4.43%), 2026-09-22 (+4.22%)",-,-,"2026-07-28 (-4.81%), 2026-08-06 (-12.25%)",-1.1,-5.53,-9.47
INDOTECH,Producer Manufacturing,Electrical Products,0,0,1,0,0,4,0,1,2,-,-,2026-08-06 #48 (+5.00%),-,-,"2026-07-10 (+5.00%), 2026-08-06 (+5.00%), 2026-08-18 (+5.00%), 2026-08-21 (+4.69%)",-,2026-09-15 (-4.14%),"2026-08-12 (-5.00%), 2026-09-15 (-4.14%)",-2.83,-13.96,-0.84
INDIQUBE,Finance,Real Estate Development,0,0,1,0,0,4,0,1,2,-,-,2026-07-21 #42 (+5.18%),-,-,"2026-07-10 (+4.15%), 2026-07-21 (+5.18%), 2026-08-06 (+4.63%), 2026-08-18 (+4.75%)",-,2026-09-18 (-4.74%),"2026-07-30 (-5.12%), 2026-09-18 (-4.74%)",4.35,1.97,18.22
GULPOLY,Consumer Non-Durables,Food: Specialty/Candy,0,0,1,0,0,4,0,0,2,-,-,2026-07-24 #50 (+4.58%),-,-,"2026-07-24 (+4.58%), 2026-07-29 (+4.79%), 2026-08-05 (+4.51%), 2026-08-20 (+5.35%)",-,-,"2026-07-28 (-4.37%), 2026-08-12 (-4.18%)",-4.59,-13.32,-12.71
BHEL,Producer Manufacturing,Electrical Products,0,0,1,0,1,4,0,1,2,-,-,2026-08-27 #41 (+4.44%),-,2026-09-17 (+4.53%),"2026-07-16 (+4.18%), 2026-08-12 (+4.22%), 2026-08-27 (+4.44%), 2026-09-17 (+4.53%)",-,2026-09-15 (-4.21%),"2026-07-03 (-4.57%), 2026-09-15 (-4.21%)",-2.92,-6.62,2.84
POWERINDIA,Electronic Technology,Electronic Equipment/Instruments,0,0,1,0,1,4,0,0,3,-,-,2026-08-10 #13 (+10.58%),-,2026-09-18 (+4.71%),"2026-07-06 (+4.25%), 2026-07-15 (+4.59%), 2026-08-10 (+10.58%), 2026-09-18 (+4.71%)",-,-,"2026-07-03 (-8.10%), 2026-07-17 (-4.38%), 2026-08-19 (-4.18%)",-2.16,-8.96,-9.0
APCOTEXIND,Process Industries,Chemicals: Specialty,0,0,1,0,0,4,0,1,3,-,-,2026-07-29 #3 (+15.31%),-,-,"2026-07-20 (+4.35%), 2026-07-27 (+4.89%), 2026-07-29 (+15.31%), 2026-08-18 (+4.48%)",-,2026-09-15 (-4.07%),"2026-07-30 (-6.48%), 2026-07-31 (-4.09%), 2026-09-15 (-4.07%)",-2.3,-7.87,13.83
PARAS,Electronic Technology,Aerospace & Defense,0,0,1,0,1,4,0,1,4,-,-,2026-08-18 #9 (+10.00%),-,2026-09-07 (+5.27%),"2026-07-06 (+4.98%), 2026-08-13 (+4.80%), 2026-08-18 (+10.00%), 2026-09-07 (+5.27%)",-,2026-09-15 (-6.71%),"2026-07-07 (-4.70%), 2026-07-09 (-4.67%), 2026-08-25 (-4.92%), 2026-09-15 (-6.71%)",-3.67,-7.53,-1.4
WEBELSOLAR,Electronic Technology,Semiconductors,0,0,1,0,2,4,0,1,5,-,-,2026-07-17 #20 (+4.99%),-,"2026-09-03 (+4.70%), 2026-09-09 (+4.47%)","2026-07-17 (+4.99%), 2026-08-18 (+4.99%), 2026-09-03 (+4.70%), 2026-09-09 (+4.47%)",-,2026-09-15 (-4.07%),"2026-07-08 (-4.39%), 2026-08-11 (-5.00%), 2026-08-12 (-4.99%), 2026-08-19 (-4.84%), 2026-09-15 (-4.07%)",-1.64,-7.65,-33.33
GOCOLORS,Consumer Non-Durables,Apparel/Footwear,0,0,1,0,0,4,0,1,5,-,-,2026-07-30 #9 (+6.19%),-,-,"2026-07-10 (+5.08%), 2026-07-30 (+6.19%), 2026-08-17 (+5.05%), 2026-08-21 (+4.44%)",-,2026-09-15 (-6.11%),"2026-07-08 (-4.75%), 2026-07-23 (-4.78%), 2026-07-28 (-4.78%), 2026-07-31 (-4.65%), 2026-09-15 (-6.11%)",-1.17,-7.18,-15.47
SHRIPISTON,Producer Manufacturing,Auto Parts: OEM,0,0,1,1,2,3,0,0,0,-,-,2026-07-21 #33 (+5.70%),2026-09-25 (+4.86%),"2026-09-18 (+4.36%), 2026-09-25 (+4.86%)","2026-07-21 (+5.70%), 2026-09-18 (+4.36%), 2026-09-25 (+4.86%)",-,-,-,5.24,3.04,10.28
MANGLMCEM,Non-Energy Minerals,Construction Materials,0,0,1,0,1,3,0,0,0,-,-,2026-08-20 #11 (+9.73%),-,2026-09-17 (+4.69%),"2026-08-20 (+9.73%), 2026-08-21 (+4.70%), 2026-09-17 (+4.69%)",-,-,-,-2.04,-8.02,9.4
LUMAXTECH,Producer Manufacturing,Auto Parts: OEM,0,0,1,0,1,3,0,0,0,-,-,2026-08-11 #2 (+19.45%),-,2026-09-18 (+4.20%),"2026-08-11 (+19.45%), 2026-08-31 (+4.68%), 2026-09-18 (+4.20%)",-,-,-,-4.95,-3.21,32.11
HEALTHX,Retail Trade,Internet Retail,0,0,1,0,0,3,0,0,0,-,-,2026-08-19 #11 (+8.73%),-,-,"2026-07-09 (+4.77%), 2026-07-13 (+4.42%), 2026-08-19 (+8.73%)",-,-,-,-1.5,-5.0,-9.49
EXCELINDUS,Process Industries,Chemicals: Agricultural,0,0,1,0,0,3,0,0,0,-,-,2026-08-19 #2 (+15.03%),-,-,"2026-07-21 (+4.26%), 2026-07-27 (+5.36%), 2026-08-19 (+15.03%)",-,-,-,-2.92,-11.6,2.38
BSOFT,Technology Services,Packaged Software,0,0,1,0,0,3,0,0,0,-,-,2026-07-10 #50 (+5.57%),-,-,"2026-07-10 (+5.57%), 2026-08-03 (+6.32%), 2026-08-28 (+4.50%)",-,-,-,-4.3,-7.62,-4.56
APLAPOLLO,Non-Energy Minerals,Steel,0,0,1,0,2,3,0,0,0,-,-,2026-08-03 #47 (+6.71%),-,"2026-09-04 (+4.20%), 2026-09-18 (+5.66%)","2026-08-03 (+6.71%), 2026-09-04 (+4.20%), 2026-09-18 (+5.66%)",-,-,-,-0.29,-1.57,22.38
VOLTAMP,Producer Manufacturing,Electrical Products,0,0,1,0,1,3,0,1,1,-,-,2026-07-31 #31 (+6.68%),-,2026-09-03 (+4.68%),"2026-07-31 (+6.68%), 2026-08-21 (+5.39%), 2026-09-03 (+4.68%)",-,2026-09-15 (-5.54%),2026-09-15 (-5.54%),-1.14,-2.61,7.78
VMART,Retail Trade,Specialty Stores,0,0,1,0,0,3,0,0,1,-,-,2026-07-20 #43 (+5.21%),-,-,"2026-07-20 (+5.21%), 2026-07-29 (+4.74%), 2026-08-05 (+4.09%)",-,-,2026-07-24 (-4.61%),-4.47,-10.31,-3.8
VIJAYA,Health Services,Medical/Nursing Services,0,0,1,0,1,3,0,0,1,-,-,2026-08-12 #39 (+5.77%),-,2026-09-17 (+4.71%),"2026-08-12 (+5.77%), 2026-08-31 (+4.54%), 2026-09-17 (+4.71%)",-,-,2026-07-17 (-5.04%),-2.7,-2.86,5.52
SOLARINDS,Process Industries,Industrial Specialties,0,0,1,0,1,3,0,1,1,-,-,2026-08-13 #11 (+8.51%),-,2026-09-03 (+4.37%),"2026-07-10 (+4.93%), 2026-08-13 (+8.51%), 2026-09-03 (+4.37%)",-,2026-09-15 (-13.64%),2026-09-15 (-13.64%),-6.23,-7.25,-0.05
SAIPARENT,Health Technology,Pharmaceuticals: Major,0,0,1,0,0,3,0,0,1,-,-,2026-08-07 #36 (+5.28%),-,-,"2026-07-27 (+4.51%), 2026-08-06 (+4.85%), 2026-08-07 (+5.28%)",-,-,2026-08-04 (-4.12%),-0.82,-3.4,-19.45
RATEGAIN,Technology Services,Packaged Software,0,0,1,0,0,3,0,0,1,-,-,2026-08-14 #20 (+6.50%),-,-,"2026-08-03 (+5.12%), 2026-08-14 (+6.50%), 2026-08-21 (+4.91%)",-,-,2026-08-13 (-5.10%),-0.9,-11.49,-12.19
ONWARDTEC,Technology Services,Information Technology Services,0,0,1,0,1,3,0,0,1,-,-,2026-07-21 #21 (+6.88%),-,2026-09-17 (+4.72%),"2026-07-21 (+6.88%), 2026-08-07 (+4.34%), 2026-09-17 (+4.72%)",-,-,2026-07-20 (-4.36%),0.28,0.07,-0.61
KSOLVES,Technology Services,Packaged Software,0,0,1,0,1,3,0,0,1,-,-,2026-07-15 #16 (+7.03%),-,2026-09-01 (+4.85%),"2026-07-13 (+4.48%), 2026-07-15 (+7.03%), 2026-09-01 (+4.85%)",-,-,2026-07-16 (-5.72%),-1.34,-7.79,-13.62
JUBLPHARMA,Health Technology,Pharmaceuticals: Major,0,0,1,0,2,3,0,0,1,-,-,2026-07-15 #32 (+5.54%),-,"2026-09-08 (+4.99%), 2026-09-18 (+5.27%)","2026-07-15 (+5.54%), 2026-09-08 (+4.99%), 2026-09-18 (+5.27%)",-,-,2026-08-12 (-7.71%),-2.12,18.86,7.71
GKSL,Health Services,Hospital/Nursing Management,0,0,1,1,1,3,0,1,1,-,-,2026-08-17 #11 (+10.94%),2026-09-25 (+4.20%),2026-09-25 (+4.20%),"2026-08-17 (+10.94%), 2026-08-28 (+4.12%), 2026-09-25 (+4.20%)",-,2026-09-22 (-4.39%),2026-09-22 (-4.39%),0.41,9.49,34.12
FORCEMOT,Consumer Durables,Motor Vehicles,0,0,1,0,1,3,0,0,1,-,-,2026-08-12 #50 (+5.12%),-,2026-09-10 (+4.72%),"2026-07-15 (+4.37%), 2026-08-12 (+5.12%), 2026-09-10 (+4.72%)",-,-,2026-07-08 (-4.87%),-2.14,-3.54,-12.71
DHARMAJ,Process Industries,Chemicals: Agricultural,0,0,1,1,1,3,1,1,1,-,-,2026-08-10 #35 (+5.84%),2026-09-23 (+6.21%),2026-09-23 (+6.21%),"2026-08-10 (+5.84%), 2026-08-25 (+4.07%), 2026-09-23 (+6.21%)",2026-09-29 (-4.23%),2026-09-29 (-4.23%),2026-09-29 (-4.23%),-1.01,3.07,5.51
ABB,Producer Manufacturing,Electrical Products,0,0,1,0,0,3,1,1,1,-,-,2026-07-16 #17 (+6.43%),-,-,"2026-07-15 (+4.53%), 2026-07-16 (+6.43%), 2026-08-03 (+4.34%)",2026-09-29 (-4.47%),2026-09-29 (-4.47%),2026-09-29 (-4.47%),-6.46,-12.8,-2.92
VIKRAMSOLR,Electronic Technology,Semiconductors,0,0,1,0,0,3,0,0,2,-,-,2026-08-17 #1 (+14.33%),-,-,"2026-07-09 (+5.21%), 2026-07-10 (+5.22%), 2026-08-17 (+14.33%)",-,-,"2026-08-07 (-5.53%), 2026-08-10 (-4.59%)",-1.42,-5.13,-16.62
SOLARWORLD,Industrial Services,Engineering & Construction,0,0,1,0,2,3,0,1,2,-,-,2026-07-03 #4 (+13.02%),-,"2026-09-03 (+4.85%), 2026-09-21 (+5.44%)","2026-07-03 (+13.02%), 2026-09-03 (+4.85%), 2026-09-21 (+5.44%)",-,2026-09-15 (-7.11%),"2026-08-04 (-8.07%), 2026-09-15 (-7.11%)",-7.51,-12.06,-30.42
SJLOGISTIC,Transportation,Airlines,0,0,1,0,0,3,0,0,2,-,-,2026-08-03 #50 (+6.46%),-,-,"2026-08-03 (+6.46%), 2026-08-18 (+5.60%), 2026-08-21 (+4.77%)",-,-,"2026-07-14 (-4.01%), 2026-07-23 (-4.14%)",1.25,-4.45,-4.47
PLATIND,Process Industries,Chemicals: Major Diversified,0,0,1,0,0,3,0,0,2,-,-,2026-07-06 #14 (+8.66%),-,-,"2026-07-06 (+8.66%), 2026-07-27 (+5.45%), 2026-08-27 (+4.12%)",-,-,"2026-07-30 (-4.82%), 2026-08-11 (-5.57%)",-4.8,-12.58,-9.69
PARKHOSPS,Health Services,Hospital/Nursing Management,0,0,1,0,0,3,0,0,2,-,-,2026-07-22 #39 (+4.03%),-,-,"2026-07-09 (+5.93%), 2026-07-22 (+4.03%), 2026-07-31 (+4.78%)",-,-,"2026-07-08 (-4.01%), 2026-07-17 (-5.73%)",-3.38,-3.87,-4.34
LEAPIND,Transportation,Air Freight/Couriers,0,0,1,0,0,3,0,2,2,-,-,2026-08-17 #27 (+7.29%),-,-,"2026-08-17 (+7.29%), 2026-08-20 (+4.36%), 2026-08-28 (+4.10%)",-,"2026-09-01 (-4.98%), 2026-09-15 (-6.74%)","2026-09-01 (-4.98%), 2026-09-15 (-6.74%)",-7.41,-18.1,
IRIS,Technology Services,Data Processing Services,0,0,1,0,1,3,0,0,2,-,-,2026-08-28 #36 (+6.38%),-,2026-09-04 (+4.72%),"2026-07-29 (+4.41%), 2026-08-28 (+6.38%), 2026-09-04 (+4.72%)",-,-,"2026-08-10 (-7.48%), 2026-08-13 (-4.15%)",-2.62,-7.53,-13.82
INOXWIND,Producer Manufacturing,Electrical Products,0,0,1,0,1,3,0,0,2,-,-,2026-08-17 #43 (+6.05%),-,2026-09-03 (+4.83%),"2026-07-31 (+4.21%), 2026-08-17 (+6.05%), 2026-09-03 (+4.83%)",-,-,"2026-08-10 (-5.77%), 2026-08-18 (-4.07%)",-8.22,1.61,-20.52
INA,Electronic Technology,Semiconductors,0,0,1,0,1,3,0,1,2,-,-,2026-07-09 #18 (+9.27%),-,2026-09-18 (+4.94%),"2026-07-09 (+9.27%), 2026-07-10 (+5.37%), 2026-09-18 (+4.94%)",-,2026-09-15 (-6.51%),"2026-08-13 (-8.33%), 2026-09-15 (-6.51%)",-5.33,-4.31,-24.35
EPL,Process Industries,Containers/Packaging,0,0,1,0,1,3,0,1,2,-,-,2026-08-20 #23 (+7.70%),-,2026-09-03 (+4.34%),"2026-08-20 (+7.70%), 2026-08-31 (+4.02%), 2026-09-03 (+4.34%)",-,2026-09-01 (-8.28%),"2026-07-08 (-4.59%), 2026-09-01 (-8.28%)",-1.52,-11.07,0.94
DBREALTY,Finance,Real Estate Development,0,0,1,1,1,3,0,0,2,-,-,2026-08-07 #47 (+4.99%),2026-09-23 (+5.00%),2026-09-23 (+5.00%),"2026-07-13 (+4.51%), 2026-08-07 (+4.99%), 2026-09-23 (+5.00%)",-,-,"2026-07-15 (-4.60%), 2026-08-19 (-4.40%)",1.21,-5.73,-15.26
ARMANFIN,Finance,Finance/Rental/Leasing,0,0,1,0,1,3,1,2,2,-,-,2026-07-13 #24 (+8.43%),-,2026-09-17 (+4.42%),"2026-07-10 (+5.10%), 2026-07-13 (+8.43%), 2026-09-17 (+4.42%)",2026-09-28 (-9.84%),"2026-09-15 (-4.63%), 2026-09-28 (-9.84%)","2026-09-15 (-4.63%), 2026-09-28 (-9.84%)",-13.34,-13.6,-0.52
YOGI,Finance,Real Estate Development,0,0,1,0,2,3,0,3,3,-,-,2026-08-19 #30 (+5.25%),-,"2026-09-03 (+4.42%), 2026-09-09 (+4.44%)","2026-08-19 (+5.25%), 2026-09-03 (+4.42%), 2026-09-09 (+4.44%)",-,"2026-09-02 (-4.85%), 2026-09-08 (-5.02%), 2026-09-10 (-4.06%)","2026-09-02 (-4.85%), 2026-09-08 (-5.02%), 2026-09-10 (-4.06%)",-2.69,-5.28,
SATIN,Finance,Finance/Rental/Leasing,0,0,1,1,1,3,0,0,3,-,-,2026-07-24 #40 (+4.92%),2026-09-25 (+4.64%),2026-09-25 (+4.64%),"2026-07-13 (+4.09%), 2026-07-24 (+4.92%), 2026-09-25 (+4.64%)",-,-,"2026-07-08 (-5.48%), 2026-07-17 (-4.16%), 2026-07-31 (-6.84%)",6.49,6.89,-5.54
NATIONALUM,Non-Energy Minerals,Aluminum,0,0,1,0,0,3,0,0,3,-,-,2026-08-12 #12 (+8.25%),-,-,"2026-07-03 (+4.62%), 2026-08-03 (+5.41%), 2026-08-12 (+8.25%)",-,-,"2026-07-17 (-4.10%), 2026-08-13 (-4.64%), 2026-08-14 (-6.12%)",-1.58,-9.13,4.33
MALLCOM,Consumer Non-Durables,Apparel/Footwear,0,0,1,0,0,3,0,2,3,-,-,2026-08-25 #40 (+4.91%),-,-,"2026-07-09 (+4.16%), 2026-07-13 (+4.15%), 2026-08-25 (+4.91%)",-,"2026-09-07 (-4.01%), 2026-09-15 (-4.22%)","2026-07-31 (-4.78%), 2026-09-07 (-4.01%), 2026-09-15 (-4.22%)",-1.27,-6.04,-8.14
JPOLYINVST,Finance,Investment Managers,0,0,1,1,1,3,1,1,3,-,-,2026-08-28 #38 (+6.10%),2026-09-29 (+4.22%),2026-09-29 (+4.22%),"2026-08-26 (+4.05%), 2026-08-28 (+6.10%), 2026-09-29 (+4.22%)",2026-09-28 (-4.76%),2026-09-28 (-4.76%),"2026-07-23 (-4.24%), 2026-08-14 (-4.89%), 2026-09-28 (-4.76%)",-2.34,-7.32,-16.11
CMLL,Energy Minerals,Coal,0,0,1,0,0,3,0,0,3,-,-,2026-07-27 #12 (+8.02%),-,-,"2026-07-27 (+8.02%), 2026-07-31 (+5.03%), 2026-08-21 (+4.48%)",-,-,"2026-07-30 (-5.67%), 2026-08-10 (-4.50%), 2026-08-12 (-6.60%)",10.59,7.64,
CEIGALL,Industrial Services,Engineering & Construction,0,0,1,0,1,3,0,1,3,-,-,2026-07-07 #11 (+5.78%),-,2026-09-07 (+4.08%),"2026-07-07 (+5.78%), 2026-08-26 (+4.16%), 2026-09-07 (+4.08%)",-,2026-09-18 (-4.17%),"2026-07-03 (-5.55%), 2026-08-10 (-4.06%), 2026-09-18 (-4.17%)",0.09,10.6,-2.06
5PAISA,Finance,Investment Banks/Brokers,0,0,1,0,0,3,0,1,3,-,-,2026-07-14 #36 (+3.84%),-,-,"2026-08-05 (+4.62%), 2026-08-10 (+4.58%), 2026-08-19 (+4.46%)",-,2026-09-15 (-4.09%),"2026-07-17 (-5.05%), 2026-07-28 (-4.40%), 2026-09-15 (-4.09%)",-3.3,-14.5,-20.87
PANACEABIO,Health Technology,Pharmaceuticals: Major,0,0,1,0,0,3,0,1,5,-,-,2026-07-16 #35 (+4.77%),-,-,"2026-07-09 (+5.26%), 2026-07-16 (+4.77%), 2026-08-17 (+4.21%)",-,2026-09-15 (-5.51%),"2026-07-21 (-9.99%), 2026-07-22 (-6.49%), 2026-07-28 (-4.32%), 2026-08-14 (-4.29%), 2026-09-15 (-5.51%)",-1.93,-3.06,-31.55
CEINSYS,Industrial Services,Engineering & Construction,0,0,1,0,2,3,0,1,5,-,-,2026-08-13 #37 (+6.20%),-,"2026-09-07 (+4.56%), 2026-09-21 (+5.08%)","2026-08-13 (+6.20%), 2026-09-07 (+4.56%), 2026-09-21 (+5.08%)",-,2026-09-15 (-4.30%),"2026-08-11 (-5.51%), 2026-08-12 (-5.96%), 2026-08-17 (-4.29%), 2026-08-24 (-4.98%), 2026-09-15 (-4.30%)",-2.8,-4.02,-26.25
SPMLINFRA,Industrial Services,Engineering & Construction,0,0,1,0,1,2,0,0,0,-,-,2026-07-15 #24 (+6.05%),-,2026-09-04 (+4.67%),"2026-07-15 (+6.05%), 2026-09-04 (+4.67%)",-,-,-,-2.63,-10.71,-18.35
SOMANYCERA,Producer Manufacturing,Building Products,0,0,1,0,0,2,0,0,0,-,-,2026-08-24 #35 (+6.14%),-,-,"2026-08-03 (+4.12%), 2026-08-24 (+6.14%)",-,-,-,3.21,10.15,14.6
SINCLAIR,Consumer Services,Hotels/Resorts/Cruise lines,0,0,1,0,1,2,0,0,0,-,-,2026-08-27 #13 (+6.76%),-,2026-09-18 (+5.63%),"2026-08-27 (+6.76%), 2026-09-18 (+5.63%)",-,-,-,-5.33,-5.01,1.26
SHYAMMETL,Producer Manufacturing,Metal Fabrication,0,0,1,0,0,2,0,0,0,-,-,2026-08-28 #47 (+5.51%),-,-,"2026-07-13 (+5.56%), 2026-08-28 (+5.51%)",-,-,-,-1.84,-1.78,11.6
PNB,Finance,Major Banks,0,0,1,0,0,2,0,0,0,-,-,2026-07-20 #36 (+5.66%),-,-,"2026-07-20 (+5.66%), 2026-08-12 (+4.34%)",-,-,-,-4.49,-2.17,4.53
PIXTRANS,Producer Manufacturing,Miscellaneous Manufacturing,0,0,1,0,0,2,0,0,0,-,-,2026-08-10 #5 (+15.68%),-,-,"2026-07-15 (+4.06%), 2026-08-10 (+15.68%)",-,-,-,-0.28,-4.98,-5.82
MAHLOG,Transportation,Air Freight/Couriers,0,0,1,1,1,2,0,0,0,-,-,2026-07-24 #15 (+6.25%),2026-09-23 (+4.06%),2026-09-23 (+4.06%),"2026-07-24 (+6.25%), 2026-09-23 (+4.06%)",-,-,-,6.35,8.75,10.17
MADRASFERT,Process Industries,Chemicals: Agricultural,0,0,1,0,0,2,0,0,0,-,-,2026-08-25 #17 (+6.32%),-,-,"2026-07-15 (+4.37%), 2026-08-25 (+6.32%)",-,-,-,-4.56,-13.17,-14.97
MAANALU,Non-Energy Minerals,Aluminum,0,0,1,0,0,2,0,0,0,-,-,2026-07-29 #14 (+7.76%),-,-,"2026-07-29 (+7.76%), 2026-07-31 (+4.92%)",-,-,-,-4.0,-17.98,-20.03
LGEINDIA,Consumer Durables,Electronics/Appliances,0,0,1,0,0,2,0,0,0,-,-,2026-08-14 #10 (+9.59%),-,-,"2026-08-03 (+5.32%), 2026-08-14 (+9.59%)",-,-,-,4.54,2.44,10.93
KARURVYSYA,Finance,Regional Banks,0,0,1,0,0,2,0,0,0,-,-,2026-07-21 #5 (+13.06%),-,-,"2026-07-06 (+4.23%), 2026-07-21 (+13.06%)",-,-,-,-0.62,-8.47,8.23
KANSAINER,Process Industries,Industrial Specialties,0,0,1,0,0,2,0,0,0,-,-,2026-08-05 #48 (+5.76%),-,-,"2026-07-27 (+5.53%), 2026-08-05 (+5.76%)",-,-,-,0.19,-5.95,-14.69
IREDA,Finance,Finance/Rental/Leasing,0,0,1,0,1,2,0,0,0,-,-,2026-08-25 #48 (+4.51%),-,2026-09-18 (+4.89%),"2026-08-25 (+4.51%), 2026-09-18 (+4.89%)",-,-,-,0.68,-4.72,-13.67
IPCALAB,Health Technology,Pharmaceuticals: Major,0,0,1,0,0,2,0,0,0,-,-,2026-08-17 #16 (+8.67%),-,-,"2026-08-05 (+4.15%), 2026-08-17 (+8.67%)",-,-,-,-2.73,-1.86,12.72
INDGN,Health Technology,Pharmaceuticals: Major,0,0,1,0,0,2,0,0,0,-,-,2026-08-31 #33 (+5.65%),-,-,"2026-08-03 (+5.84%), 2026-08-31 (+5.65%)",-,-,-,2.2,-1.06,17.63
IGIL,Commercial Services,Miscellaneous Commercial Services,0,0,1,0,1,2,0,0,0,-,-,2026-07-29 #39 (+5.55%),-,2026-09-18 (+5.10%),"2026-07-29 (+5.55%), 2026-09-18 (+5.10%)",-,-,-,-0.81,-4.88,-10.25
IFBIND,Consumer Durables,Electronics/Appliances,0,0,1,0,0,2,0,0,0,-,-,2026-07-10 #24 (+7.86%),-,-,"2026-07-10 (+7.86%), 2026-08-05 (+5.37%)",-,-,-,-1.0,-9.79,-6.92
HONAUT,Electronic Technology,Electronic Equipment/Instruments,0,0,1,0,1,2,0,0,0,-,-,2026-07-29 #21 (+6.92%),-,2026-09-18 (+4.51%),"2026-07-29 (+6.92%), 2026-09-18 (+4.51%)",-,-,-,-0.13,-7.25,-14.31
GOKULAGRO,Process Industries,Agricultural Commodities/Milling,0,0,1,0,0,2,0,0,0,-,-,2026-07-29 #34 (+5.89%),-,-,"2026-07-29 (+5.89%), 2026-08-12 (+4.68%)",-,-,-,-2.68,-11.83,1.71
GARFIBRES,Process Industries,Textiles,0,0,1,0,0,2,0,0,0,-,-,2026-08-06 #42 (+5.20%),-,-,"2026-08-06 (+5.20%), 2026-08-21 (+5.57%)",-,-,-,-5.82,-7.37,4.32
FACT,Process Industries,Chemicals: Agricultural,0,0,1,0,1,2,0,0,0,-,-,2026-08-25 #2 (+11.71%),-,2026-09-21 (+4.91%),"2026-08-25 (+11.71%), 2026-09-21 (+4.91%)",-,-,-,-5.17,-7.8,-13.67
ELGIEQUIP,Producer Manufacturing,Industrial Machinery,0,0,1,0,0,2,0,0,0,-,-,2026-08-14 #27 (+5.72%),-,-,"2026-08-14 (+5.72%), 2026-08-28 (+4.94%)",-,-,-,-2.32,-5.18,0.14
DIAMONDYD,Consumer Non-Durables,Food: Specialty/Candy,0,0,1,0,0,2,0,0,0,-,-,2026-08-07 #38 (+5.25%),-,-,"2026-07-29 (+4.95%), 2026-08-07 (+5.25%)",-,-,-,-3.6,-9.61,-7.05
CHEVIOT,Process Industries,Textiles,0,0,1,0,1,2,0,0,0,-,-,2026-08-05 #22 (+8.05%),-,2026-09-07 (+4.98%),"2026-08-05 (+8.05%), 2026-09-07 (+4.98%)",-,-,-,0.48,3.01,5.26
BSHSL,Process Industries,Chemicals: Agricultural,0,0,1,0,1,2,0,0,0,-,-,2026-08-07 #45 (+5.00%),-,2026-09-17 (+4.09%),"2026-08-07 (+5.00%), 2026-09-17 (+4.09%)",-,-,-,0.3,-6.48,-2.66
ATUL,Process Industries,Chemicals: Agricultural,0,0,1,0,0,2,0,0,0,-,-,2026-07-27 #38 (+5.96%),-,-,"2026-07-24 (+4.53%), 2026-07-27 (+5.96%)",-,-,-,-3.14,-6.41,-7.53
ASHOKA,Industrial Services,Engineering & Construction,0,0,1,0,1,2,0,0,0,-,-,2026-08-31 #23 (+6.78%),-,2026-09-18 (+4.26%),"2026-08-31 (+6.78%), 2026-09-18 (+4.26%)",-,-,-,-3.06,-9.78,-18.01
ARE&M,Producer Manufacturing,Electrical Products,0,0,1,0,0,2,0,0,0,-,-,2026-08-11 #22 (+8.08%),-,-,"2026-07-09 (+4.12%), 2026-08-11 (+8.08%)",-,-,-,-3.39,-14.15,-11.18
ANTHEM,Health Technology,Biotechnology,0,0,1,0,0,2,0,0,0,-,-,2026-08-26 #43 (+5.53%),-,-,"2026-08-11 (+4.53%), 2026-08-26 (+5.53%)",-,-,-,-2.46,-2.61,12.61
ANGELONE,Finance,Investment Banks/Brokers,0,0,1,0,1,2,0,0,0,-,-,2026-08-25 #27 (+5.21%),-,2026-09-04 (+4.83%),"2026-08-25 (+5.21%), 2026-09-04 (+4.83%)",-,-,-,-7.32,-4.67,-20.99
ZUARIIND,Process Industries,Agricultural Commodities/Milling,0,0,1,0,0,2,1,1,1,-,-,2026-08-20 #17 (+8.79%),-,-,"2026-07-29 (+4.00%), 2026-08-20 (+8.79%)",2026-09-28 (-4.60%),2026-09-28 (-4.60%),2026-09-28 (-4.60%),2.45,3.74,7.39
WEWORK,Finance,Real Estate Development,0,0,1,0,0,2,0,0,1,-,-,2026-07-21 #34 (+5.64%),-,-,"2026-07-21 (+5.64%), 2026-07-31 (+4.63%)",-,-,2026-07-17 (-6.88%),-0.6,-2.56,-10.11
VISHNU,Process Industries,Chemicals: Specialty,0,0,1,0,1,2,0,1,1,-,-,2026-07-20 #35 (+5.67%),-,2026-09-03 (+4.38%),"2026-07-20 (+5.67%), 2026-09-03 (+4.38%)",-,2026-09-15 (-4.36%),2026-09-15 (-4.36%),-6.52,3.34,7.28
SANDESH,Consumer Services,Publishing: Newspapers,0,0,1,0,0,2,0,0,1,-,-,2026-08-06 #1 (+20.00%),-,-,"2026-08-06 (+20.00%), 2026-08-31 (+4.08%)",-,-,2026-08-07 (-4.49%),-0.88,-2.01,4.79
RITES,Commercial Services,Miscellaneous Commercial Services,0,0,1,0,0,2,0,0,1,-,-,2026-07-07 #7 (+8.92%),-,-,"2026-07-07 (+8.92%), 2026-08-05 (+5.19%)",-,-,2026-07-08 (-5.22%),-5.55,-11.96,-14.5
PRSMJOHNSN,Non-Energy Minerals,Construction Materials,0,0,1,0,0,2,1,1,1,-,-,2026-08-19 #39 (+5.03%),-,-,"2026-08-19 (+5.03%), 2026-08-26 (+4.01%)",2026-09-29 (-5.11%),2026-09-29 (-5.11%),2026-09-29 (-5.11%),-5.87,-1.75,-5.74
POLYMED,Health Technology,Medical Specialties,0,0,1,0,0,2,1,1,1,-,-,2026-08-11 #50 (+5.16%),-,-,"2026-08-10 (+4.64%), 2026-08-11 (+5.16%)",2026-09-28 (-5.09%),2026-09-28 (-5.09%),2026-09-28 (-5.09%),-3.2,-6.53,-5.06
MUNJALSHOW,Producer Manufacturing,Auto Parts: OEM,0,0,1,0,0,2,0,0,1,-,-,2026-08-13 #40 (+5.81%),-,-,"2026-08-03 (+4.46%), 2026-08-13 (+5.81%)",-,-,2026-08-05 (-4.94%),-5.25,-3.12,-3.51
MMTC,Distribution Services,Wholesale Distributors,0,0,1,0,0,2,1,1,1,-,-,2026-08-20 #34 (+6.63%),-,-,"2026-07-31 (+4.28%), 2026-08-20 (+6.63%)",2026-09-24 (-4.13%),2026-09-24 (-4.13%),2026-09-24 (-4.13%),-4.88,-8.97,-16.22
KNRCON,Industrial Services,Engineering & Construction,0,0,1,0,1,2,0,0,1,-,-,2026-08-06 #37 (+5.56%),-,2026-09-04 (+4.52%),"2026-08-06 (+5.56%), 2026-09-04 (+4.52%)",-,-,2026-08-11 (-4.10%),-0.59,-1.53,-9.69
GARUDA,Industrial Services,Engineering & Construction,0,0,1,0,1,2,0,0,1,-,-,2026-08-10 #22 (+7.76%),-,2026-09-01 (+4.80%),"2026-08-10 (+7.76%), 2026-09-01 (+4.80%)",-,-,2026-08-27 (-4.20%),-2.75,0.78,-1.06
FIEMIND,Producer Manufacturing,Auto Parts: OEM,0,0,1,0,0,2,0,0,1,-,-,2026-08-05 #25 (+7.46%),-,-,"2026-08-05 (+7.46%), 2026-08-07 (+4.07%)",-,-,2026-08-13 (-8.83%),0.76,-5.65,-15.06
EUROPRATIK,Producer Manufacturing,Office Equipment/Supplies,0,0,1,0,0,2,0,0,1,-,-,2026-08-04 #31 (+5.34%),-,-,"2026-07-27 (+4.29%), 2026-08-04 (+5.34%)",-,-,2026-08-11 (-6.24%),-7.51,-23.38,-33.24
CRAFTSMAN,Producer Manufacturing,Trucks/Construction/Farm Machinery,0,0,1,0,0,2,0,1,1,-,-,2026-07-29 #24 (+6.71%),-,-,"2026-07-29 (+6.71%), 2026-08-03 (+4.71%)",-,2026-09-15 (-4.88%),2026-09-15 (-4.88%),-0.91,-6.19,13.26
COHANCE,Health Technology,Pharmaceuticals: Major,0,0,1,0,1,2,0,0,1,-,-,2026-08-20 #41 (+6.42%),-,2026-09-21 (+5.13%),"2026-08-20 (+6.42%), 2026-09-21 (+5.13%)",-,-,2026-08-12 (-4.22%),1.14,0.43,1.17
BEML,Producer Manufacturing,Trucks/Construction/Farm Machinery,0,0,1,0,1,2,0,1,1,-,-,2026-08-10 #49 (+5.40%),-,2026-09-18 (+6.04%),"2026-08-10 (+5.40%), 2026-09-18 (+6.04%)",-,2026-09-15 (-4.16%),2026-09-15 (-4.16%),-6.21,1.58,5.33
PUNJABCHEM,Process Industries,Chemicals: Agricultural,0,0,1,0,0,2,0,0,2,-,-,2026-07-30 #24 (+4.76%),-,-,"2026-07-13 (+4.62%), 2026-07-30 (+4.76%)",-,-,"2026-07-31 (-5.13%), 2026-08-24 (-4.60%)",-2.85,-7.39,-7.72
PSPPROJECT,Industrial Services,Engineering & Construction,0,0,1,0,0,2,0,0,2,-,-,2026-07-06 #25 (+7.14%),-,-,"2026-07-06 (+7.14%), 2026-07-24 (+4.44%)",-,-,"2026-07-23 (-6.51%), 2026-07-30 (-7.09%)",-5.56,-10.73,-24.34
PPLPHARMA,Health Technology,Pharmaceuticals: Major,0,0,1,0,0,2,0,0,2,-,-,2026-07-27 #39 (+5.95%),-,-,"2026-07-03 (+4.55%), 2026-07-27 (+5.95%)",-,-,"2026-07-08 (-4.06%), 2026-07-22 (-4.17%)",-0.5,-2.49,24.23
NIITLTD,Commercial Services,Miscellaneous Commercial Services,0,0,1,0,1,2,0,1,2,-,-,2026-08-24 #39 (+5.85%),-,2026-09-18 (+4.88%),"2026-08-24 (+5.85%), 2026-09-18 (+4.88%)",-,2026-09-15 (-5.59%),"2026-07-07 (-6.58%), 2026-09-15 (-5.59%)",-3.52,-14.86,-17.44
NEPHROPLUS,Health Services,Medical/Nursing Services,0,0,1,0,1,2,1,1,2,-,-,2026-07-22 #12 (+7.37%),-,2026-09-08 (+4.68%),"2026-07-22 (+7.37%), 2026-09-08 (+4.68%)",2026-09-24 (-4.37%),2026-09-24 (-4.37%),"2026-08-12 (-4.65%), 2026-09-24 (-4.37%)",-11.48,-2.86,-1.71
KEI,Producer Manufacturing,Electrical Products,0,0,1,0,0,2,0,2,2,-,-,2026-08-04 #13 (+9.49%),-,-,"2026-07-31 (+4.16%), 2026-08-04 (+9.49%)",-,"2026-09-01 (-6.83%), 2026-09-04 (-8.95%)","2026-09-01 (-6.83%), 2026-09-04 (-8.95%)",-2.49,-22.29,-15.46
IXIGO,Technology Services,Internet Software/Services,0,0,1,0,0,2,0,0,2,-,-,2026-07-27 #33 (+6.17%),-,-,"2026-07-27 (+6.17%), 2026-08-05 (+4.39%)",-,-,"2026-07-08 (-6.16%), 2026-08-07 (-13.04%)",-1.86,-1.71,-26.18
HONASA,Retail Trade,Specialty Stores,0,0,1,0,1,2,1,1,2,-,-,2026-08-14 #44 (+4.87%),-,2026-09-18 (+4.23%),"2026-08-14 (+4.87%), 2026-09-18 (+4.23%)",2026-09-29 (-5.24%),2026-09-29 (-5.24%),"2026-08-17 (-4.21%), 2026-09-29 (-5.24%)",-6.76,-6.16,-5.33
GENUSPOWER,Electronic Technology,Electronic Equipment/Instruments,0,0,1,0,0,2,0,1,2,-,-,2026-08-20 #19 (+8.07%),-,-,"2026-08-20 (+8.07%), 2026-08-28 (+5.27%)",-,2026-09-15 (-5.14%),"2026-08-31 (-4.15%), 2026-09-15 (-5.14%)",-5.11,-12.4,-6.32
ENRIN,Producer Manufacturing,Electrical Products,0,0,1,0,0,2,0,1,2,-,-,2026-08-07 #5 (+12.19%),-,-,"2026-07-06 (+4.23%), 2026-08-07 (+12.19%)",-,2026-09-15 (-4.80%),"2026-07-03 (-7.55%), 2026-09-15 (-4.80%)",-1.11,-0.95,-9.87
DSSL,Technology Services,Information Technology Services,0,0,1,0,1,2,0,0,2,-,-,2026-07-24 #38 (+4.99%),-,2026-09-04 (+5.00%),"2026-07-24 (+4.99%), 2026-09-04 (+5.00%)",-,-,"2026-07-08 (-4.45%), 2026-08-14 (-4.99%)",-2.86,-7.19,-23.79
AZADIND,Non-Energy Minerals,Steel,0,0,1,0,1,2,1,2,2,-,-,2026-08-27 #10 (+7.52%),-,2026-09-22 (+4.09%),"2026-08-27 (+7.52%), 2026-09-22 (+4.09%)",2026-09-28 (-5.43%),"2026-09-21 (-8.30%), 2026-09-28 (-5.43%)","2026-09-21 (-8.30%), 2026-09-28 (-5.43%)",2.78,-13.78,
VIYASH,Health Technology,Pharmaceuticals: Major,0,0,1,0,0,2,0,1,3,-,-,2026-08-19 #16 (+6.45%),-,-,"2026-08-03 (+4.64%), 2026-08-19 (+6.45%)",-,2026-09-15 (-4.15%),"2026-08-11 (-4.46%), 2026-08-26 (-5.37%), 2026-09-15 (-4.15%)",-5.35,-9.69,-18.6
RELAXO,Consumer Non-Durables,Apparel/Footwear,0,0,1,0,0,2,0,1,3,-,-,2026-07-17 #1 (+19.99%),-,-,"2026-07-17 (+19.99%), 2026-07-29 (+4.38%)",-,2026-09-18 (-7.16%),"2026-07-21 (-5.97%), 2026-08-14 (-5.53%), 2026-09-18 (-7.16%)",-0.39,-18.54,-28.1
PCBL,Process Industries,Industrial Specialties,0,0,1,0,0,2,0,1,3,-,-,2026-07-29 #4 (+14.86%),-,-,"2026-07-13 (+4.52%), 2026-07-29 (+14.86%)",-,2026-09-15 (-5.14%),"2026-07-08 (-5.65%), 2026-07-30 (-10.31%), 2026-09-15 (-5.14%)",-4.97,4.23,3.78
MBEL,Producer Manufacturing,Building Products,0,0,1,0,0,2,0,0,3,-,-,2026-07-13 #47 (+5.66%),-,-,"2026-07-13 (+5.66%), 2026-08-17 (+4.77%)",-,-,"2026-07-08 (-4.36%), 2026-07-22 (-4.70%), 2026-08-10 (-10.32%)",-2.99,-5.89,-23.42
MANAPPURAM,Finance,Finance/Rental/Leasing,0,0,1,0,0,2,1,2,3,-,-,2026-07-06 #40 (+5.45%),-,-,"2026-07-06 (+5.45%), 2026-07-21 (+4.35%)",2026-09-28 (-6.29%),"2026-09-07 (-4.15%), 2026-09-28 (-6.29%)","2026-08-27 (-4.76%), 2026-09-07 (-4.15%), 2026-09-28 (-6.29%)",-0.89,-6.95,-2.06
INOXGREEN,Utilities,Alternative Power Generation,0,0,1,0,1,2,0,0,3,-,-,2026-07-20 #47 (+5.02%),-,2026-09-03 (+4.12%),"2026-07-20 (+5.02%), 2026-09-03 (+4.12%)",-,-,"2026-07-08 (-4.28%), 2026-07-29 (-6.23%), 2026-08-31 (-4.24%)",-4.35,-1.74,-18.03
ICEMAKE,Producer Manufacturing,Industrial Machinery,0,0,1,0,0,2,0,1,3,-,-,2026-07-22 #27 (+4.79%),-,-,"2026-07-20 (+4.56%), 2026-07-22 (+4.79%)",-,2026-09-15 (-4.73%),"2026-07-29 (-5.59%), 2026-08-14 (-7.37%), 2026-09-15 (-4.73%)",-9.7,-14.62,-20.32
ELECTHERM,Non-Energy Minerals,Steel,0,0,1,0,0,2,1,1,3,-,-,2026-07-03 #10 (+10.00%),-,-,"2026-07-03 (+10.00%), 2026-08-18 (+5.06%)",2026-09-28 (-7.64%),2026-09-28 (-7.64%),"2026-07-07 (-5.39%), 2026-07-08 (-4.58%), 2026-09-28 (-7.64%)",-13.89,-23.4,-29.27
DHABRIYA,Producer Manufacturing,Miscellaneous Manufacturing,0,0,1,0,1,2,0,2,3,-,-,2026-08-19 #32 (+5.19%),-,2026-09-18 (+4.59%),"2026-08-19 (+5.19%), 2026-09-18 (+4.59%)",-,"2026-09-02 (-4.40%), 2026-09-16 (-4.22%)","2026-08-20 (-5.41%), 2026-09-02 (-4.40%), 2026-09-16 (-4.22%)",-6.62,-14.56,
BANARISUG,Process Industries,Agricultural Commodities/Milling,0,0,1,0,0,2,0,2,3,-,-,2026-08-20 #3 (+17.23%),-,-,"2026-08-20 (+17.23%), 2026-08-28 (+4.36%)",-,"2026-09-01 (-4.06%), 2026-09-16 (-4.22%)","2026-08-21 (-5.21%), 2026-09-01 (-4.06%), 2026-09-16 (-4.22%)",-0.54,-15.92,-4.69
NAVKARCORP,Transportation,Other Transportation,0,0,1,0,0,2,0,1,4,-,-,2026-07-15 #29 (+5.78%),-,-,"2026-07-10 (+4.87%), 2026-07-15 (+5.78%)",-,2026-09-16 (-6.57%),"2026-07-08 (-4.41%), 2026-07-17 (-9.61%), 2026-07-22 (-4.86%), 2026-09-16 (-6.57%)",-3.11,-9.82,-22.69
NACLIND,Process Industries,Chemicals: Agricultural,0,0,1,0,0,2,0,1,4,-,-,2026-07-29 #44 (+5.27%),-,-,"2026-07-29 (+5.27%), 2026-08-17 (+4.15%)",-,2026-09-15 (-4.89%),"2026-07-14 (-11.27%), 2026-07-23 (-6.12%), 2026-08-03 (-5.47%), 2026-09-15 (-4.89%)",-4.45,-22.19,-38.32
INDOSTAR,Finance,Finance/Rental/Leasing,0,0,1,0,1,2,1,2,4,-,-,2026-08-10 #44 (+5.49%),-,2026-09-18 (+5.04%),"2026-08-10 (+5.49%), 2026-09-18 (+5.04%)",2026-09-24 (-4.10%),"2026-09-15 (-4.63%), 2026-09-24 (-4.10%)","2026-07-30 (-5.15%), 2026-07-31 (-4.05%), 2026-09-15 (-4.63%), 2026-09-24 (-4.10%)",-9.73,-16.15,-19.74
EVERESTIND,Distribution Services,Wholesale Distributors,0,0,1,0,0,2,0,0,4,-,-,2026-07-24 #47 (+4.65%),-,-,"2026-07-13 (+4.38%), 2026-07-24 (+4.65%)",-,-,"2026-07-08 (-5.00%), 2026-07-28 (-4.11%), 2026-07-30 (-4.99%), 2026-07-31 (-4.74%)",0.88,0.35,-17.53
EMMVEE,Electronic Technology,Semiconductors,0,0,1,0,1,2,1,2,4,-,-,2026-07-16 #9 (+8.16%),-,2026-09-10 (+4.18%),"2026-07-16 (+8.16%), 2026-09-10 (+4.18%)",2026-09-24 (-4.65%),"2026-09-15 (-5.04%), 2026-09-24 (-4.65%)","2026-07-07 (-6.54%), 2026-07-17 (-5.56%), 2026-09-15 (-5.04%), 2026-09-24 (-4.65%)",-7.42,-2.24,-13.17
ASTRAMICRO,Electronic Technology,Telecommunications Equipment,0,0,1,0,0,2,0,1,4,-,-,2026-07-31 #16 (+7.86%),-,-,"2026-07-29 (+4.09%), 2026-07-31 (+7.86%)",-,2026-09-15 (-5.16%),"2026-07-13 (-4.66%), 2026-07-28 (-5.42%), 2026-08-10 (-5.72%), 2026-09-15 (-5.16%)",2.25,-0.8,-7.97
ADANIGREEN,Utilities,Alternative Power Generation,0,0,1,0,2,2,1,1,4,-,-,2026-07-14 #39 (+3.75%),-,"2026-09-01 (+4.12%), 2026-09-18 (+4.73%)","2026-09-01 (+4.12%), 2026-09-18 (+4.73%)",2026-09-28 (-4.75%),2026-09-28 (-4.75%),"2026-07-22 (-4.51%), 2026-07-23 (-6.28%), 2026-08-31 (-7.33%), 2026-09-28 (-4.75%)",-3.37,3.71,-18.98
OSWALPUMPS,Producer Manufacturing,Industrial Machinery,0,0,1,0,0,2,0,1,5,-,-,2026-07-24 #19 (+5.99%),-,-,"2026-07-24 (+5.99%), 2026-08-20 (+4.33%)",-,2026-09-02 (-4.48%),"2026-07-08 (-4.27%), 2026-07-22 (-8.80%), 2026-07-23 (-4.91%), 2026-08-10 (-6.07%), 2026-09-02 (-4.48%)",-2.69,-8.91,-36.3
ELIN,Electronic Technology,Electronic Production Equipment,0,0,1,0,0,2,0,1,5,-,-,2026-07-15 #4 (+13.16%),-,-,"2026-07-15 (+13.16%), 2026-08-28 (+4.21%)",-,2026-09-15 (-4.19%),"2026-07-16 (-4.61%), 2026-07-22 (-4.06%), 2026-08-07 (-5.43%), 2026-08-31 (-4.53%), 2026-09-15 (-4.19%)",-4.48,-17.38,-13.16
GGBL,Electronic Technology,Semiconductors,0,0,1,0,1,2,0,2,6,-,-,2026-07-17 #29 (+4.21%),-,2026-09-22 (+4.50%),"2026-07-17 (+4.21%), 2026-09-22 (+4.50%)",-,"2026-09-01 (-4.10%), 2026-09-15 (-4.11%)","2026-07-06 (-4.20%), 2026-07-21 (-4.59%), 2026-08-25 (-4.81%), 2026-08-27 (-4.63%), 2026-09-01 (-4.10%), 2026-09-15 (-4.11%)",2.68,-2.66,-25.57
HSCL,Process Industries,Industrial Specialties,0,0,1,0,0,2,0,1,7,-,-,2026-07-16 #20 (+5.99%),-,-,"2026-07-16 (+5.99%), 2026-07-21 (+4.03%)",-,2026-09-15 (-4.16%),"2026-07-07 (-5.93%), 2026-07-22 (-4.08%), 2026-07-28 (-5.16%), 2026-08-19 (-4.04%), 2026-08-20 (-6.14%), 2026-08-21 (-7.07%), 2026-09-15 (-4.16%)",-0.28,1.27,0.75
ZYDUSLIFE,Health Technology,Pharmaceuticals: Major,0,0,1,0,0,1,0,0,0,-,-,2026-08-11 #34 (+6.43%),-,-,2026-08-11 (+6.43%),-,-,-,3.29,3.38,9.16
ZFCVINDIA,Producer Manufacturing,Auto Parts: OEM,0,0,1,0,0,1,0,0,0,-,-,2026-07-17 #41 (+3.42%),-,-,2026-08-04 (+4.40%),-,-,-,-2.73,-9.34,-5.56
VMM,Retail Trade,Apparel/Footwear Retail,0,0,1,0,0,1,0,0,0,-,-,2026-08-24 #11 (+9.74%),-,-,2026-08-24 (+9.74%),-,-,-,0.26,-5.73,-14.12
SHRADDHA,Electronic Technology,Electronic Equipment/Instruments,0,0,1,0,0,1,0,0,0,-,-,2026-08-28 #23 (+7.69%),-,-,2026-08-28 (+7.69%),-,-,-,2.16,-9.2,
SBFC,Finance,Finance/Rental/Leasing,0,0,1,0,0,1,0,0,0,-,-,2026-08-26 #13 (+9.02%),-,-,2026-08-26 (+9.02%),-,-,-,-6.58,-14.53,-7.31
RIIL,Industrial Services,Oil & Gas Pipelines,0,0,1,0,0,1,0,0,0,-,-,2026-08-21 #35 (+6.55%),-,-,2026-08-21 (+6.55%),-,-,-,-4.6,-11.08,-17.49
RAMAPHO,Process Industries,Chemicals: Agricultural,0,0,1,0,0,1,0,0,0,-,-,2026-07-24 #46 (+4.70%),-,-,2026-07-24 (+4.70%),-,-,-,0.14,-2.46,-4.19
RADICO,Consumer Non-Durables,Beverages: Alcoholic,0,0,1,0,0,1,0,0,0,-,-,2026-07-06 #38 (+5.51%),-,-,2026-07-06 (+5.51%),-,-,-,-1.91,-2.7,9.86
ORKLAINDIA,Consumer Non-Durables,Food: Specialty/Candy,0,0,1,0,0,1,0,0,0,-,-,2026-08-27 #40 (+4.52%),-,-,2026-08-27 (+4.52%),-,-,-,-5.13,-9.17,-12.74
NTPCGREEN,Utilities,Alternative Power Generation,0,0,1,0,0,1,0,0,0,-,-,2026-07-23 #14 (+6.48%),-,-,2026-07-23 (+6.48%),-,-,-,-3.56,0.54,-6.72
NCC,Consumer Durables,Homebuilding,0,0,1,0,0,1,0,0,0,-,-,2026-08-21 #28 (+6.78%),-,-,2026-08-21 (+6.78%),-,-,-,-4.57,-13.55,-14.82
MOTHERSON,Producer Manufacturing,Auto Parts: OEM,0,0,1,0,0,1,0,0,0,-,-,2026-08-07 #12 (+8.71%),-,-,2026-08-07 (+8.71%),-,-,-,-1.98,-7.1,7.43
LAURUSLABS,Health Technology,Pharmaceuticals: Major,0,0,1,0,0,1,0,0,0,-,-,2026-07-27 #20 (+7.01%),-,-,2026-07-27 (+7.01%),-,-,-,-1.37,3.34,29.52
JWL,Producer Manufacturing,Trucks/Construction/Farm Machinery,0,0,1,0,0,1,0,0,0,-,-,2026-07-29 #37 (+5.56%),-,-,2026-07-29 (+5.56%),-,-,-,-3.85,-8.62,-17.5
JBMA,Producer Manufacturing,Auto Parts: OEM,0,0,1,0,0,1,0,0,0,-,-,2026-08-21 #16 (+8.12%),-,-,2026-08-21 (+8.12%),-,-,-,-5.06,-9.77,-20.94
INDRAMEDCO,Health Services,Hospital/Nursing Management,0,0,1,0,0,1,0,0,0,-,-,2026-08-07 #39 (+5.20%),-,-,2026-08-07 (+5.20%),-,-,-,-1.7,-2.27,-8.99
INDIANB,Finance,Major Banks,0,0,1,0,0,1,0,0,0,-,-,2026-07-10 #15 (+9.78%),-,-,2026-07-10 (+9.78%),-,-,-,-5.42,-11.52,-2.44
HYUNDAI,Consumer Durables,Motor Vehicles,0,0,1,0,0,1,0,0,0,-,-,2026-07-31 #14 (+8.05%),-,-,2026-07-31 (+8.05%),-,-,-,-0.05,-4.76,7.65
HGS,Commercial Services,Miscellaneous Commercial Services,0,0,1,0,0,1,0,0,0,-,-,2026-07-14 #6 (+8.67%),-,-,2026-07-14 (+8.67%),-,-,-,-3.58,-8.61,-12.71
GPPL,Transportation,Marine Shipping,0,0,1,0,0,1,0,0,0,-,-,2026-08-14 #49 (+4.57%),-,-,2026-08-14 (+4.57%),-,-,-,-2.35,-4.19,4.45
GOPAL,Consumer Non-Durables,Food: Specialty/Candy,0,0,1,0,0,1,0,0,0,-,-,2026-08-19 #31 (+5.22%),-,-,2026-08-19 (+5.22%),-,-,-,-2.07,-8.42,-8.32
GMRP&UI,Industrial Services,Engineering & Construction,0,0,1,0,0,1,0,0,0,-,-,2026-07-22 #31 (+4.41%),-,-,2026-07-22 (+4.41%),-,-,-,5.73,11.53,0.58
FEDERALBNK,Finance,Major Banks,0,0,1,0,0,1,0,0,0,-,-,2026-07-17 #13 (+6.86%),-,-,2026-07-17 (+6.86%),-,-,-,-2.08,-10.23,-3.26
DOLLAR,Consumer Non-Durables,Apparel/Footwear,0,0,1,0,0,1,0,0,0,-,-,2026-07-30 #27 (+4.31%),-,-,2026-07-30 (+4.31%),-,-,-,2.73,4.3,5.28
DODLA,Consumer Non-Durables,Food: Meat/Fish/Dairy,0,0,1,0,0,1,0,0,0,-,-,2026-08-13 #35 (+6.34%),-,-,2026-08-13 (+6.34%),-,-,-,-3.48,-7.53,-9.51
CHOICEIN,Commercial Services,Miscellaneous Commercial Services,0,0,1,0,0,1,0,0,0,-,-,2026-07-09 #24 (+7.98%),-,-,2026-07-09 (+7.98%),-,-,-,-2.6,-5.07,-5.01
CDSL,Finance,Investment Banks/Brokers,0,0,1,0,0,1,0,0,0,-,-,2026-07-10 #39 (+6.34%),-,-,2026-07-10 (+6.34%),-,-,-,-6.39,-10.02,-6.58
BOMDYEING,Process Industries,Textiles,0,0,1,0,0,1,0,0,0,-,-,2026-08-27 #24 (+5.15%),-,-,2026-08-27 (+5.15%),-,-,-,-2.63,-6.61,-19.2
BLAL,Finance,Investment Managers,0,0,1,0,0,1,0,0,0,-,-,2026-07-03 #27 (+6.63%),-,-,2026-07-03 (+6.63%),-,-,-,-0.36,-1.4,-10.5
BHARTIHEXA,Communications,Wireless Telecommunications,0,0,1,0,0,1,0,0,0,-,-,2026-08-13 #48 (+5.35%),-,-,2026-08-13 (+5.35%),-,-,-,-8.14,-8.81,-2.17
BASF,Process Industries,Chemicals: Specialty,0,0,1,0,0,1,0,0,0,-,-,2026-08-04 #24 (+5.83%),-,-,2026-08-04 (+5.83%),-,-,-,-3.82,-9.3,-5.55
BAJAJELEC,Consumer Durables,Electronics/Appliances,0,0,1,0,0,1,0,0,0,-,-,2026-08-06 #8 (+9.88%),-,-,2026-08-06 (+9.88%),-,-,-,-4.2,-4.6,-6.16
ASTRAL,Producer Manufacturing,Miscellaneous Manufacturing,0,0,1,0,0,1,0,0,0,-,-,2026-08-13 #10 (+8.74%),-,-,2026-08-13 (+8.74%),-,-,-,-0.48,-9.67,0.87
AMAL,Process Industries,Chemicals: Specialty,0,0,1,0,0,1,0,0,0,-,-,2026-08-20 #26 (+7.22%),-,-,2026-08-20 (+7.22%),-,-,-,-4.19,-10.34,
SESHAPAPER,Process Industries,Pulp & Paper,0,0,1,0,0,1,0,0,1,-,-,2026-07-23 #43 (+4.09%),-,-,2026-07-23 (+4.09%),-,-,2026-08-04 (-4.15%),-1.79,5.63,6.56
ROSSARI,Process Industries,Chemicals: Specialty,0,0,1,0,0,1,0,1,1,-,-,2026-07-27 #34 (+6.16%),-,-,2026-07-27 (+6.16%),-,2026-09-03 (-4.03%),2026-09-03 (-4.03%),-3.29,-11.84,-18.36
RCF,Process Industries,Chemicals: Agricultural,0,0,1,0,0,1,0,0,1,-,-,2026-08-25 #43 (+4.57%),-,-,2026-08-25 (+4.57%),-,-,2026-08-31 (-5.25%),0.45,-4.77,-18.55
PERSISTENT,Technology Services,Information Technology Services,0,0,1,0,0,1,0,0,1,-,-,2026-07-07 #43 (+3.58%),-,-,2026-07-10 (+4.64%),-,-,2026-08-31 (-4.77%),-3.8,-7.73,12.69
ORIENTELEC,Consumer Durables,Electronics/Appliances,0,0,1,0,0,1,0,0,1,-,-,2026-08-07 #22 (+6.14%),-,-,2026-08-07 (+6.14%),-,-,2026-07-22 (-4.61%),-5.96,-13.07,-13.0
NATCOPHARM,Health Technology,Pharmaceuticals: Major,0,0,1,0,0,1,0,0,1,-,-,2026-07-07 #12 (+5.60%),-,-,2026-07-07 (+5.60%),-,-,2026-08-14 (-5.10%),3.44,0.19,-9.78
MUTHOOTFIN,Finance,Finance/Rental/Leasing,0,0,1,0,0,1,0,0,1,-,-,2026-08-24 #34 (+6.19%),-,-,2026-08-24 (+6.19%),-,-,2026-08-03 (-7.33%),-3.34,-8.1,-7.22
MUFTI,Retail Trade,Apparel/Footwear Retail,0,0,1,0,0,1,0,0,1,-,-,2026-08-06 #19 (+7.04%),-,-,2026-08-06 (+7.04%),-,-,2026-08-11 (-4.24%),-5.54,-6.89,-22.57
MONARCH,Finance,Investment Banks/Brokers,0,0,1,0,0,1,0,0,1,-,-,2026-07-27 #5 (+11.14%),-,-,2026-07-27 (+11.14%),-,-,2026-08-11 (-4.30%),-6.5,-9.87,-1.37
METROPOLIS,Health Services,Medical/Nursing Services,0,0,1,0,0,1,0,0,1,-,-,2026-07-20 #42 (+5.22%),-,-,2026-07-20 (+5.22%),-,-,2026-07-17 (-5.73%),-5.08,-3.44,3.31
MAZDOCK,Producer Manufacturing,Trucks/Construction/Farm Machinery,0,0,1,0,0,1,0,1,1,-,-,2026-08-06 #25 (+6.28%),-,-,2026-08-06 (+6.28%),-,2026-09-15 (-4.40%),2026-09-15 (-4.40%),-5.3,-15.84,-18.31
MANBA,Finance,Finance/Rental/Leasing,0,0,1,0,0,1,0,0,1,-,-,2026-07-27 #44 (+5.90%),-,-,2026-07-27 (+5.90%),-,-,2026-07-28 (-6.15%),0.08,4.37,-1.7
LTTS,Commercial Services,Miscellaneous Commercial Services,0,0,1,0,0,1,1,1,1,-,-,2026-07-15 #18 (+6.53%),-,-,2026-07-15 (+6.53%),2026-09-29 (-4.05%),2026-09-29 (-4.05%),2026-09-29 (-4.05%),-6.44,-14.6,-2.69
KRISHIVAL,Process Industries,Agricultural Commodities/Milling,0,0,1,0,0,1,0,0,1,-,-,2026-08-20 #25 (+7.45%),-,-,2026-08-20 (+7.45%),-,-,2026-08-18 (-12.87%),-2.83,-1.54,0.07
KOVAI,Health Services,Hospital/Nursing Management,0,0,1,0,0,1,0,0,1,-,-,2026-08-10 #47 (+5.45%),-,-,2026-08-10 (+5.45%),-,-,2026-08-11 (-4.81%),-2.28,-0.31,-0.6
KFINTECH,Technology Services,Packaged Software,0,0,1,0,0,1,1,1,1,-,-,2026-07-27 #6 (+10.67%),-,-,2026-07-27 (+10.67%),2026-09-29 (-5.19%),2026-09-29 (-5.19%),2026-09-29 (-5.19%),-6.66,-13.59,-3.55
JSWHL,Finance,Investment Banks/Brokers,0,0,1,0,0,1,0,1,1,-,-,2026-08-03 #45 (+6.74%),-,-,2026-08-03 (+6.74%),-,2026-09-15 (-4.21%),2026-09-15 (-4.21%),-1.95,-4.99,-8.84
JIOFIN,Finance,Financial Conglomerates,0,0,1,0,0,1,0,0,1,-,-,2026-07-29 #45 (+5.23%),-,-,2026-07-29 (+5.23%),-,-,2026-07-08 (-5.38%),-5.7,-9.86,-9.25
IRMENERGY,Energy Minerals,Integrated Oil,0,0,1,0,0,1,0,1,1,-,-,2026-08-06 #32 (+5.76%),-,-,2026-08-06 (+5.76%),-,2026-09-15 (-4.91%),2026-09-15 (-4.91%),-0.41,-6.16,-3.61
INSECTICID,Process Industries,Chemicals: Agricultural,0,0,1,0,0,1,0,0,1,-,-,2026-08-28 #46 (+5.54%),-,-,2026-08-28 (+5.54%),-,-,2026-08-24 (-4.85%),-3.71,-1.6,-10.26
ICICIAMC,Finance,Investment Managers,0,0,1,0,0,1,0,0,1,-,-,2026-08-19 #46 (+4.99%),-,-,2026-08-19 (+4.99%),-,-,2026-08-27 (-4.01%),2.6,5.48,-3.79
HARIOMPIPE,Non-Energy Minerals,Steel,0,0,1,0,0,1,0,0,1,-,-,2026-07-14 #24 (+4.84%),-,-,2026-07-14 (+4.84%),-,-,2026-08-13 (-7.00%),-4.63,-0.06,-13.29
HAL,Electronic Technology,Aerospace & Defense,0,0,1,0,0,1,0,1,1,-,-,2026-08-06 #29 (+5.92%),-,-,2026-08-06 (+5.92%),-,2026-09-15 (-4.28%),2026-09-15 (-4.28%),-5.22,-5.25,2.6
GROWW,Miscellaneous,Investment Trusts/Mutual Funds,0,0,1,0,0,1,0,0,1,-,-,2026-07-15 #22 (+6.15%),-,-,2026-07-15 (+6.15%),-,-,2026-07-16 (-4.94%),-2.99,-4.45,-10.95
GRINDWELL,Process Industries,Industrial Specialties,0,0,1,0,0,1,0,0,1,-,-,2026-07-16 #1 (+16.44%),-,-,2026-07-16 (+16.44%),-,-,2026-07-17 (-12.41%),-1.3,-5.25,-11.8
GREENPANEL,Non-Energy Minerals,Forest Products,0,0,1,0,1,1,0,0,1,-,-,2026-07-07 #37 (+3.93%),-,2026-09-21 (+4.83%),2026-09-21 (+4.83%),-,-,2026-08-07 (-4.95%),-6.54,1.58,-16.42
GODREJIND,Process Industries,Agricultural Commodities/Milling,0,0,1,0,0,1,0,0,1,-,-,2026-07-10 #4 (+16.28%),-,-,2026-07-10 (+16.28%),-,-,2026-08-12 (-4.23%),-3.99,-6.95,-12.88
FEDFINA,Finance,Finance/Rental/Leasing,0,0,1,0,0,1,0,0,1,-,-,2026-07-15 #31 (+5.62%),-,-,2026-07-15 (+5.62%),-,-,2026-07-08 (-4.57%),-2.16,-6.34,-0.5
EMPIND,Distribution Services,Food Distributors,0,0,1,0,0,1,0,1,1,-,-,2026-08-19 #35 (+5.12%),-,-,2026-08-19 (+5.12%),-,2026-09-09 (-8.51%),2026-09-09 (-8.51%),0.78,-13.84,
DLINKINDIA,Electronic Technology,Telecommunications Equipment,0,0,1,0,0,1,0,0,1,-,-,2026-08-19 #17 (+6.42%),-,-,2026-08-19 (+6.42%),-,-,2026-07-10 (-7.25%),-2.21,-6.2,-20.92
DCBBANK,Finance,Regional Banks,0,0,1,0,0,1,1,1,1,-,-,2026-08-21 #18 (+7.94%),-,-,2026-08-21 (+7.94%),2026-09-24 (-4.62%),2026-09-24 (-4.62%),2026-09-24 (-4.62%),-7.42,-7.25,4.59
CROMPTON,Producer Manufacturing,Industrial Machinery,0,0,1,0,0,1,0,0,1,-,-,2026-07-29 #22 (+6.81%),-,-,2026-07-29 (+6.81%),-,-,2026-08-07 (-7.43%),-4.79,-10.4,-22.9
CARRARO,Producer Manufacturing,Auto Parts: OEM,0,0,1,0,0,1,0,0,1,-,-,2026-07-09 #34 (+6.96%),-,-,2026-07-09 (+6.96%),-,-,2026-08-07 (-7.40%),-3.96,-6.9,-5.44
CAMPUS,Consumer Non-Durables,Apparel/Footwear,0,0,1,0,0,1,0,0,1,-,-,2026-07-17 #31 (+4.11%),-,-,2026-07-17 (+4.11%),-,-,2026-07-20 (-4.56%),-0.75,-7.26,-10.43
BORORENEW,Process Industries,Industrial Specialties,0,0,1,0,0,1,0,1,1,-,-,2026-07-09 #15 (+9.59%),-,-,2026-07-09 (+9.59%),-,2026-09-15 (-6.93%),2026-09-15 (-6.93%),-4.68,-9.97,-27.3
BIRLACORPN,Non-Energy Minerals,Construction Materials,0,0,1,0,0,1,0,0,1,-,-,2026-07-15 #33 (+5.36%),-,-,2026-07-15 (+5.36%),-,-,2026-07-27 (-4.85%),3.95,-2.61,-13.39
BIOCON,Health Technology,Pharmaceuticals: Major,0,0,1,0,0,1,0,0,1,-,-,2026-07-14 #11 (+6.41%),-,-,2026-07-14 (+6.41%),-,-,2026-07-07 (-4.10%),-3.33,-8.5,-9.94
BHARATFORG,Producer Manufacturing,Metal Fabrication,0,0,1,0,0,1,0,0,1,-,-,2026-07-17 #32 (+4.08%),-,-,2026-07-17 (+4.08%),-,-,2026-08-10 (-7.60%),-3.33,-7.74,-9.63
BELRISE,Producer Manufacturing,Auto Parts: OEM,0,0,1,0,1,1,0,0,1,-,-,2026-07-07 #46 (+3.45%),-,2026-09-18 (+4.71%),2026-09-18 (+4.71%),-,-,2026-08-17 (-7.54%),-1.72,3.52,0.97
BAJAJINDEF,Producer Manufacturing,Trucks/Construction/Farm Machinery,0,0,1,0,0,1,0,0,1,-,-,2026-08-25 #44 (+4.56%),-,-,2026-08-25 (+4.56%),-,-,2026-08-13 (-6.57%),-2.7,-3.4,-15.26
BAJAJFINSV,Finance,Life/Health Insurance,0,0,1,0,0,1,1,1,1,-,-,2026-07-31 #37 (+6.27%),-,-,2026-07-31 (+6.27%),2026-09-24 (-4.56%),2026-09-24 (-4.56%),2026-09-24 (-4.56%),-4.44,-13.79,-6.11
ALLDIGI,Commercial Services,Miscellaneous Commercial Services,0,0,1,0,0,1,0,0,1,-,-,2026-07-27 #37 (+5.99%),-,-,2026-07-27 (+5.99%),-,-,2026-07-31 (-4.96%),-1.12,-4.65,-3.45
AGARIND,Process Industries,Chemicals: Specialty,0,0,1,0,0,1,0,0,1,-,-,2026-07-28 #11 (+7.09%),-,-,2026-07-28 (+7.09%),-,-,2026-07-08 (-5.58%),-3.6,-14.62,-28.56
ADANIPOWER,Utilities,Electric Utilities,0,0,1,0,0,1,0,0,1,-,-,2026-07-14 #21 (+4.97%),-,-,2026-07-14 (+4.97%),-,-,2026-08-31 (-6.88%),-5.15,-0.86,-12.58
TUTIALKA,Process Industries,Chemicals: Specialty,0,0,1,0,0,1,0,1,2,-,-,2026-08-26 #19 (+7.88%),-,-,2026-08-26 (+7.88%),-,2026-09-16 (-4.33%),"2026-08-20 (-4.12%), 2026-09-16 (-4.33%)",-1.08,-7.95,
PYRAMID,Producer Manufacturing,Miscellaneous Manufacturing,0,0,1,0,0,1,0,0,2,-,-,2026-07-27 #1 (+19.33%),-,-,2026-07-27 (+19.33%),-,-,"2026-07-28 (-6.58%), 2026-08-12 (-4.88%)",-0.79,-2.1,-8.59
PTC,Utilities,Electric Utilities,0,0,1,0,0,1,0,0,2,-,-,2026-08-05 #20 (+8.13%),-,-,2026-08-05 (+8.13%),-,-,"2026-08-10 (-12.45%), 2026-08-31 (-4.31%)",0.08,3.22,-12.14
MOTILALOFS,Finance,Investment Managers,0,0,1,0,0,1,0,0,2,-,-,2026-08-17 #48 (+5.68%),-,-,2026-08-17 (+5.68%),-,-,"2026-07-08 (-4.35%), 2026-07-24 (-7.26%)",-1.07,-4.48,4.11
KIOCL,Non-Energy Minerals,Steel,0,0,1,0,0,1,0,2,2,-,-,2026-08-03 #26 (+8.03%),-,-,2026-08-03 (+8.03%),-,"2026-09-15 (-4.24%), 2026-09-16 (-4.09%)","2026-09-15 (-4.24%), 2026-09-16 (-4.09%)",-1.88,-11.83,-13.05
ENIL,Consumer Services,Broadcasting,0,0,1,0,0,1,0,0,2,-,-,2026-07-07 #42 (+3.68%),-,-,2026-08-26 (+4.71%),-,-,"2026-07-08 (-4.13%), 2026-08-07 (-4.16%)",-4.33,-6.51,-9.91
ECOSMOBLTY,Finance,Finance/Rental/Leasing,0,0,1,0,0,1,0,0,2,-,-,2026-07-15 #40 (+4.99%),-,-,2026-07-15 (+4.99%),-,-,"2026-08-12 (-4.99%), 2026-08-13 (-4.99%)",-3.27,-7.34,-20.17
CANTABIL,Consumer Non-Durables,Apparel/Footwear,0,0,1,0,0,1,0,0,2,-,-,2026-08-20 #38 (+6.54%),-,-,2026-08-20 (+6.54%),-,-,"2026-07-08 (-4.16%), 2026-08-06 (-7.20%)",-2.66,-4.55,-3.91
CAMLINFINE,Process Industries,Chemicals: Specialty,0,0,1,0,0,1,0,0,2,-,-,2026-08-17 #12 (+9.97%),-,-,2026-08-17 (+9.97%),-,-,"2026-07-08 (-4.63%), 2026-08-12 (-13.99%)",-3.4,-9.22,-31.63
BAJFINANCE,Finance,Finance/Rental/Leasing,0,0,1,0,0,1,1,1,2,-,-,2026-07-31 #11 (+8.32%),-,-,2026-07-31 (+8.32%),2026-09-24 (-5.87%),2026-09-24 (-5.87%),"2026-08-07 (-5.84%), 2026-09-24 (-5.87%)",-3.47,-7.87,-4.38
SPELS,Electronic Technology,Semiconductors,0,0,1,0,0,1,1,3,3,-,-,2026-08-27 #20 (+5.85%),-,-,2026-08-27 (+5.85%),2026-09-28 (-5.00%),"2026-09-15 (-5.00%), 2026-09-21 (-4.99%), 2026-09-28 (-5.00%)","2026-09-15 (-5.00%), 2026-09-21 (-4.99%), 2026-09-28 (-5.00%)",-5.0,-17.17,
RANEHOLDIN,Producer Manufacturing,Auto Parts: OEM,0,0,1,0,0,1,0,0,3,-,-,2026-08-03 #40 (+7.10%),-,-,2026-08-03 (+7.10%),-,-,"2026-08-06 (-4.31%), 2026-08-14 (-5.79%), 2026-08-17 (-4.39%)",-2.79,-1.63,-11.17
NESCO,Finance,Real Estate Development,0,0,1,0,0,1,1,1,3,-,-,2026-07-28 #37 (+4.00%),-,-,2026-07-28 (+4.00%),2026-09-29 (-4.22%),2026-09-29 (-4.22%),"2026-07-08 (-4.09%), 2026-07-27 (-4.51%), 2026-09-29 (-4.22%)",-2.67,-0.04,-6.82
LINC,Consumer Non-Durables,Consumer Sundries,0,0,1,0,0,1,0,1,3,-,-,2026-07-13 #48 (+5.65%),-,-,2026-07-13 (+5.65%),-,2026-09-16 (-4.89%),"2026-07-08 (-4.69%), 2026-07-14 (-4.41%), 2026-09-16 (-4.89%)",-3.82,-7.01,-20.21
JSWDULUX,Process Industries,Industrial Specialties,0,0,1,0,0,1,1,1,3,-,-,2026-07-16 #45 (+4.48%),-,-,2026-07-16 (+4.48%),2026-09-29 (-4.27%),2026-09-29 (-4.27%),"2026-07-09 (-4.27%), 2026-07-23 (-4.48%), 2026-09-29 (-4.27%)",-3.27,-4.11,-6.91
J&KBANK,Finance,Regional Banks,0,0,1,0,0,1,0,0,3,-,-,2026-07-10 #5 (+14.39%),-,-,2026-07-10 (+14.39%),-,-,"2026-07-13 (-5.22%), 2026-07-29 (-12.79%), 2026-08-17 (-4.83%)",-5.08,-6.2,-15.9
IVALUE,Technology Services,Information Technology Services,0,0,1,0,0,1,0,1,3,-,-,2026-07-10 #45 (+5.79%),-,-,2026-07-10 (+5.79%),-,2026-09-01 (-4.58%),"2026-07-03 (-4.05%), 2026-08-31 (-6.40%), 2026-09-01 (-4.58%)",-0.39,-9.32,-20.46
INDIASHLTR,Finance,Finance/Rental/Leasing,0,0,1,0,0,1,0,0,3,-,-,2026-08-12 #43 (+5.55%),-,-,2026-08-12 (+5.55%),-,-,"2026-07-22 (-5.47%), 2026-08-07 (-5.84%), 2026-08-10 (-7.13%)",-3.38,-1.55,-15.86
FIVESTAR,Finance,Finance/Rental/Leasing,0,0,1,1,1,1,2,2,3,-,-,2026-07-28 #40 (+3.90%),2026-09-23 (+4.73%),2026-09-23 (+4.73%),2026-09-23 (+4.73%),"2026-09-24 (-4.52%), 2026-09-29 (-4.07%)","2026-09-24 (-4.52%), 2026-09-29 (-4.07%)","2026-08-24 (-4.02%), 2026-09-24 (-4.52%), 2026-09-29 (-4.07%)",-5.26,-7.06,-8.58
CGPOWER,Producer Manufacturing,Electrical Products,0,0,1,0,0,1,0,1,3,-,-,2026-08-04 #20 (+6.53%),-,-,2026-08-04 (+6.53%),-,2026-09-15 (-5.61%),"2026-07-03 (-6.97%), 2026-08-03 (-4.32%), 2026-09-15 (-5.61%)",-4.25,-6.33,-10.56
ASHAPURMIN,Non-Energy Minerals,Other Metals/Minerals,0,0,1,0,0,1,1,2,3,-,-,2026-07-13 #23 (+8.84%),-,-,2026-07-13 (+8.84%),2026-09-24 (-4.15%),"2026-09-15 (-4.51%), 2026-09-24 (-4.15%)","2026-08-10 (-12.68%), 2026-09-15 (-4.51%), 2026-09-24 (-4.15%)",-3.45,-8.09,-21.76
SHIPROCKET,Technology Services,Packaged Software,0,0,1,0,0,1,1,2,4,-,-,2026-08-31 #9 (+10.76%),-,-,2026-08-31 (+10.76%),2026-09-24 (-5.32%),"2026-09-15 (-4.60%), 2026-09-24 (-5.32%)","2026-08-24 (-4.36%), 2026-08-28 (-5.06%), 2026-09-15 (-4.60%), 2026-09-24 (-5.32%)",-4.91,-13.61,
PNCINFRA,Industrial Services,Engineering & Construction,0,0,1,0,0,1,0,3,6,-,-,2026-08-11 #39 (+5.70%),-,-,2026-08-11 (+5.70%),-,"2026-09-02 (-4.17%), 2026-09-15 (-20.00%), 2026-09-16 (-4.19%)","2026-08-06 (-5.81%), 2026-08-07 (-6.41%), 2026-08-10 (-6.23%), 2026-09-02 (-4.17%), 2026-09-15 (-20.00%), 2026-09-16 (-4.19%)",-7.03,-31.01,-44.98
OMINFRAL,Industrial Services,Engineering & Construction,0,0,1,0,0,0,0,0,0,-,-,2026-07-28 #46 (+3.79%),-,-,-,-,-,-,-1.6,-5.53,-12.93
METROBRAND,Retail Trade,Apparel/Footwear Retail,0,0,1,0,0,0,0,0,0,-,-,2026-07-17 #35 (+3.91%),-,-,-,-,-,-,-5.23,-5.16,-14.81
KOTAKBANK,Finance,Major Banks,0,0,1,0,0,0,0,0,0,-,-,2026-07-17 #42 (+3.39%),-,-,-,-,-,-,-1.61,-3.2,1.68
HAVELLS,Producer Manufacturing,Electrical Products,0,0,1,0,0,0,0,0,0,-,-,2026-07-07 #41 (+3.68%),-,-,-,-,-,-,-4.19,-16.14,-12.08
HEROMOTOCO,Consumer Durables,Motor Vehicles,0,0,1,0,0,0,0,1,1,-,-,2026-07-30 #49 (+3.42%),-,-,-,-,2026-09-02 (-4.59%),2026-09-02 (-4.59%),-3.07,-4.44,7.0
EUREKAFORB,Producer Manufacturing,Industrial Machinery,0,0,1,0,0,0,0,1,1,-,-,2026-07-28 #41 (+3.90%),-,-,-,-,2026-09-07 (-4.14%),2026-09-07 (-4.14%),-3.8,-15.48,-24.53
NEUEON,Industrial Services,Engineering & Construction,0,0,0,4,8,19,1,5,22,-,-,-,"2026-09-23 (+4.98%), 2026-09-24 (+4.98%), 2026-09-25 (+4.96%), 2026-09-28 (+4.93%)","2026-09-07 (+4.99%), 2026-09-17 (+4.33%), 2026-09-21 (+4.96%), 2026-09-22 (+4.98%), 2026-09-23 (+4.98%), 2026-09-24 (+4.98%), 2026-09-25 (+4.96%), 2026-09-28 (+4.93%)","2026-07-15 (+4.96%), 2026-07-16 (+4.96%), 2026-07-17 (+4.95%), 2026-07-20 (+5.00%), 2026-07-21 (+4.96%), 2026-07-22 (+4.98%), 2026-08-11 (+4.96%), 2026-08-12 (+5.00%), 2026-08-13 (+4.95%), 2026-08-14 (+4.05%), 2026-08-28 (+4.79%), 2026-09-07 (+4.99%), 2026-09-17 (+4.33%), 2026-09-21 (+4.96%), 2026-09-22 (+4.98%), 2026-09-23 (+4.98%), 2026-09-24 (+4.98%), 2026-09-25 (+4.96%), 2026-09-28 (+4.93%)",2026-09-29 (-4.97%),"2026-09-01 (-4.97%), 2026-09-02 (-4.98%), 2026-09-03 (-4.45%), 2026-09-15 (-4.85%), 2026-09-29 (-4.97%)","2026-07-03 (-4.95%), 2026-07-06 (-4.96%), 2026-07-07 (-4.96%), 2026-07-08 (-4.94%), 2026-07-09 (-4.98%), 2026-07-13 (-5.00%), 2026-07-14 (-4.95%), 2026-07-27 (-4.99%), 2026-08-03 (-4.99%), 2026-08-10 (-4.99%), 2026-08-18 (-4.27%), 2026-08-20 (-4.18%), 2026-08-21 (-4.99%), 2026-08-24 (-4.72%), 2026-08-25 (-4.96%), 2026-08-27 (-5.00%), 2026-08-31 (-4.95%), 2026-09-01 (-4.97%), 2026-09-02 (-4.98%), 2026-09-03 (-4.45%), 2026-09-15 (-4.85%), 2026-09-29 (-4.97%)",15.35,13.17,-15.44
AQYLON,Consumer Services,Movies/Entertainment,0,0,0,0,5,14,2,6,25,-,-,-,-,"2026-09-03 (+4.75%), 2026-09-04 (+4.03%), 2026-09-07 (+4.81%), 2026-09-21 (+4.95%), 2026-09-22 (+4.93%)","2026-07-03 (+4.36%), 2026-07-30 (+4.85%), 2026-08-03 (+4.94%), 2026-08-05 (+4.96%), 2026-08-06 (+4.95%), 2026-08-18 (+4.91%), 2026-08-19 (+4.64%), 2026-08-21 (+4.94%), 2026-08-24 (+4.95%), 2026-09-03 (+4.75%), 2026-09-04 (+4.03%), 2026-09-07 (+4.81%), 2026-09-21 (+4.95%), 2026-09-22 (+4.93%)","2026-09-23 (-5.00%), 2026-09-29 (-4.94%)","2026-09-02 (-4.98%), 2026-09-16 (-4.83%), 2026-09-17 (-4.21%), 2026-09-18 (-4.77%), 2026-09-23 (-5.00%), 2026-09-29 (-4.94%)","2026-07-06 (-4.54%), 2026-07-08 (-4.99%), 2026-07-15 (-4.35%), 2026-07-16 (-4.09%), 2026-07-17 (-5.00%), 2026-07-20 (-4.99%), 2026-07-21 (-4.97%), 2026-07-23 (-4.95%), 2026-07-24 (-4.99%), 2026-07-27 (-4.84%), 2026-07-29 (-4.21%), 2026-08-04 (-4.97%), 2026-08-11 (-4.98%), 2026-08-12 (-4.84%), 2026-08-17 (-4.97%), 2026-08-25 (-4.98%), 2026-08-26 (-4.96%), 2026-08-28 (-4.98%), 2026-08-31 (-4.98%), 2026-09-02 (-4.98%), 2026-09-16 (-4.83%), 2026-09-17 (-4.21%), 2026-09-18 (-4.77%), 2026-09-23 (-5.00%), 2026-09-29 (-4.94%)",-13.59,-18.56,-60.08
VISL,Non-Energy Minerals,Steel,0,0,0,2,4,13,2,3,11,-,-,-,"2026-09-23 (+5.00%), 2026-09-29 (+4.55%)","2026-09-02 (+4.71%), 2026-09-22 (+4.99%), 2026-09-23 (+5.00%), 2026-09-29 (+4.55%)","2026-07-10 (+5.00%), 2026-07-13 (+4.99%), 2026-07-29 (+4.30%), 2026-07-31 (+4.98%), 2026-08-03 (+4.99%), 2026-08-04 (+4.90%), 2026-08-10 (+5.00%), 2026-08-11 (+4.98%), 2026-08-26 (+4.98%), 2026-09-02 (+4.71%), 2026-09-22 (+4.99%), 2026-09-23 (+5.00%), 2026-09-29 (+4.55%)","2026-09-24 (-5.00%), 2026-09-28 (-4.15%)","2026-09-15 (-4.98%), 2026-09-24 (-5.00%), 2026-09-28 (-4.15%)","2026-07-03 (-4.99%), 2026-07-06 (-4.99%), 2026-07-07 (-4.99%), 2026-07-08 (-4.98%), 2026-07-09 (-4.98%), 2026-07-15 (-4.85%), 2026-08-14 (-4.95%), 2026-08-31 (-4.56%), 2026-09-15 (-4.98%), 2026-09-24 (-5.00%), 2026-09-28 (-4.15%)",1.99,-10.81,-22.98
AHCL,Health Technology,Pharmaceuticals: Major,0,0,0,3,10,12,0,0,1,-,-,-,"2026-09-25 (+9.98%), 2026-09-28 (+10.00%), 2026-09-29 (+4.99%)","2026-09-09 (+4.29%), 2026-09-10 (+7.74%), 2026-09-11 (+11.57%), 2026-09-17 (+8.98%), 2026-09-18 (+4.85%), 2026-09-21 (+14.59%), 2026-09-22 (+9.98%), 2026-09-25 (+9.98%), 2026-09-28 (+10.00%), 2026-09-29 (+4.99%)","2026-07-27 (+4.93%), 2026-08-24 (+8.05%), 2026-09-09 (+4.29%), 2026-09-10 (+7.74%), 2026-09-11 (+11.57%), 2026-09-17 (+8.98%), 2026-09-18 (+4.85%), 2026-09-21 (+14.59%), 2026-09-22 (+9.98%), 2026-09-25 (+9.98%), 2026-09-28 (+10.00%), 2026-09-29 (+4.99%)",-,-,2026-07-30 (-8.56%),26.09,129.45,128.87
IL&FSENGG,Industrial Services,Engineering & Construction,0,0,0,0,3,12,1,1,3,-,-,-,-,"2026-09-04 (+5.00%), 2026-09-09 (+5.00%), 2026-09-18 (+4.00%)","2026-07-22 (+4.99%), 2026-07-23 (+4.99%), 2026-07-24 (+4.99%), 2026-07-28 (+4.98%), 2026-07-29 (+5.00%), 2026-07-30 (+4.99%), 2026-07-31 (+4.08%), 2026-08-14 (+4.94%), 2026-08-18 (+4.97%), 2026-09-04 (+5.00%), 2026-09-09 (+5.00%), 2026-09-18 (+4.00%)",2026-09-29 (-4.64%),2026-09-29 (-4.64%),"2026-07-08 (-4.56%), 2026-08-03 (-4.84%), 2026-09-29 (-4.64%)",-13.32,3.81,25.08
VPRPL,Industrial Services,Engineering & Construction,0,0,0,0,5,11,2,4,8,-,-,-,-,"2026-09-02 (+6.87%), 2026-09-08 (+6.07%), 2026-09-10 (+5.72%), 2026-09-17 (+4.91%), 2026-09-18 (+4.11%)","2026-07-31 (+4.85%), 2026-08-07 (+4.99%), 2026-08-10 (+19.98%), 2026-08-11 (+9.65%), 2026-08-17 (+6.27%), 2026-08-31 (+4.01%), 2026-09-02 (+6.87%), 2026-09-08 (+6.07%), 2026-09-10 (+5.72%), 2026-09-17 (+4.91%), 2026-09-18 (+4.11%)","2026-09-28 (-4.34%), 2026-09-29 (-6.75%)","2026-09-07 (-5.54%), 2026-09-15 (-10.81%), 2026-09-28 (-4.34%), 2026-09-29 (-6.75%)","2026-07-28 (-4.49%), 2026-08-12 (-8.45%), 2026-08-13 (-6.12%), 2026-08-14 (-6.03%), 2026-09-07 (-5.54%), 2026-09-15 (-10.81%), 2026-09-28 (-4.34%), 2026-09-29 (-6.75%)",-13.62,-13.33,3.91
PENINLAND,Finance,Real Estate Development,0,0,0,0,3,10,2,3,5,-,-,-,-,"2026-09-17 (+6.36%), 2026-09-21 (+5.40%), 2026-09-22 (+5.19%)","2026-07-06 (+4.96%), 2026-07-07 (+4.98%), 2026-07-09 (+4.99%), 2026-07-10 (+4.98%), 2026-07-13 (+4.96%), 2026-08-24 (+4.97%), 2026-08-26 (+4.99%), 2026-09-17 (+6.36%), 2026-09-21 (+5.40%), 2026-09-22 (+5.19%)","2026-09-24 (-4.60%), 2026-09-28 (-5.63%)","2026-09-01 (-4.77%), 2026-09-24 (-4.60%), 2026-09-28 (-5.63%)","2026-08-28 (-4.98%), 2026-08-31 (-4.94%), 2026-09-01 (-4.77%), 2026-09-24 (-4.60%), 2026-09-28 (-5.63%)",-9.1,-4.15,1.24
IBULLSLTD,Finance,Real Estate Development,0,0,0,1,4,10,0,1,5,-,-,-,2026-09-25 (+5.00%),"2026-09-11 (+4.98%), 2026-09-15 (+4.97%), 2026-09-16 (+4.92%), 2026-09-25 (+5.00%)","2026-07-03 (+4.91%), 2026-07-09 (+4.90%), 2026-07-13 (+4.96%), 2026-08-05 (+4.99%), 2026-08-06 (+4.99%), 2026-08-24 (+4.96%), 2026-09-11 (+4.98%), 2026-09-15 (+4.97%), 2026-09-16 (+4.92%), 2026-09-25 (+5.00%)",-,2026-09-21 (-4.28%),"2026-07-16 (-4.75%), 2026-07-28 (-4.97%), 2026-07-29 (-5.00%), 2026-07-30 (-4.98%), 2026-09-21 (-4.28%)",1.42,14.02,7.16
GAYAPROJ,Industrial Services,Engineering & Construction,0,0,0,0,4,10,2,5,6,-,-,-,-,"2026-09-08 (+4.87%), 2026-09-10 (+4.91%), 2026-09-11 (+4.96%), 2026-09-18 (+4.66%)","2026-07-13 (+4.62%), 2026-08-06 (+4.21%), 2026-08-13 (+5.00%), 2026-08-14 (+4.96%), 2026-08-17 (+4.91%), 2026-08-21 (+4.77%), 2026-09-08 (+4.87%), 2026-09-10 (+4.91%), 2026-09-11 (+4.96%), 2026-09-18 (+4.66%)","2026-09-24 (-4.80%), 2026-09-28 (-4.15%)","2026-09-01 (-4.35%), 2026-09-16 (-4.97%), 2026-09-17 (-4.95%), 2026-09-24 (-4.80%), 2026-09-28 (-4.15%)","2026-07-20 (-4.43%), 2026-09-01 (-4.35%), 2026-09-16 (-4.97%), 2026-09-17 (-4.95%), 2026-09-24 (-4.80%), 2026-09-28 (-4.15%)",-5.24,3.74,2.56
MOTISONS,Retail Trade,Specialty Stores,0,0,0,1,4,9,1,1,2,-,-,-,2026-09-23 (+4.71%),"2026-09-04 (+7.22%), 2026-09-16 (+7.43%), 2026-09-17 (+7.94%), 2026-09-23 (+4.71%)","2026-07-06 (+5.86%), 2026-07-23 (+5.35%), 2026-07-28 (+4.73%), 2026-08-13 (+7.50%), 2026-08-14 (+14.57%), 2026-09-04 (+7.22%), 2026-09-16 (+7.43%), 2026-09-17 (+7.94%), 2026-09-23 (+4.71%)",2026-09-25 (-5.00%),2026-09-25 (-5.00%),"2026-07-08 (-5.50%), 2026-09-25 (-5.00%)",-2.33,8.5,24.35
3IINFOLTD,Technology Services,Information Technology Services,0,0,0,0,2,9,0,0,3,-,-,-,-,"2026-09-15 (+4.99%), 2026-09-16 (+4.29%)","2026-07-22 (+4.45%), 2026-07-27 (+4.76%), 2026-07-28 (+6.24%), 2026-08-03 (+5.08%), 2026-08-10 (+5.20%), 2026-08-21 (+4.99%), 2026-08-24 (+4.97%), 2026-09-15 (+4.99%), 2026-09-16 (+4.29%)",-,-,"2026-08-17 (-4.86%), 2026-08-18 (-4.99%), 2026-08-19 (-4.97%)",-10.26,1.48,34.18
PCJEWELLER,Consumer Durables,Other Consumer Specialties,0,0,0,1,4,9,1,3,6,-,-,-,2026-09-23 (+6.55%),"2026-09-04 (+12.74%), 2026-09-07 (+17.45%), 2026-09-22 (+6.18%), 2026-09-23 (+6.55%)","2026-07-03 (+4.57%), 2026-07-15 (+7.20%), 2026-08-03 (+4.10%), 2026-08-21 (+6.35%), 2026-08-24 (+8.81%), 2026-09-04 (+12.74%), 2026-09-07 (+17.45%), 2026-09-22 (+6.18%), 2026-09-23 (+6.55%)",2026-09-28 (-4.18%),"2026-09-01 (-6.10%), 2026-09-15 (-5.91%), 2026-09-28 (-4.18%)","2026-07-06 (-8.16%), 2026-07-17 (-6.01%), 2026-07-23 (-5.27%), 2026-09-01 (-6.10%), 2026-09-15 (-5.91%), 2026-09-28 (-4.18%)",-2.58,20.38,34.31
RHETAN,Non-Energy Minerals,Steel,0,0,0,2,7,9,3,12,18,-,-,-,"2026-09-28 (+4.88%), 2026-09-29 (+4.90%)","2026-09-02 (+9.94%), 2026-09-03 (+9.94%), 2026-09-04 (+10.00%), 2026-09-07 (+4.96%), 2026-09-08 (+4.95%), 2026-09-28 (+4.88%), 2026-09-29 (+4.90%)","2026-07-15 (+11.13%), 2026-08-21 (+9.94%), 2026-09-02 (+9.94%), 2026-09-03 (+9.94%), 2026-09-04 (+10.00%), 2026-09-07 (+4.96%), 2026-09-08 (+4.95%), 2026-09-28 (+4.88%), 2026-09-29 (+4.90%)","2026-09-23 (-4.98%), 2026-09-24 (-4.94%), 2026-09-25 (-4.95%)","2026-09-09 (-5.00%), 2026-09-10 (-5.00%), 2026-09-11 (-4.99%), 2026-09-15 (-5.00%), 2026-09-16 (-5.00%), 2026-09-17 (-4.98%), 2026-09-18 (-4.95%), 2026-09-21 (-4.96%), 2026-09-22 (-5.00%), 2026-09-23 (-4.98%), 2026-09-24 (-4.94%), 2026-09-25 (-4.95%)","2026-07-17 (-9.20%), 2026-08-11 (-19.99%), 2026-08-13 (-19.72%), 2026-08-24 (-9.95%), 2026-08-28 (-4.33%), 2026-08-31 (-5.91%), 2026-09-09 (-5.00%), 2026-09-10 (-5.00%), 2026-09-11 (-4.99%), 2026-09-15 (-5.00%), 2026-09-16 (-5.00%), 2026-09-17 (-4.98%), 2026-09-18 (-4.95%), 2026-09-21 (-4.96%), 2026-09-22 (-5.00%), 2026-09-23 (-4.98%), 2026-09-24 (-4.94%), 2026-09-25 (-4.95%)",-5.55,-12.66,-37.26
MMWL,Technology Services,Information Technology Services,0,0,0,2,2,8,0,1,5,-,-,-,"2026-09-24 (+4.96%), 2026-09-25 (+4.94%)","2026-09-24 (+4.96%), 2026-09-25 (+4.94%)","2026-07-17 (+4.90%), 2026-07-22 (+4.48%), 2026-08-05 (+4.99%), 2026-08-07 (+4.92%), 2026-08-21 (+4.98%), 2026-08-24 (+4.54%), 2026-09-24 (+4.96%), 2026-09-25 (+4.94%)",-,2026-09-16 (-4.72%),"2026-07-23 (-4.50%), 2026-08-12 (-4.45%), 2026-08-17 (-4.16%), 2026-08-27 (-4.04%), 2026-09-16 (-4.72%)",6.25,-4.66,7.54
ALLCARGO,Transportation,Air Freight/Couriers,0,0,0,1,1,8,0,1,5,-,-,-,2026-09-23 (+4.12%),2026-09-23 (+4.12%),"2026-08-06 (+19.90%), 2026-08-10 (+5.29%), 2026-08-11 (+5.13%), 2026-08-20 (+4.06%), 2026-08-21 (+15.79%), 2026-08-24 (+9.53%), 2026-08-26 (+8.65%), 2026-09-23 (+4.12%)",-,2026-09-15 (-4.61%),"2026-08-07 (-5.12%), 2026-08-13 (-5.18%), 2026-08-25 (-8.03%), 2026-08-27 (-5.63%), 2026-09-15 (-4.61%)",-3.66,-11.88,25.81
VISACHROME,Non-Energy Minerals,Steel,0,0,0,3,5,8,1,7,8,-,-,-,"2026-09-23 (+4.98%), 2026-09-24 (+4.40%), 2026-09-29 (+4.98%)","2026-09-21 (+4.99%), 2026-09-22 (+4.97%), 2026-09-23 (+4.98%), 2026-09-24 (+4.40%), 2026-09-29 (+4.98%)","2026-08-17 (+4.12%), 2026-08-28 (+5.00%), 2026-08-31 (+4.99%), 2026-09-21 (+4.99%), 2026-09-22 (+4.97%), 2026-09-23 (+4.98%), 2026-09-24 (+4.40%), 2026-09-29 (+4.98%)",2026-09-25 (-4.95%),"2026-09-02 (-4.08%), 2026-09-07 (-4.20%), 2026-09-09 (-4.98%), 2026-09-15 (-4.28%), 2026-09-16 (-4.98%), 2026-09-17 (-4.99%), 2026-09-25 (-4.95%)","2026-07-08 (-4.98%), 2026-09-02 (-4.08%), 2026-09-07 (-4.20%), 2026-09-09 (-4.98%), 2026-09-15 (-4.28%), 2026-09-16 (-4.98%), 2026-09-17 (-4.99%), 2026-09-25 (-4.95%)",5.61,-14.63,-16.0
JAIBALAJI,Non-Energy Minerals,Steel,0,0,0,0,0,7,0,1,1,-,-,-,-,-,"2026-08-03 (+4.99%), 2026-08-04 (+4.54%), 2026-08-07 (+4.26%), 2026-08-10 (+4.47%), 2026-08-13 (+4.65%), 2026-08-26 (+4.53%), 2026-08-31 (+4.23%)",-,2026-09-15 (-4.33%),2026-09-15 (-4.33%),-1.52,-12.21,-6.56
SIGACHI,Health Technology,Pharmaceuticals: Major,0,0,0,0,3,7,0,2,2,-,-,-,-,"2026-09-04 (+6.73%), 2026-09-10 (+6.49%), 2026-09-21 (+5.14%)","2026-08-13 (+4.71%), 2026-08-18 (+12.37%), 2026-08-20 (+4.95%), 2026-08-25 (+11.18%), 2026-09-04 (+6.73%), 2026-09-10 (+6.49%), 2026-09-21 (+5.14%)",-,"2026-09-15 (-16.93%), 2026-09-17 (-5.87%)","2026-09-15 (-16.93%), 2026-09-17 (-5.87%)",-6.04,-11.83,25.59
PRIMO,Process Industries,Chemicals: Specialty,0,0,0,2,5,7,0,2,3,-,-,-,"2026-09-25 (+13.41%), 2026-09-28 (+11.27%)","2026-09-09 (+4.21%), 2026-09-11 (+9.26%), 2026-09-21 (+4.50%), 2026-09-25 (+13.41%), 2026-09-28 (+11.27%)","2026-07-30 (+10.49%), 2026-08-14 (+4.70%), 2026-09-09 (+4.21%), 2026-09-11 (+9.26%), 2026-09-21 (+4.50%), 2026-09-25 (+13.41%), 2026-09-28 (+11.27%)",-,"2026-09-15 (-5.90%), 2026-09-16 (-4.30%)","2026-08-17 (-9.13%), 2026-09-15 (-5.90%), 2026-09-16 (-4.30%)",20.67,28.36,13.89
BESTAGRO,Process Industries,Chemicals: Agricultural,0,0,0,0,3,7,0,1,3,-,-,-,-,"2026-09-02 (+9.99%), 2026-09-03 (+8.08%), 2026-09-07 (+4.04%)","2026-07-27 (+4.95%), 2026-07-29 (+9.70%), 2026-07-31 (+15.18%), 2026-08-04 (+19.96%), 2026-09-02 (+9.99%), 2026-09-03 (+8.08%), 2026-09-07 (+4.04%)",-,2026-09-04 (-5.16%),"2026-07-28 (-4.09%), 2026-08-05 (-7.46%), 2026-09-04 (-5.16%)",-2.62,4.08,12.82
ABINFRA,Industrial Services,Engineering & Construction,0,0,0,0,2,7,0,0,4,-,-,-,-,"2026-09-18 (+4.99%), 2026-09-21 (+4.84%)","2026-08-11 (+6.19%), 2026-08-17 (+5.09%), 2026-08-18 (+10.65%), 2026-08-19 (+7.00%), 2026-08-28 (+4.05%), 2026-09-18 (+4.99%), 2026-09-21 (+4.84%)",-,-,"2026-07-08 (-6.00%), 2026-08-21 (-5.32%), 2026-08-26 (-4.93%), 2026-08-27 (-4.94%)",2.04,5.75,13.64
ELITECON,Consumer Non-Durables,Tobacco,0,0,0,2,7,7,3,12,18,-,-,-,"2026-09-23 (+4.46%), 2026-09-24 (+4.60%)","2026-09-10 (+4.70%), 2026-09-11 (+4.87%), 2026-09-15 (+4.77%), 2026-09-21 (+4.51%), 2026-09-22 (+4.67%), 2026-09-23 (+4.46%), 2026-09-24 (+4.60%)","2026-09-10 (+4.70%), 2026-09-11 (+4.87%), 2026-09-15 (+4.77%), 2026-09-21 (+4.51%), 2026-09-22 (+4.67%), 2026-09-23 (+4.46%), 2026-09-24 (+4.60%)","2026-09-25 (-4.92%), 2026-09-28 (-4.96%), 2026-09-29 (-4.98%)","2026-09-01 (-4.98%), 2026-09-02 (-4.95%), 2026-09-03 (-4.99%), 2026-09-04 (-4.93%), 2026-09-07 (-4.95%), 2026-09-08 (-4.97%), 2026-09-09 (-4.97%), 2026-09-16 (-4.90%), 2026-09-17 (-4.91%), 2026-09-25 (-4.92%), 2026-09-28 (-4.96%), 2026-09-29 (-4.98%)","2026-08-21 (-6.49%), 2026-08-25 (-9.41%), 2026-08-26 (-9.96%), 2026-08-27 (-4.92%), 2026-08-28 (-4.92%), 2026-08-31 (-5.00%), 2026-09-01 (-4.98%), 2026-09-02 (-4.95%), 2026-09-03 (-4.99%), 2026-09-04 (-4.93%), 2026-09-07 (-4.95%), 2026-09-08 (-4.97%), 2026-09-09 (-4.97%), 2026-09-16 (-4.90%), 2026-09-17 (-4.91%), 2026-09-25 (-4.92%), 2026-09-28 (-4.96%), 2026-09-29 (-4.98%)",-6.18,-22.93,
RMDRIP,Producer Manufacturing,Industrial Machinery,0,0,0,0,3,6,0,0,0,-,-,-,-,"2026-09-08 (+4.90%), 2026-09-09 (+4.28%), 2026-09-21 (+4.01%)","2026-07-14 (+4.82%), 2026-08-25 (+4.56%), 2026-08-31 (+4.41%), 2026-09-08 (+4.90%), 2026-09-09 (+4.28%), 2026-09-21 (+4.01%)",-,-,-,-0.84,15.12,18.19
SADHNANIQ,Process Industries,Chemicals: Specialty,0,0,0,0,1,6,1,1,1,-,-,-,-,2026-09-21 (+4.73%),"2026-08-03 (+4.89%), 2026-08-04 (+4.66%), 2026-08-07 (+4.86%), 2026-08-10 (+4.97%), 2026-08-11 (+4.73%), 2026-09-21 (+4.73%)",2026-09-28 (-4.96%),2026-09-28 (-4.96%),2026-09-28 (-4.96%),-9.12,-9.12,-8.16
KWIL,Consumer Non-Durables,Food: Meat/Fish/Dairy,0,0,0,0,0,6,0,1,1,-,-,-,-,-,"2026-08-03 (+7.28%), 2026-08-06 (+7.04%), 2026-08-12 (+4.48%), 2026-08-17 (+7.78%), 2026-08-20 (+15.27%), 2026-08-21 (+11.23%)",-,2026-09-15 (-5.13%),2026-09-15 (-5.13%),-2.36,-9.65,20.69
RUSHIL,Non-Energy Minerals,Forest Products,0,0,0,0,1,6,0,1,3,-,-,-,-,2026-09-18 (+10.85%),"2026-07-20 (+5.41%), 2026-07-22 (+7.80%), 2026-07-24 (+4.59%), 2026-07-28 (+4.31%), 2026-08-04 (+7.59%), 2026-09-18 (+10.85%)",-,2026-09-21 (-5.68%),"2026-07-29 (-4.02%), 2026-08-10 (-4.71%), 2026-09-21 (-5.68%)",-3.41,-1.65,-2.54
MERCURYEV,Distribution Services,Wholesale Distributors,0,0,0,0,2,6,0,1,3,-,-,-,-,"2026-09-10 (+9.99%), 2026-09-17 (+4.50%)","2026-07-06 (+4.98%), 2026-08-14 (+4.28%), 2026-08-19 (+7.12%), 2026-08-20 (+4.89%), 2026-09-10 (+9.99%), 2026-09-17 (+4.50%)",-,2026-09-16 (-4.38%),"2026-07-07 (-4.58%), 2026-08-25 (-4.59%), 2026-09-16 (-4.38%)",-3.11,-0.69,11.72
HTMEDIA,Consumer Services,Publishing: Newspapers,0,0,0,0,1,6,0,1,3,-,-,-,-,2026-09-17 (+4.39%),"2026-07-03 (+11.44%), 2026-07-09 (+7.60%), 2026-07-14 (+5.23%), 2026-08-04 (+6.55%), 2026-08-05 (+8.15%), 2026-09-17 (+4.39%)",-,2026-09-15 (-5.50%),"2026-07-08 (-6.96%), 2026-08-06 (-6.11%), 2026-09-15 (-5.50%)",-4.05,-12.4,9.93
MUKKA,Consumer Non-Durables,Food: Meat/Fish/Dairy,0,0,0,0,5,6,0,4,4,-,-,-,-,"2026-09-01 (+7.62%), 2026-09-03 (+6.96%), 2026-09-04 (+9.12%), 2026-09-11 (+5.23%), 2026-09-21 (+4.90%)","2026-08-13 (+8.19%), 2026-09-01 (+7.62%), 2026-09-03 (+6.96%), 2026-09-04 (+9.12%), 2026-09-11 (+5.23%), 2026-09-21 (+4.90%)",-,"2026-09-08 (-4.45%), 2026-09-16 (-5.93%), 2026-09-17 (-4.23%), 2026-09-18 (-4.77%)","2026-09-08 (-4.45%), 2026-09-16 (-5.93%), 2026-09-17 (-4.23%), 2026-09-18 (-4.77%)",-3.8,6.13,10.31
BAJAJHIND,Process Industries,Agricultural Commodities/Milling,0,0,0,1,2,6,0,2,4,-,-,-,2026-09-25 (+4.42%),"2026-09-07 (+4.16%), 2026-09-25 (+4.42%)","2026-08-03 (+4.60%), 2026-08-19 (+9.57%), 2026-08-20 (+14.47%), 2026-08-24 (+4.76%), 2026-09-07 (+4.16%), 2026-09-25 (+4.42%)",-,"2026-09-09 (-5.78%), 2026-09-15 (-5.87%)","2026-08-25 (-5.86%), 2026-08-26 (-4.52%), 2026-09-09 (-5.78%), 2026-09-15 (-5.87%)",-1.53,-11.08,10.51
INDOTHAI,Finance,Investment Banks/Brokers,0,0,0,2,6,6,2,12,35,-,-,-,"2026-09-24 (+4.94%), 2026-09-29 (+5.00%)","2026-09-07 (+4.98%), 2026-09-08 (+4.98%), 2026-09-09 (+5.00%), 2026-09-10 (+4.98%), 2026-09-24 (+4.94%), 2026-09-29 (+5.00%)","2026-09-07 (+4.98%), 2026-09-08 (+4.98%), 2026-09-09 (+5.00%), 2026-09-10 (+4.98%), 2026-09-24 (+4.94%), 2026-09-29 (+5.00%)","2026-09-23 (-4.97%), 2026-09-28 (-4.55%)","2026-09-01 (-4.99%), 2026-09-02 (-4.99%), 2026-09-03 (-5.00%), 2026-09-04 (-5.00%), 2026-09-11 (-5.20%), 2026-09-15 (-4.98%), 2026-09-16 (-4.98%), 2026-09-17 (-4.98%), 2026-09-18 (-4.98%), 2026-09-22 (-4.99%), 2026-09-23 (-4.97%), 2026-09-28 (-4.55%)","2026-07-06 (-5.00%), 2026-07-07 (-6.58%), 2026-08-03 (-20.00%), 2026-08-04 (-20.00%), 2026-08-05 (-10.00%), 2026-08-06 (-10.00%), 2026-08-07 (-10.00%), 2026-08-10 (-4.99%), 2026-08-11 (-5.00%), 2026-08-12 (-4.99%), 2026-08-13 (-5.00%), 2026-08-14 (-4.99%), 2026-08-17 (-4.99%), 2026-08-18 (-5.00%), 2026-08-19 (-4.99%), 2026-08-20 (-4.99%), 2026-08-21 (-5.00%), 2026-08-24 (-4.99%), 2026-08-25 (-4.99%), 2026-08-26 (-5.00%), 2026-08-27 (-4.98%), 2026-08-28 (-5.00%), 2026-08-31 (-4.98%), 2026-09-01 (-4.99%), 2026-09-02 (-4.99%), 2026-09-03 (-5.00%), 2026-09-04 (-5.00%), 2026-09-11 (-5.20%), 2026-09-15 (-4.98%), 2026-09-16 (-4.98%), 2026-09-17 (-4.98%), 2026-09-18 (-4.98%), 2026-09-22 (-4.99%), 2026-09-23 (-4.97%), 2026-09-28 (-4.55%)",-1.39,-27.23,-87.15
PROZONER,Finance,Real Estate Development,0,0,0,1,3,5,0,0,0,-,-,-,2026-09-25 (+4.78%),"2026-09-04 (+7.20%), 2026-09-10 (+4.85%), 2026-09-25 (+4.78%)","2026-07-23 (+7.72%), 2026-08-25 (+7.21%), 2026-09-04 (+7.20%), 2026-09-10 (+4.85%), 2026-09-25 (+4.78%)",-,-,-,7.6,25.14,20.21
DATAMATICS,Technology Services,Packaged Software,0,0,0,1,2,5,0,0,0,-,-,-,2026-09-29 (+4.74%),"2026-09-09 (+4.61%), 2026-09-29 (+4.74%)","2026-07-10 (+4.24%), 2026-07-27 (+4.05%), 2026-08-05 (+4.38%), 2026-09-09 (+4.61%), 2026-09-29 (+4.74%)",-,-,-,7.33,5.05,-0.67
XTGLOBAL,Technology Services,Information Technology Services,0,0,0,0,1,5,0,0,1,-,-,-,-,2026-09-03 (+6.22%),"2026-07-03 (+4.38%), 2026-07-28 (+10.18%), 2026-07-31 (+5.99%), 2026-08-28 (+7.63%), 2026-09-03 (+6.22%)",-,-,2026-08-06 (-4.15%),-2.36,-4.76,5.56
SAILIFE,Commercial Services,Miscellaneous Commercial Services,0,0,0,0,3,5,0,1,1,-,-,-,-,"2026-09-01 (+4.00%), 2026-09-02 (+4.54%), 2026-09-08 (+4.27%)","2026-07-27 (+4.39%), 2026-08-10 (+4.47%), 2026-09-01 (+4.00%), 2026-09-02 (+4.54%), 2026-09-08 (+4.27%)",-,2026-09-10 (-5.03%),2026-09-10 (-5.03%),-2.54,6.86,26.0
RAMASTEEL,Non-Energy Minerals,Steel,0,0,0,0,3,5,0,1,1,-,-,-,-,"2026-09-16 (+4.81%), 2026-09-17 (+4.85%), 2026-09-18 (+4.14%)","2026-08-04 (+4.98%), 2026-08-05 (+4.97%), 2026-09-16 (+4.81%), 2026-09-17 (+4.85%), 2026-09-18 (+4.14%)",-,2026-09-15 (-4.83%),2026-09-15 (-4.83%),-1.32,3.46,-3.86
MWL,Non-Energy Minerals,Steel,0,0,0,1,3,5,0,0,1,-,-,-,2026-09-23 (+6.19%),"2026-09-10 (+4.77%), 2026-09-18 (+5.82%), 2026-09-23 (+6.19%)","2026-08-03 (+5.28%), 2026-08-04 (+11.48%), 2026-09-10 (+4.77%), 2026-09-18 (+5.82%), 2026-09-23 (+6.19%)",-,-,2026-08-31 (-4.07%),3.26,14.45,15.1
SINDHUTRAD,Transportation,Air Freight/Couriers,0,0,0,0,2,5,0,1,2,-,-,-,-,"2026-09-04 (+5.55%), 2026-09-18 (+6.23%)","2026-07-03 (+5.65%), 2026-08-18 (+5.04%), 2026-08-26 (+6.30%), 2026-09-04 (+5.55%), 2026-09-18 (+6.23%)",-,2026-09-10 (-4.72%),"2026-07-08 (-4.32%), 2026-09-10 (-4.72%)",-5.18,-8.52,-10.21
CELLECOR,Consumer Durables,Electronics/Appliances,0,0,0,0,2,5,0,0,2,-,-,-,-,"2026-09-02 (+4.78%), 2026-09-22 (+4.11%)","2026-07-06 (+4.92%), 2026-08-24 (+4.30%), 2026-08-26 (+4.39%), 2026-09-02 (+4.78%), 2026-09-22 (+4.11%)",-,-,"2026-07-08 (-4.29%), 2026-08-04 (-4.75%)",0.86,-11.69,-20.3
CCAVENUE,Commercial Services,Miscellaneous Commercial Services,0,0,0,0,2,5,0,0,2,-,-,-,-,"2026-09-11 (+6.05%), 2026-09-17 (+6.53%)","2026-07-09 (+5.48%), 2026-07-10 (+5.72%), 2026-08-03 (+9.97%), 2026-09-11 (+6.05%), 2026-09-17 (+6.53%)",-,-,"2026-07-30 (-4.20%), 2026-08-11 (-6.39%)",-4.66,2.2,-11.57
CARBORUNIV,Process Industries,Industrial Specialties,0,0,0,1,3,5,0,1,2,-,-,-,2026-09-23 (+4.39%),"2026-09-04 (+4.88%), 2026-09-21 (+4.85%), 2026-09-23 (+4.39%)","2026-08-11 (+4.71%), 2026-08-20 (+4.64%), 2026-09-04 (+4.88%), 2026-09-21 (+4.85%), 2026-09-23 (+4.39%)",-,2026-09-15 (-4.04%),"2026-08-24 (-4.07%), 2026-09-15 (-4.04%)",-0.89,8.49,5.15
MSPL,Non-Energy Minerals,Steel,0,0,0,1,2,5,0,0,3,-,-,-,2026-09-23 (+6.53%),"2026-09-02 (+5.77%), 2026-09-23 (+6.53%)","2026-08-05 (+4.97%), 2026-08-06 (+4.63%), 2026-08-28 (+5.20%), 2026-09-02 (+5.77%), 2026-09-23 (+6.53%)",-,-,"2026-07-15 (-4.36%), 2026-07-31 (-4.83%), 2026-08-07 (-4.10%)",0.48,-5.44,-21.23
JISLJALEQS,Producer Manufacturing,Trucks/Construction/Farm Machinery,0,0,0,0,2,5,0,2,3,-,-,-,-,"2026-09-04 (+9.62%), 2026-09-07 (+5.31%)","2026-08-03 (+4.64%), 2026-08-17 (+4.68%), 2026-08-26 (+7.58%), 2026-09-04 (+9.62%), 2026-09-07 (+5.31%)",-,"2026-09-08 (-4.28%), 2026-09-22 (-6.56%)","2026-08-10 (-8.44%), 2026-09-08 (-4.28%), 2026-09-22 (-6.56%)",0.14,2.44,-17.49
OLAELEC,Consumer Durables,Motor Vehicles,0,0,0,1,2,5,1,1,4,-,-,-,2026-09-23 (+10.83%),"2026-09-10 (+4.93%), 2026-09-23 (+10.83%)","2026-08-05 (+7.44%), 2026-08-26 (+4.97%), 2026-08-31 (+5.49%), 2026-09-10 (+4.93%), 2026-09-23 (+10.83%)",2026-09-25 (-9.50%),2026-09-25 (-9.50%),"2026-07-06 (-4.70%), 2026-07-22 (-5.29%), 2026-08-10 (-4.31%), 2026-09-25 (-9.50%)",-0.95,-9.0,-17.78
COFFEEDAY,Consumer Services,Restaurants,0,0,0,0,3,5,0,2,4,-,-,-,-,"2026-09-03 (+5.00%), 2026-09-04 (+4.98%), 2026-09-08 (+9.99%)","2026-08-03 (+4.98%), 2026-08-04 (+5.00%), 2026-09-03 (+5.00%), 2026-09-04 (+4.98%), 2026-09-08 (+9.99%)",-,"2026-09-07 (-5.26%), 2026-09-15 (-4.10%)","2026-08-07 (-4.99%), 2026-08-10 (-4.10%), 2026-09-07 (-5.26%), 2026-09-15 (-4.10%)",-0.26,3.49,-6.67
SHREERAMA,Process Industries,Containers/Packaging,0,0,0,1,3,5,1,2,6,-,-,-,2026-09-23 (+4.81%),"2026-09-03 (+8.24%), 2026-09-09 (+6.46%), 2026-09-23 (+4.81%)","2026-08-14 (+9.80%), 2026-08-17 (+5.66%), 2026-09-03 (+8.24%), 2026-09-09 (+6.46%), 2026-09-23 (+4.81%)",2026-09-24 (-4.19%),"2026-09-15 (-6.13%), 2026-09-24 (-4.19%)","2026-07-08 (-4.47%), 2026-07-28 (-4.40%), 2026-08-04 (-5.13%), 2026-08-19 (-4.25%), 2026-09-15 (-6.13%), 2026-09-24 (-4.19%)",0.05,5.15,1.53
GRMOVER,Process Industries,Agricultural Commodities/Milling,0,0,0,0,0,4,0,0,0,-,-,-,-,-,"2026-07-03 (+4.92%), 2026-08-03 (+5.74%), 2026-08-11 (+4.02%), 2026-08-24 (+4.07%)",-,-,-,-2.27,-8.92,-16.33
RENUKA,Process Industries,Agricultural Commodities/Milling,0,0,0,0,1,4,0,1,1,-,-,-,-,2026-09-07 (+4.62%),"2026-08-17 (+4.78%), 2026-08-19 (+4.03%), 2026-08-20 (+7.80%), 2026-09-07 (+4.62%)",-,2026-09-15 (-5.55%),2026-09-15 (-5.55%),-1.23,-9.48,-2.68
ORIENTCER,Non-Energy Minerals,Aluminum,0,0,0,0,1,4,1,1,1,-,-,-,-,2026-09-09 (+5.11%),"2026-08-14 (+4.28%), 2026-08-20 (+8.37%), 2026-08-26 (+4.00%), 2026-09-09 (+5.11%)",2026-09-28 (-4.06%),2026-09-28 (-4.06%),2026-09-28 (-4.06%),-5.16,1.63,11.87
NDL,Process Industries,Textiles,0,0,0,0,2,4,0,0,1,-,-,-,-,"2026-09-07 (+5.30%), 2026-09-16 (+5.09%)","2026-08-21 (+19.91%), 2026-08-24 (+12.18%), 2026-09-07 (+5.30%), 2026-09-16 (+5.09%)",-,-,2026-08-31 (-6.29%),-5.07,-7.42,7.82
MICEL,Health Technology,Medical Specialties,0,0,0,0,0,4,0,0,1,-,-,-,-,-,"2026-07-31 (+4.89%), 2026-08-26 (+4.99%), 2026-08-27 (+4.99%), 2026-08-28 (+4.98%)",-,-,2026-08-31 (-4.16%),5.79,-13.34,-10.58
ESAFSFB,Finance,Regional Banks,0,0,0,1,1,4,0,0,1,-,-,-,2026-09-25 (+5.00%),2026-09-25 (+5.00%),"2026-07-09 (+5.43%), 2026-07-24 (+8.83%), 2026-07-31 (+15.27%), 2026-09-25 (+5.00%)",-,-,2026-08-07 (-5.34%),12.87,3.65,32.64
CMSINFO,Finance,Investment Managers,0,0,0,0,1,4,0,0,1,-,-,-,-,2026-09-16 (+4.25%),"2026-07-13 (+4.27%), 2026-08-03 (+4.44%), 2026-08-13 (+4.05%), 2026-09-16 (+4.25%)",-,-,2026-08-11 (-4.74%),-2.32,-5.92,-16.83
BCG,Technology Services,Packaged Software,0,0,0,0,3,4,0,1,1,-,-,-,-,"2026-09-07 (+7.13%), 2026-09-08 (+9.88%), 2026-09-18 (+4.06%)","2026-08-10 (+6.24%), 2026-09-07 (+7.13%), 2026-09-08 (+9.88%), 2026-09-18 (+4.06%)",-,2026-09-21 (-5.75%),2026-09-21 (-5.75%),-3.33,2.65,-6.36
WELSPUNLIV,Consumer Non-Durables,Consumer Sundries,0,0,0,0,1,4,0,0,2,-,-,-,-,2026-09-17 (+4.65%),"2026-07-13 (+4.80%), 2026-08-18 (+5.73%), 2026-08-20 (+4.11%), 2026-09-17 (+4.65%)",-,-,"2026-07-08 (-4.40%), 2026-07-14 (-5.51%)",1.67,14.78,34.99
GPECO,Distribution Services,Wholesale Distributors,0,0,0,0,2,4,0,1,2,-,-,-,-,"2026-09-03 (+5.00%), 2026-09-04 (+4.56%)","2026-07-10 (+4.80%), 2026-08-26 (+4.62%), 2026-09-03 (+5.00%), 2026-09-04 (+4.56%)",-,2026-09-07 (-5.36%),"2026-08-17 (-4.43%), 2026-09-07 (-5.36%)",-1.26,-1.18,-7.88
SCHNEIDER,Producer Manufacturing,Electrical Products,0,0,0,0,0,4,0,0,3,-,-,-,-,-,"2026-07-20 (+4.89%), 2026-07-31 (+4.38%), 2026-08-10 (+5.17%), 2026-08-18 (+5.13%)",-,-,"2026-07-10 (-4.78%), 2026-08-17 (-11.47%), 2026-08-24 (-4.84%)",-1.77,-2.17,-17.97
RADIANTCMS,Commercial Services,Miscellaneous Commercial Services,0,0,0,0,2,4,0,3,3,-,-,-,-,"2026-09-04 (+4.79%), 2026-09-16 (+6.02%)","2026-08-25 (+7.57%), 2026-08-26 (+7.30%), 2026-09-04 (+4.79%), 2026-09-16 (+6.02%)",-,"2026-09-10 (-6.76%), 2026-09-11 (-4.10%), 2026-09-17 (-4.70%)","2026-09-10 (-6.76%), 2026-09-11 (-4.10%), 2026-09-17 (-4.70%)",1.16,-10.2,-8.24
HCC,Industrial Services,Engineering & Construction,0,0,0,0,0,4,0,1,3,-,-,-,-,-,"2026-08-20 (+7.01%), 2026-08-24 (+7.09%), 2026-08-26 (+5.62%), 2026-08-27 (+5.11%)",-,2026-09-15 (-6.20%),"2026-07-08 (-4.32%), 2026-08-07 (-4.78%), 2026-09-15 (-6.20%)",-4.43,-13.09,-19.01
ATL,Transportation,Marine Shipping,0,0,0,1,2,4,0,1,3,-,-,-,2026-09-23 (+6.49%),"2026-09-04 (+4.33%), 2026-09-23 (+6.49%)","2026-08-06 (+10.31%), 2026-08-24 (+10.98%), 2026-09-04 (+4.33%), 2026-09-23 (+6.49%)",-,2026-09-02 (-6.04%),"2026-08-13 (-4.14%), 2026-08-31 (-4.29%), 2026-09-02 (-6.04%)",0.49,-5.45,2.9
SBGLP,Finance,Real Estate Development,0,0,0,1,4,4,1,4,4,-,-,-,2026-09-23 (+4.16%),"2026-09-03 (+5.97%), 2026-09-17 (+19.96%), 2026-09-21 (+4.45%), 2026-09-23 (+4.16%)","2026-09-03 (+5.97%), 2026-09-17 (+19.96%), 2026-09-21 (+4.45%), 2026-09-23 (+4.16%)",2026-09-24 (-5.84%),"2026-09-02 (-4.27%), 2026-09-10 (-6.46%), 2026-09-18 (-13.77%), 2026-09-24 (-5.84%)","2026-09-02 (-4.27%), 2026-09-10 (-6.46%), 2026-09-18 (-13.77%), 2026-09-24 (-5.84%)",-1.54,-4.88,-9.17
KILITCH,Health Technology,Pharmaceuticals: Major,0,0,0,1,4,4,0,0,4,-,-,-,2026-09-23 (+5.00%),"2026-09-04 (+4.89%), 2026-09-21 (+5.00%), 2026-09-22 (+5.00%), 2026-09-23 (+5.00%)","2026-09-04 (+4.89%), 2026-09-21 (+5.00%), 2026-09-22 (+5.00%), 2026-09-23 (+5.00%)",-,-,"2026-07-03 (-4.34%), 2026-08-14 (-5.00%), 2026-08-17 (-5.00%), 2026-08-18 (-4.99%)",2.7,26.19,5.47
AHLWEST,Consumer Services,Hotels/Resorts/Cruise lines,0,0,0,0,2,4,0,1,4,-,-,-,-,"2026-09-16 (+4.79%), 2026-09-17 (+4.01%)","2026-07-29 (+4.79%), 2026-08-31 (+4.79%), 2026-09-16 (+4.79%), 2026-09-17 (+4.01%)",-,2026-09-03 (-4.29%),"2026-07-28 (-4.40%), 2026-08-18 (-4.96%), 2026-08-24 (-4.94%), 2026-09-03 (-4.29%)",-2.94,0.95,-10.06
GRANDOAK,Finance,Finance/Rental/Leasing,0,0,0,2,3,4,0,2,5,-,-,-,"2026-09-23 (+4.35%), 2026-09-29 (+4.75%)","2026-09-09 (+4.92%), 2026-09-23 (+4.35%), 2026-09-29 (+4.75%)","2026-08-21 (+4.74%), 2026-09-09 (+4.92%), 2026-09-23 (+4.35%), 2026-09-29 (+4.75%)",-,"2026-09-02 (-4.55%), 2026-09-11 (-4.66%)","2026-08-19 (-4.40%), 2026-08-20 (-4.13%), 2026-08-25 (-4.30%), 2026-09-02 (-4.55%), 2026-09-11 (-4.66%)",6.31,-1.95,
PARACABLES,Producer Manufacturing,Electrical Products,0,0,0,0,1,4,1,2,6,-,-,-,-,2026-09-08 (+5.24%),"2026-08-07 (+4.35%), 2026-08-28 (+5.05%), 2026-08-31 (+4.76%), 2026-09-08 (+5.24%)",2026-09-28 (-5.78%),"2026-09-15 (-5.49%), 2026-09-28 (-5.78%)","2026-07-07 (-4.63%), 2026-07-08 (-5.12%), 2026-07-22 (-4.01%), 2026-08-14 (-4.98%), 2026-09-15 (-5.49%), 2026-09-28 (-5.78%)",-6.32,-11.46,-19.51
WAAREEINDO,Electronic Technology,Electronic Equipment/Instruments,0,0,0,0,1,4,3,4,10,-,-,-,-,2026-09-17 (+4.80%),"2026-08-03 (+4.99%), 2026-08-05 (+4.99%), 2026-08-06 (+4.80%), 2026-09-17 (+4.80%)","2026-09-24 (-4.99%), 2026-09-25 (-4.98%), 2026-09-28 (-4.98%)","2026-09-21 (-4.80%), 2026-09-24 (-4.99%), 2026-09-25 (-4.98%), 2026-09-28 (-4.98%)","2026-07-24 (-5.00%), 2026-07-27 (-4.99%), 2026-07-28 (-4.82%), 2026-07-30 (-4.98%), 2026-08-07 (-4.99%), 2026-08-10 (-4.99%), 2026-09-21 (-4.80%), 2026-09-24 (-4.99%), 2026-09-25 (-4.98%), 2026-09-28 (-4.98%)",-17.21,-21.6,-45.7
RKSWAMY,Commercial Services,Advertising/Marketing Services,0,0,0,1,1,3,0,0,0,-,-,-,2026-09-23 (+5.30%),2026-09-23 (+5.30%),"2026-07-03 (+4.68%), 2026-07-27 (+5.27%), 2026-09-23 (+5.30%)",-,-,-,1.91,-4.63,-13.53
JPPOWER,Utilities,Electric Utilities,0,0,0,0,1,3,0,0,0,-,-,-,-,2026-09-21 (+7.22%),"2026-07-21 (+5.09%), 2026-07-31 (+5.60%), 2026-09-21 (+7.22%)",-,-,-,-5.63,-7.23,-14.56
INTLCONV,Producer Manufacturing,Miscellaneous Manufacturing,0,0,0,1,1,3,0,0,0,-,-,-,2026-09-23 (+4.02%),2026-09-23 (+4.02%),"2026-08-17 (+4.41%), 2026-08-28 (+4.41%), 2026-09-23 (+4.02%)",-,-,-,2.75,0.65,1.24
GUFICBIO,Health Technology,Pharmaceuticals: Major,0,0,0,0,1,3,0,0,0,-,-,-,-,2026-09-02 (+4.22%),"2026-08-07 (+4.22%), 2026-08-21 (+4.30%), 2026-09-02 (+4.22%)",-,-,-,-1.28,7.43,10.69
SOUTHBANK,Finance,Major Banks,0,0,0,2,3,3,0,0,1,-,-,-,"2026-09-23 (+4.09%), 2026-09-24 (+5.99%)","2026-09-03 (+4.29%), 2026-09-23 (+4.09%), 2026-09-24 (+5.99%)","2026-09-03 (+4.29%), 2026-09-23 (+4.09%), 2026-09-24 (+5.99%)",-,-,2026-07-08 (-8.33%),7.69,6.68,6.96
SIGNATURE,Finance,Real Estate Development,0,0,0,0,0,3,0,0,1,-,-,-,-,-,"2026-07-06 (+4.10%), 2026-07-09 (+5.09%), 2026-07-10 (+4.96%)",-,-,2026-07-16 (-5.77%),-1.13,-3.18,-0.21
SARVESHWAR,Process Industries,Agricultural Commodities/Milling,0,0,0,0,3,3,0,1,1,-,-,-,-,"2026-09-07 (+9.23%), 2026-09-08 (+9.81%), 2026-09-10 (+5.56%)","2026-09-07 (+9.23%), 2026-09-08 (+9.81%), 2026-09-10 (+5.56%)",-,2026-09-09 (-6.20%),2026-09-09 (-6.20%),-6.27,2.38,-7.53
SAGILITY,Commercial Services,Miscellaneous Commercial Services,0,0,0,0,0,3,0,0,1,-,-,-,-,-,"2026-07-10 (+4.34%), 2026-07-27 (+7.10%), 2026-08-28 (+4.68%)",-,-,2026-07-31 (-5.61%),-6.73,-9.59,3.13
PRINCEPIPE,Producer Manufacturing,Industrial Machinery,0,0,0,0,1,3,0,1,1,-,-,-,-,2026-09-18 (+4.29%),"2026-08-04 (+4.82%), 2026-08-13 (+4.45%), 2026-09-18 (+4.29%)",-,2026-09-11 (-4.73%),2026-09-11 (-4.73%),-3.54,-13.01,-8.74
NILASPACES,Consumer Durables,Homebuilding,0,0,0,0,1,3,0,1,1,-,-,-,-,2026-09-08 (+4.50%),"2026-08-03 (+7.15%), 2026-08-17 (+4.55%), 2026-09-08 (+4.50%)",-,2026-09-09 (-4.85%),2026-09-09 (-4.85%),-7.15,-11.08,-13.22
IDEA,Communications,Wireless Telecommunications,0,0,0,0,0,3,1,1,1,-,-,-,-,-,"2026-08-12 (+4.73%), 2026-08-14 (+4.44%), 2026-08-25 (+7.96%)",2026-09-28 (-5.54%),2026-09-28 (-5.54%),2026-09-28 (-5.54%),-4.98,-5.37,-6.35
GODFRYPHLP,Consumer Non-Durables,Tobacco,0,0,0,0,0,3,0,0,1,-,-,-,-,-,"2026-07-24 (+4.06%), 2026-08-03 (+5.32%), 2026-08-04 (+4.00%)",-,-,2026-07-28 (-8.11%),-5.48,-11.54,-14.25
CCCL,Industrial Services,Engineering & Construction,0,0,0,0,0,3,0,0,1,-,-,-,-,-,"2026-07-09 (+6.52%), 2026-07-13 (+7.21%), 2026-08-14 (+6.03%)",-,-,2026-07-06 (-4.04%),-0.96,-8.74,-19.63
BCLIND,Consumer Non-Durables,Food: Major Diversified,0,0,0,0,0,3,0,0,1,-,-,-,-,-,"2026-07-13 (+8.53%), 2026-07-31 (+5.88%), 2026-08-24 (+4.08%)",-,-,2026-07-15 (-4.55%),-3.17,-11.44,-7.82
MIRZAINT,Consumer Non-Durables,Apparel/Footwear,0,0,0,0,0,3,0,1,2,-,-,-,-,-,"2026-07-06 (+5.38%), 2026-07-08 (+6.33%), 2026-07-17 (+4.20%)",-,2026-09-15 (-4.02%),"2026-07-13 (-4.92%), 2026-09-15 (-4.02%)",-3.54,-11.22,-18.13
MCLOUD,Technology Services,Information Technology Services,0,0,0,1,1,3,0,0,2,-,-,-,2026-09-29 (+4.89%),2026-09-29 (+4.89%),"2026-07-28 (+6.63%), 2026-08-18 (+7.77%), 2026-09-29 (+4.89%)",-,-,"2026-07-08 (-4.40%), 2026-08-17 (-6.00%)",-0.24,-5.74,-20.86
LANCER,Transportation,Marine Shipping,0,0,0,0,0,3,0,0,2,-,-,-,-,-,"2026-08-24 (+4.22%), 2026-08-25 (+4.42%), 2026-08-31 (+14.09%)",-,-,"2026-08-17 (-92.61%), 2026-08-19 (-4.76%)",-2.4,-0.78,
KAMDHENU,Non-Energy Minerals,Steel,0,0,0,0,0,3,0,0,2,-,-,-,-,-,"2026-07-06 (+4.99%), 2026-07-09 (+5.00%), 2026-08-21 (+4.63%)",-,-,"2026-07-08 (-4.96%), 2026-07-30 (-4.99%)",-7.47,6.19,23.5
JSLL,Health Services,Medical/Nursing Services,0,0,0,0,1,3,0,0,2,-,-,-,-,2026-09-18 (+4.00%),"2026-07-09 (+5.00%), 2026-08-06 (+4.32%), 2026-09-18 (+4.00%)",-,-,"2026-08-10 (-9.72%), 2026-08-12 (-5.14%)",-1.15,-0.31,-11.31
FISCHER,Process Industries,Chemicals: Specialty,0,0,0,1,2,3,0,1,2,-,-,-,2026-09-23 (+6.31%),"2026-09-01 (+4.43%), 2026-09-23 (+6.31%)","2026-07-30 (+9.09%), 2026-09-01 (+4.43%), 2026-09-23 (+6.31%)",-,2026-09-15 (-5.16%),"2026-08-24 (-4.38%), 2026-09-15 (-5.16%)",2.22,-4.35,-13.31
BAJAJHCARE,Health Technology,Pharmaceuticals: Major,0,0,0,1,1,3,0,0,2,-,-,-,2026-09-23 (+4.94%),2026-09-23 (+4.94%),"2026-07-09 (+4.46%), 2026-07-15 (+4.60%), 2026-09-23 (+4.94%)",-,-,"2026-07-21 (-4.45%), 2026-07-22 (-12.47%)",-0.33,0.39,-2.15
UNITECH,Industrial Services,Engineering & Construction,0,0,0,0,3,3,0,3,3,-,-,-,-,"2026-09-04 (+9.97%), 2026-09-10 (+7.65%), 2026-09-16 (+5.94%)","2026-09-04 (+9.97%), 2026-09-10 (+7.65%), 2026-09-16 (+5.94%)",-,"2026-09-08 (-4.27%), 2026-09-17 (-4.26%), 2026-09-21 (-4.18%)","2026-09-08 (-4.27%), 2026-09-17 (-4.26%), 2026-09-21 (-4.18%)",-4.16,2.89,-16.6
TREL,Finance,Real Estate Development,0,0,0,0,2,3,0,2,3,-,-,-,-,"2026-09-16 (+5.13%), 2026-09-17 (+10.14%)","2026-08-10 (+9.57%), 2026-09-16 (+5.13%), 2026-09-17 (+10.14%)",-,"2026-09-15 (-4.67%), 2026-09-21 (-10.05%)","2026-08-13 (-5.05%), 2026-09-15 (-4.67%), 2026-09-21 (-10.05%)",3.99,5.46,6.13
SHREEJISPG,Transportation,Other Transportation,0,0,0,0,0,3,0,0,3,-,-,-,-,-,"2026-07-09 (+4.45%), 2026-07-10 (+5.42%), 2026-08-18 (+4.00%)",-,-,"2026-08-11 (-4.96%), 2026-08-17 (-7.90%), 2026-08-20 (-5.56%)",6.11,18.41,48.23
JISLDVREQS,Producer Manufacturing,Trucks/Construction/Farm Machinery,0,0,0,0,1,3,0,0,3,-,-,-,-,2026-09-04 (+4.28%),"2026-07-03 (+4.56%), 2026-08-11 (+4.13%), 2026-09-04 (+4.28%)",-,-,"2026-07-06 (-4.25%), 2026-07-08 (-4.55%), 2026-08-10 (-11.38%)",-5.21,-5.26,-18.51
ICICIPRULI,Finance,Life/Health Insurance,0,0,0,0,1,3,1,3,3,-,-,-,-,2026-09-17 (+4.36%),"2026-07-10 (+4.00%), 2026-07-15 (+4.21%), 2026-09-17 (+4.36%)",2026-09-24 (-4.13%),"2026-09-01 (-4.18%), 2026-09-07 (-4.83%), 2026-09-24 (-4.13%)","2026-09-01 (-4.18%), 2026-09-07 (-4.83%), 2026-09-24 (-4.13%)",-8.65,-14.02,-10.36
HMAAGRO,Distribution Services,Food Distributors,0,0,0,0,1,3,0,0,3,-,-,-,-,2026-09-15 (+16.64%),"2026-08-07 (+6.26%), 2026-08-14 (+10.63%), 2026-09-15 (+16.64%)",-,-,"2026-07-30 (-4.33%), 2026-08-17 (-5.32%), 2026-08-18 (-4.05%)",0.34,13.44,6.49
HITECH,Non-Energy Minerals,Steel,0,0,0,0,0,3,0,0,3,-,-,-,-,-,"2026-07-03 (+4.01%), 2026-08-21 (+4.47%), 2026-08-28 (+5.29%)",-,-,"2026-07-08 (-5.44%), 2026-08-12 (-7.64%), 2026-08-27 (-4.87%)",-1.92,-7.3,-14.89
BANDHANBNK,Finance,Major Banks,0,0,0,0,1,3,1,1,4,-,-,-,-,2026-09-08 (+4.18%),"2026-07-10 (+5.07%), 2026-07-15 (+4.16%), 2026-09-08 (+4.18%)",2026-09-24 (-4.43%),2026-09-24 (-4.43%),"2026-07-08 (-4.42%), 2026-07-22 (-16.92%), 2026-07-23 (-4.41%), 2026-09-24 (-4.43%)",0.33,13.34,-9.65
VEDPOWER,Utilities,Electric Utilities,0,0,0,2,2,3,0,1,5,-,-,-,"2026-09-23 (+6.15%), 2026-09-29 (+6.53%)","2026-09-23 (+6.15%), 2026-09-29 (+6.53%)","2026-07-27 (+5.60%), 2026-09-23 (+6.15%), 2026-09-29 (+6.53%)",-,2026-09-15 (-5.77%),"2026-07-03 (-6.02%), 2026-07-06 (-5.91%), 2026-07-22 (-6.38%), 2026-07-30 (-4.25%), 2026-09-15 (-5.77%)",10.23,-2.64,-29.58
DISHTV,Communications,Specialty Telecommunications,0,0,0,0,2,3,2,4,5,-,-,-,-,"2026-09-11 (+4.60%), 2026-09-15 (+4.80%)","2026-08-07 (+4.71%), 2026-09-11 (+4.60%), 2026-09-15 (+4.80%)","2026-09-28 (-4.64%), 2026-09-29 (-4.87%)","2026-09-10 (-4.40%), 2026-09-21 (-4.30%), 2026-09-28 (-4.64%), 2026-09-29 (-4.87%)","2026-07-07 (-4.29%), 2026-09-10 (-4.40%), 2026-09-21 (-4.30%), 2026-09-28 (-4.64%), 2026-09-29 (-4.87%)",-14.0,-21.53,-30.19
AEPL,Producer Manufacturing,Electrical Products,0,0,0,0,1,3,1,3,7,-,-,-,-,2026-09-03 (+13.33%),"2026-08-07 (+17.98%), 2026-08-26 (+4.79%), 2026-09-03 (+13.33%)",2026-09-28 (-4.78%),"2026-09-09 (-6.18%), 2026-09-15 (-5.46%), 2026-09-28 (-4.78%)","2026-07-14 (-4.41%), 2026-07-21 (-4.02%), 2026-07-28 (-4.23%), 2026-08-10 (-6.54%), 2026-09-09 (-6.18%), 2026-09-15 (-5.46%), 2026-09-28 (-4.78%)",-9.97,-4.29,-15.55
ZUARI,Process Industries,Chemicals: Agricultural,0,0,0,0,0,2,0,0,0,-,-,-,-,-,"2026-07-29 (+4.35%), 2026-08-28 (+4.30%)",-,-,-,-1.8,-4.24,-4.44
SNOWMAN,Commercial Services,Miscellaneous Commercial Services,0,0,0,0,0,2,0,0,0,-,-,-,-,-,"2026-07-15 (+5.31%), 2026-07-31 (+4.64%)",-,-,-,-0.46,-7.0,-8.81
SKFINDIA,Producer Manufacturing,Metal Fabrication,0,0,0,0,0,2,0,0,0,-,-,-,-,-,"2026-08-13 (+5.15%), 2026-08-17 (+5.05%)",-,-,-,0.45,-2.57,-9.77
MAITHANALL,Non-Energy Minerals,Other Metals/Minerals,0,0,0,0,2,2,0,0,0,-,-,-,-,"2026-09-02 (+4.79%), 2026-09-04 (+5.01%)","2026-09-02 (+4.79%), 2026-09-04 (+5.01%)",-,-,-,-6.71,-4.95,-8.59
LENSKART,Health Technology,Medical Specialties,0,0,0,0,1,2,0,0,0,-,-,-,-,2026-09-18 (+4.01%),"2026-08-31 (+4.13%), 2026-09-18 (+4.01%)",-,-,-,-2.44,1.84,27.19
LALPATHLAB,Health Services,Medical/Nursing Services,0,0,0,0,0,2,0,0,0,-,-,-,-,-,"2026-07-24 (+4.27%), 2026-07-29 (+4.28%)",-,-,-,2.13,0.82,18.18
KPRMILL,Consumer Non-Durables,Apparel/Footwear,0,0,0,0,1,2,0,0,0,-,-,-,-,2026-09-18 (+4.20%),"2026-08-31 (+4.19%), 2026-09-18 (+4.20%)",-,-,-,-3.51,-4.31,-9.24
IRCTC,Consumer Services,Other Consumer Services,0,0,0,0,1,2,0,0,0,-,-,-,-,2026-09-18 (+4.32%),"2026-08-03 (+4.84%), 2026-09-18 (+4.32%)",-,-,-,-3.64,-5.96,-10.6
IMFA,Non-Energy Minerals,Other Metals/Minerals,0,0,0,0,0,2,0,0,0,-,-,-,-,-,"2026-07-10 (+4.62%), 2026-07-31 (+4.77%)",-,-,-,-3.7,-8.43,-11.18
FIRSTCRY,Retail Trade,Apparel/Footwear Retail,0,0,0,0,1,2,0,0,0,-,-,-,-,2026-09-03 (+4.60%),"2026-07-10 (+4.33%), 2026-09-03 (+4.60%)",-,-,-,5.31,1.07,-18.52
EMCURE,Health Technology,Pharmaceuticals: Major,0,0,0,0,1,2,0,0,0,-,-,-,-,2026-09-18 (+4.92%),"2026-07-20 (+4.37%), 2026-09-18 (+4.92%)",-,-,-,-0.81,5.59,5.53
DALBHARAT,Non-Energy Minerals,Construction Materials,0,0,0,0,1,2,0,0,0,-,-,-,-,2026-09-18 (+4.02%),"2026-08-26 (+4.06%), 2026-09-18 (+4.02%)",-,-,-,-5.98,-11.79,-6.32
CORONA,Health Technology,Pharmaceuticals: Major,0,0,0,0,1,2,0,0,0,-,-,-,-,2026-09-09 (+4.97%),"2026-07-24 (+4.10%), 2026-09-09 (+4.97%)",-,-,-,-4.73,1.37,3.45
BSE,Finance,Investment Banks/Brokers,0,0,0,0,1,2,0,0,0,-,-,-,-,2026-09-03 (+4.36%),"2026-08-10 (+4.02%), 2026-09-03 (+4.36%)",-,-,-,-1.08,-2.5,-16.55
BLUEDART,Transportation,Air Freight/Couriers,0,0,0,0,0,2,0,0,0,-,-,-,-,-,"2026-07-27 (+4.13%), 2026-08-03 (+5.17%)",-,-,-,-4.4,-8.29,-6.49
BERGEPAINT,Process Industries,Industrial Specialties,0,0,0,0,0,2,0,0,0,-,-,-,-,-,"2026-07-29 (+4.15%), 2026-08-12 (+4.65%)",-,-,-,-0.97,-9.95,-13.93
AUROPHARMA,Health Technology,Pharmaceuticals: Other,0,0,0,0,0,2,0,0,0,-,-,-,-,-,"2026-08-07 (+4.35%), 2026-08-31 (+4.36%)",-,-,-,-0.14,-1.12,8.76
APTECHT,Commercial Services,Miscellaneous Commercial Services,0,0,0,0,1,2,0,0,0,-,-,-,-,2026-09-18 (+5.00%),"2026-08-05 (+4.95%), 2026-09-18 (+5.00%)",-,-,-,-3.45,-3.52,-14.95
AFSL,Finance,Investment Managers,0,0,0,0,0,2,0,0,0,-,-,-,-,-,"2026-08-11 (+4.72%), 2026-08-28 (+4.89%)",-,-,-,0.02,-5.13,-0.12
SIEMENS,Producer Manufacturing,Electrical Products,0,0,0,0,1,2,0,1,1,-,-,-,-,2026-09-18 (+4.00%),"2026-08-24 (+4.95%), 2026-09-18 (+4.00%)",-,2026-09-15 (-4.73%),2026-09-15 (-4.73%),-3.84,-7.94,3.62
SHARDAMOTR,Producer Manufacturing,Auto Parts: OEM,0,0,0,0,1,2,0,0,1,-,-,-,-,2026-09-10 (+4.06%),"2026-08-03 (+4.71%), 2026-09-10 (+4.06%)",-,-,2026-08-11 (-8.25%),-1.47,10.72,9.74
SFL,Process Industries,Industrial Specialties,0,0,0,0,1,2,0,0,1,-,-,-,-,2026-09-08 (+5.17%),"2026-07-13 (+5.44%), 2026-09-08 (+5.17%)",-,-,2026-08-06 (-9.67%),-2.58,-1.6,-17.23
SEPC,Industrial Services,Engineering & Construction,0,0,0,0,0,2,0,0,1,-,-,-,-,-,"2026-08-05 (+6.22%), 2026-08-20 (+4.55%)",-,-,2026-08-07 (-5.50%),-1.16,-6.25,-23.19
RAMANEWS,Process Industries,Pulp & Paper,0,0,0,0,0,2,0,0,1,-,-,-,-,-,"2026-08-03 (+8.67%), 2026-08-04 (+8.17%)",-,-,2026-08-13 (-4.75%),-5.61,-4.69,4.45
PRAJIND,Industrial Services,Engineering & Construction,0,0,0,0,0,2,0,0,1,-,-,-,-,-,"2026-08-14 (+4.26%), 2026-08-20 (+5.27%)",-,-,2026-07-28 (-4.29%),-3.09,-10.51,-14.49
PATELENG,Industrial Services,Engineering & Construction,0,0,0,0,1,2,0,0,1,-,-,-,-,2026-09-22 (+4.27%),"2026-08-03 (+5.56%), 2026-09-22 (+4.27%)",-,-,2026-07-08 (-5.44%),-1.49,-5.64,-23.16
ONIDA,Electronic Technology,Telecommunications Equipment,0,0,0,0,1,2,1,1,1,-,-,-,-,2026-09-21 (+4.32%),"2026-07-31 (+4.99%), 2026-09-21 (+4.32%)",2026-09-28 (-4.99%),2026-09-28 (-4.99%),2026-09-28 (-4.99%),-8.58,-12.29,-26.64
ONEGLOBAL,Commercial Services,Miscellaneous Commercial Services,0,0,0,0,1,2,0,1,1,-,-,-,-,2026-09-03 (+5.00%),"2026-08-19 (+4.39%), 2026-09-03 (+5.00%)",-,2026-09-15 (-4.06%),2026-09-15 (-4.06%),-2.51,-2.3,
NIITMTS,Commercial Services,Miscellaneous Commercial Services,0,0,0,0,0,2,0,0,1,-,-,-,-,-,"2026-07-13 (+5.02%), 2026-07-29 (+4.35%)",-,-,2026-07-14 (-5.62%),-5.9,-9.76,-12.19
NDTV,Consumer Services,Broadcasting,0,0,0,0,1,2,0,0,1,-,-,-,-,2026-09-04 (+5.11%),"2026-07-09 (+5.96%), 2026-09-04 (+5.11%)",-,-,2026-07-22 (-4.75%),-4.49,-4.35,-15.28
MFSL,Finance,Life/Health Insurance,0,0,0,0,2,2,1,1,1,-,-,-,-,"2026-09-16 (+4.33%), 2026-09-17 (+4.46%)","2026-09-16 (+4.33%), 2026-09-17 (+4.46%)",2026-09-24 (-9.78%),2026-09-24 (-9.78%),2026-09-24 (-9.78%),-10.41,-11.49,-13.96
MANIPALHOS,Health Services,Hospital/Nursing Management,0,0,0,0,0,2,0,1,1,-,-,-,-,-,"2026-08-07 (+4.22%), 2026-08-26 (+4.22%)",-,2026-09-02 (-4.95%),2026-09-02 (-4.95%),0.22,-1.97,
KINGFA,Process Industries,Chemicals: Specialty,0,0,0,0,1,2,0,1,1,-,-,-,-,2026-09-21 (+4.02%),"2026-08-12 (+4.23%), 2026-09-21 (+4.02%)",-,2026-09-15 (-7.15%),2026-09-15 (-7.15%),5.77,7.83,27.74
JYOTISTRUC,Utilities,Electric Utilities,0,0,0,0,0,2,0,1,1,-,-,-,-,-,"2026-08-03 (+7.41%), 2026-08-05 (+4.75%)",-,2026-09-15 (-4.95%),2026-09-15 (-4.95%),-1.31,-9.39,-24.29
JSWENERGY,Utilities,Electric Utilities,0,0,0,0,1,2,0,1,1,-,-,-,-,2026-09-02 (+4.21%),"2026-07-20 (+4.90%), 2026-09-02 (+4.21%)",-,2026-09-15 (-4.07%),2026-09-15 (-4.07%),-3.25,-3.7,-11.36
INTELLECT,Technology Services,Packaged Software,0,0,0,0,0,2,1,1,1,-,-,-,-,-,"2026-07-03 (+4.18%), 2026-08-03 (+4.02%)",2026-09-24 (-4.39%),2026-09-24 (-4.39%),2026-09-24 (-4.39%),-5.33,-9.94,-18.82
INDIGOPNTS,Process Industries,Industrial Specialties,0,0,0,0,0,2,0,0,1,-,-,-,-,-,"2026-07-15 (+4.50%), 2026-08-26 (+4.42%)",-,-,2026-07-08 (-4.04%),-5.53,-6.42,0.17
INDIGO,Transportation,Airlines,0,0,0,0,0,2,0,0,1,-,-,-,-,-,"2026-07-27 (+4.91%), 2026-08-03 (+4.43%)",-,-,2026-07-08 (-5.02%),-3.14,-6.92,-10.51
HAZOOR,Finance,Real Estate Development,0,0,0,1,2,2,0,0,1,-,-,-,2026-09-25 (+4.48%),"2026-09-18 (+4.04%), 2026-09-25 (+4.48%)","2026-09-18 (+4.04%), 2026-09-25 (+4.48%)",-,-,2026-08-28 (-4.23%),-1.47,-4.56,
GOKUL,Process Industries,Agricultural Commodities/Milling,0,0,0,0,0,2,0,1,1,-,-,-,-,-,"2026-08-21 (+5.24%), 2026-08-24 (+4.25%)",-,2026-09-15 (-5.02%),2026-09-15 (-5.02%),-2.45,-7.18,-5.26
DENORA,Electronic Technology,Electronic Equipment/Instruments,0,0,0,0,0,2,0,0,1,-,-,-,-,-,"2026-07-09 (+4.43%), 2026-07-31 (+5.11%)",-,-,2026-07-08 (-7.04%),-7.15,-10.7,-13.64
DCAL,Health Technology,Pharmaceuticals: Major,0,0,0,0,1,2,0,0,1,-,-,-,-,2026-09-18 (+5.19%),"2026-07-03 (+4.68%), 2026-09-18 (+5.19%)",-,-,2026-08-17 (-7.78%),-5.0,-9.5,-14.04
CLEAN,Process Industries,Chemicals: Specialty,0,0,0,0,1,2,0,0,1,-,-,-,-,2026-09-02 (+4.36%),"2026-08-03 (+4.10%), 2026-09-02 (+4.36%)",-,-,2026-07-08 (-4.48%),-6.9,-5.72,-0.2
BMWVENTLTD,Distribution Services,Wholesale Distributors,0,0,0,0,0,2,0,1,1,-,-,-,-,-,"2026-07-27 (+4.99%), 2026-08-05 (+4.92%)",-,2026-09-15 (-4.51%),2026-09-15 (-4.51%),-0.83,-8.98,-10.51
BLACKROSE,Distribution Services,Wholesale Distributors,0,0,0,0,1,2,0,0,1,-,-,-,-,2026-09-21 (+4.27%),"2026-08-24 (+5.00%), 2026-09-21 (+4.27%)",-,-,2026-08-21 (-4.46%),0.0,-1.06,
BIRLAMONEY,Finance,Investment Banks/Brokers,0,0,0,0,0,2,0,0,1,-,-,-,-,-,"2026-07-10 (+4.77%), 2026-07-13 (+5.27%)",-,-,2026-07-15 (-9.08%),-3.5,-9.83,-20.44
AMBIKCO,Process Industries,Textiles,0,0,0,0,0,2,0,0,1,-,-,-,-,-,"2026-07-09 (+4.06%), 2026-08-07 (+4.29%)",-,-,2026-08-10 (-13.14%),-3.21,-6.87,-12.67
ADANIPORTS,Transportation,Other Transportation,0,0,0,1,2,2,0,0,1,-,-,-,2026-09-29 (+4.49%),"2026-09-18 (+4.93%), 2026-09-29 (+4.49%)","2026-09-18 (+4.93%), 2026-09-29 (+4.49%)",-,-,2026-08-31 (-6.70%),1.5,14.37,-3.25
SBICARD,Finance,Finance/Rental/Leasing,0,0,0,0,1,2,0,1,2,-,-,-,-,2026-09-03 (+4.07%),"2026-07-27 (+4.24%), 2026-09-03 (+4.07%)",-,2026-09-15 (-5.59%),"2026-08-18 (-4.17%), 2026-09-15 (-5.59%)",-8.5,-9.89,-3.9
RHIM,Producer Manufacturing,Miscellaneous Manufacturing,0,0,0,0,0,2,0,0,2,-,-,-,-,-,"2026-07-10 (+4.42%), 2026-08-03 (+6.10%)",-,-,"2026-07-03 (-4.69%), 2026-08-12 (-7.14%)",3.69,5.81,-2.48
RELIGARE,Finance,Multi-Line Insurance,0,0,0,0,0,2,1,1,2,-,-,-,-,-,"2026-08-12 (+4.46%), 2026-08-31 (+4.18%)",2026-09-24 (-4.55%),2026-09-24 (-4.55%),"2026-08-07 (-9.43%), 2026-09-24 (-4.55%)",-6.87,-4.43,-11.65
PREMIERENE,Electronic Technology,Semiconductors,0,0,0,0,0,2,0,1,2,-,-,-,-,-,"2026-07-09 (+4.34%), 2026-07-31 (+4.02%)",-,2026-09-16 (-4.87%),"2026-07-30 (-5.16%), 2026-09-16 (-4.87%)",-4.1,-16.05,-17.15
OFSS,Technology Services,Packaged Software,0,0,0,0,0,2,0,1,2,-,-,-,-,-,"2026-07-10 (+4.64%), 2026-07-27 (+4.10%)",-,2026-09-21 (-8.28%),"2026-07-22 (-6.71%), 2026-09-21 (-8.28%)",-5.31,-17.02,-5.28
NUVAMA,Finance,Investment Managers,0,0,0,0,0,2,0,0,2,-,-,-,-,-,"2026-07-09 (+4.68%), 2026-08-11 (+4.35%)",-,-,"2026-07-28 (-5.62%), 2026-08-04 (-4.05%)",-1.41,-5.79,-9.18
NDLVENTURE,Consumer Services,Cable/Satellite TV,0,0,0,0,1,2,0,1,2,-,-,-,-,2026-09-08 (+4.65%),"2026-07-29 (+4.74%), 2026-09-08 (+4.65%)",-,2026-09-15 (-5.23%),"2026-08-18 (-5.98%), 2026-09-15 (-5.23%)",-2.03,-0.39,-8.68
MAYURUNIQ,Process Industries,Textiles,0,0,0,0,0,2,0,0,2,-,-,-,-,-,"2026-08-03 (+4.39%), 2026-08-19 (+4.41%)",-,-,"2026-07-14 (-4.25%), 2026-07-17 (-4.48%)",0.15,-3.01,-17.71
MAMATA,Producer Manufacturing,Industrial Machinery,0,0,0,1,1,2,1,1,2,-,-,-,2026-09-23 (+4.91%),2026-09-23 (+4.91%),"2026-07-31 (+5.18%), 2026-09-23 (+4.91%)",2026-09-24 (-4.62%),2026-09-24 (-4.62%),"2026-08-17 (-4.90%), 2026-09-24 (-4.62%)",-1.0,-0.14,-4.14
MAHABANK,Finance,Major Banks,0,0,0,0,1,2,1,2,2,-,-,-,-,2026-09-03 (+4.76%),"2026-08-26 (+4.77%), 2026-09-03 (+4.76%)",2026-09-28 (-4.75%),"2026-09-15 (-5.51%), 2026-09-28 (-4.75%)","2026-09-15 (-5.51%), 2026-09-28 (-4.75%)",-3.93,-3.55,-13.05
GRANULES,Health Technology,Pharmaceuticals: Other,0,0,0,0,1,2,0,2,2,-,-,-,-,2026-09-17 (+4.16%),"2026-08-07 (+4.20%), 2026-09-17 (+4.16%)",-,"2026-09-15 (-4.04%), 2026-09-16 (-4.24%)","2026-09-15 (-4.04%), 2026-09-16 (-4.24%)",0.31,4.62,4.97
ASHOKLEY,Producer Manufacturing,Trucks/Construction/Farm Machinery,0,0,0,0,0,2,0,1,2,-,-,-,-,-,"2026-07-31 (+5.12%), 2026-08-03 (+5.04%)",-,2026-09-15 (-4.34%),"2026-07-08 (-4.84%), 2026-09-15 (-4.34%)",-4.55,-12.64,-6.85
ARIHANTSUP,Finance,Real Estate Development,0,0,0,0,0,2,0,2,2,-,-,-,-,-,"2026-07-06 (+4.68%), 2026-08-17 (+4.06%)",-,"2026-09-03 (-4.68%), 2026-09-09 (-4.64%)","2026-09-03 (-4.68%), 2026-09-09 (-4.64%)",-1.98,-9.83,-10.58
ABCAPITAL,Finance,Multi-Line Insurance,0,0,0,0,1,2,0,1,2,-,-,-,-,2026-09-18 (+5.14%),"2026-08-03 (+4.96%), 2026-09-18 (+5.14%)",-,2026-09-15 (-4.10%),"2026-07-08 (-4.85%), 2026-09-15 (-4.10%)",-4.79,-7.67,-3.8
ZEEMEDIA,Consumer Services,Broadcasting,0,0,0,0,0,2,0,1,3,-,-,-,-,-,"2026-08-13 (+20.00%), 2026-08-14 (+12.24%)",-,2026-09-01 (-4.28%),"2026-08-03 (-4.13%), 2026-08-10 (-4.30%), 2026-09-01 (-4.28%)",-5.03,-16.99,-16.71
SANDHAR,Consumer Durables,Motor Vehicles,0,0,0,0,0,2,0,1,3,-,-,-,-,-,"2026-07-31 (+4.49%), 2026-08-14 (+4.02%)",-,2026-09-16 (-4.44%),"2026-07-14 (-7.06%), 2026-08-11 (-4.92%), 2026-09-16 (-4.44%)",-0.61,-10.84,-19.87
POCL,Non-Energy Minerals,Other Metals/Minerals,0,0,0,0,1,2,0,1,3,-,-,-,-,2026-09-16 (+4.04%),"2026-08-03 (+4.83%), 2026-09-16 (+4.04%)",-,2026-09-15 (-4.15%),"2026-07-22 (-4.13%), 2026-08-06 (-4.85%), 2026-09-15 (-4.15%)",-2.4,-6.86,-16.98
NSLNISP,Non-Energy Minerals,Steel,0,0,0,0,0,2,0,1,3,-,-,-,-,-,"2026-08-27 (+8.57%), 2026-08-28 (+8.96%)",-,2026-09-15 (-5.06%),"2026-08-17 (-6.16%), 2026-08-31 (-5.77%), 2026-09-15 (-5.06%)",-1.69,-9.53,-4.87
EIHOTEL,Consumer Services,Hotels/Resorts/Cruise lines,0,0,0,0,2,2,0,0,3,-,-,-,-,"2026-09-01 (+4.30%), 2026-09-18 (+6.00%)","2026-09-01 (+4.30%), 2026-09-18 (+6.00%)",-,-,"2026-07-08 (-4.53%), 2026-08-07 (-5.87%), 2026-08-31 (-5.20%)",-0.67,6.93,-7.31
COCHINSHIP,Producer Manufacturing,Trucks/Construction/Farm Machinery,0,0,0,0,1,2,0,2,3,-,-,-,-,2026-09-18 (+4.77%),"2026-08-06 (+4.56%), 2026-09-18 (+4.77%)",-,"2026-09-11 (-9.17%), 2026-09-15 (-4.06%)","2026-07-07 (-4.03%), 2026-09-11 (-9.17%), 2026-09-15 (-4.06%)",-2.13,-9.98,-10.53
MIDWESTLTD,Non-Energy Minerals,Construction Materials,0,0,0,0,0,2,1,3,4,-,-,-,-,-,"2026-07-06 (+4.09%), 2026-08-18 (+4.45%)",2026-09-24 (-5.11%),"2026-09-11 (-4.61%), 2026-09-15 (-4.14%), 2026-09-24 (-5.11%)","2026-08-12 (-5.26%), 2026-09-11 (-4.61%), 2026-09-15 (-4.14%), 2026-09-24 (-5.11%)",-13.88,-20.04,-33.88
ANDREWYU,Producer Manufacturing,Industrial Machinery,0,0,0,1,1,2,2,2,4,-,-,-,2026-09-23 (+6.04%),2026-09-23 (+6.04%),"2026-08-26 (+10.01%), 2026-09-23 (+6.04%)","2026-09-24 (-4.41%), 2026-09-28 (-4.41%)","2026-09-24 (-4.41%), 2026-09-28 (-4.41%)","2026-08-17 (-16.33%), 2026-08-27 (-4.93%), 2026-09-24 (-4.41%), 2026-09-28 (-4.41%)",-2.45,-7.35,
CENTRUM,Finance,Investment Managers,0,0,0,0,0,2,0,0,5,-,-,-,-,-,"2026-08-10 (+4.46%), 2026-08-14 (+4.63%)",-,-,"2026-07-07 (-5.40%), 2026-07-14 (-4.02%), 2026-08-12 (-4.35%), 2026-08-13 (-4.24%), 2026-08-17 (-5.70%)",-4.06,-10.49,-18.61
SEKURITIND,Consumer Durables,Home Furnishings,0,0,0,0,1,1,0,0,0,-,-,-,-,2026-09-18 (+4.34%),2026-09-18 (+4.34%),-,-,-,-4.2,-4.28,
SCHAEFFLER,Producer Manufacturing,Metal Fabrication,0,0,0,0,1,1,0,0,0,-,-,-,-,2026-09-18 (+5.68%),2026-09-18 (+5.68%),-,-,-,-3.31,-2.36,-4.55
SBILIFE,Finance,Life/Health Insurance,0,0,0,0,1,1,0,0,0,-,-,-,-,2026-09-17 (+4.06%),2026-09-17 (+4.06%),-,-,-,-1.21,-0.32,-2.77
RVNL,Industrial Services,Engineering & Construction,0,0,0,0,1,1,0,0,0,-,-,-,-,2026-09-18 (+6.24%),2026-09-18 (+6.24%),-,-,-,-6.28,-5.76,-16.45
RUPA,Consumer Non-Durables,Apparel/Footwear,0,0,0,0,0,1,0,0,0,-,-,-,-,-,2026-07-03 (+4.07%),-,-,-,-4.43,-10.34,-21.51
RPOWER,Utilities,Electric Utilities,0,0,0,0,0,1,0,0,0,-,-,-,-,-,2026-08-21 (+5.87%),-,-,-,-5.36,-10.5,-25.4
RAJPALAYAM,Process Industries,Textiles,0,0,0,1,1,1,0,0,0,-,-,-,2026-09-23 (+4.21%),2026-09-23 (+4.21%),2026-09-23 (+4.21%),-,-,-,-0.09,-6.89,-8.53
PRIMESECU,Finance,Investment Banks/Brokers,0,0,0,0,0,1,0,0,0,-,-,-,-,-,2026-08-07 (+4.35%),-,-,-,4.24,5.09,3.4
PARKHOTELS,Consumer Services,Hotels/Resorts/Cruise lines,0,0,0,0,0,1,0,0,0,-,-,-,-,-,2026-07-03 (+4.40%),-,-,-,-5.32,-9.3,-14.66
ORIENTCEM,Non-Energy Minerals,Construction Materials,0,0,0,0,0,1,0,0,0,-,-,-,-,-,2026-07-03 (+4.30%),-,-,-,-3.87,-8.59,-13.19
OIL,Energy Minerals,Integrated Oil,0,0,0,0,0,1,0,0,0,-,-,-,-,-,2026-07-20 (+4.18%),-,-,-,-1.62,-4.91,9.34
NYKAA,Retail Trade,Internet Retail,0,0,0,0,0,1,0,0,0,-,-,-,-,-,2026-08-31 (+4.14%),-,-,-,-1.86,-6.35,4.25
NDRAUTO,Producer Manufacturing,Auto Parts: OEM,0,0,0,0,1,1,0,0,0,-,-,-,-,2026-09-17 (+4.54%),2026-09-17 (+4.54%),-,-,-,-1.77,3.5,-11.31
NAVNETEDUL,Producer Manufacturing,Office Equipment/Supplies,0,0,0,0,0,1,0,0,0,-,-,-,-,-,2026-08-07 (+4.64%),-,-,-,-1.38,-9.73,-18.2
NAVA,Utilities,Electric Utilities,0,0,0,0,0,1,0,0,0,-,-,-,-,-,2026-08-03 (+4.78%),-,-,-,-0.9,-3.9,-11.96
NAHARCAP,Finance,Investment Managers,0,0,0,0,0,1,0,0,0,-,-,-,-,-,2026-08-03 (+5.45%),-,-,-,-4.94,-8.06,-4.53
MUFIN,Finance,Finance/Rental/Leasing,0,0,0,0,0,1,0,0,0,-,-,-,-,-,2026-07-29 (+4.95%),-,-,-,-0.41,-3.21,-2.33
MGEL,Process Industries,Agricultural Commodities/Milling,0,0,0,0,1,1,0,0,0,-,-,-,-,2026-09-07 (+10.39%),2026-09-07 (+10.39%),-,-,-,3.8,14.17,-2.78
MAXHEALTH,Health Services,Hospital/Nursing Management,0,0,0,0,1,1,0,0,0,-,-,-,-,2026-09-09 (+4.48%),2026-09-09 (+4.48%),-,-,-,-7.04,-5.76,-12.89
LINCOLN,Health Technology,Pharmaceuticals: Major,0,0,0,0,0,1,0,0,0,-,-,-,-,-,2026-08-13 (+4.50%),-,-,-,-1.69,-4.98,-6.08
LGBBROSLTD,Producer Manufacturing,Electrical Products,0,0,0,0,0,1,0,0,0,-,-,-,-,-,2026-08-26 (+4.80%),-,-,-,-0.01,2.23,7.21
LEMONTREE,Consumer Services,Hotels/Resorts/Cruise lines,0,0,0,0,0,1,0,0,0,-,-,-,-,-,2026-08-03 (+4.33%),-,-,-,-3.11,-1.96,-12.45
JYOTIRES,Process Industries,Industrial Specialties,0,0,0,0,0,1,0,0,0,-,-,-,-,-,2026-08-26 (+4.52%),-,-,-,0.11,-4.4,
ITC,Consumer Non-Durables,Tobacco,0,0,0,0,1,1,0,0,0,-,-,-,-,2026-09-01 (+4.34%),2026-09-01 (+4.34%),-,-,-,-0.26,3.76,-8.55
IRCON,Industrial Services,Engineering & Construction,0,0,0,0,0,1,0,0,0,-,-,-,-,-,2026-08-03 (+4.67%),-,-,-,-6.07,-14.16,-23.84
IRB,Industrial Services,Engineering & Construction,0,0,0,0,1,1,0,0,0,-,-,-,-,2026-09-10 (+4.40%),2026-09-10 (+4.40%),-,-,-,-5.56,-12.29,-20.73
INVPRECQ,Producer Manufacturing,Metal Fabrication,0,0,0,0,0,1,0,0,0,-,-,-,-,-,2026-08-19 (+4.78%),-,-,-,9.02,17.92,
INDPRUD,Finance,Investment Banks/Brokers,0,0,0,1,1,1,0,0,0,-,-,-,2026-09-29 (+4.36%),2026-09-29 (+4.36%),2026-09-29 (+4.36%),-,-,-,1.36,0.88,
INDHOTEL,Consumer Services,Hotels/Resorts/Cruise lines,0,0,0,0,0,1,0,0,0,-,-,-,-,-,2026-08-31 (+4.46%),-,-,-,-2.97,-3.19,-0.88
HUDCO,Finance,Finance/Rental/Leasing,0,0,0,0,0,1,0,0,0,-,-,-,-,-,2026-07-03 (+4.22%),-,-,-,-3.96,-9.05,-19.95
HNDFDS,Consumer Non-Durables,Food: Specialty/Candy,0,0,0,0,0,1,0,0,0,-,-,-,-,-,2026-08-18 (+4.46%),-,-,-,-4.07,-5.93,6.42
HEMIPROP,Finance,Real Estate Development,0,0,0,0,0,1,0,0,0,-,-,-,-,-,2026-08-03 (+4.23%),-,-,-,-3.54,-10.71,-17.96
GTLINFRA,Industrial Services,Engineering & Construction,0,0,0,0,0,1,0,0,0,-,-,-,-,-,2026-08-03 (+6.50%),-,-,-,-3.57,-7.69,-21.17
GRASIM,Non-Energy Minerals,Construction Materials,0,0,0,0,0,1,0,0,0,-,-,-,-,-,2026-08-03 (+5.13%),-,-,-,-0.9,-8.04,-2.18
GPTINFRA,Industrial Services,Engineering & Construction,0,0,0,0,1,1,0,0,0,-,-,-,-,2026-09-18 (+4.76%),2026-09-18 (+4.76%),-,-,-,-2.06,4.57,-11.52
GPTHEALTH,Health Services,Hospital/Nursing Management,0,0,0,0,0,1,0,0,0,-,-,-,-,-,2026-07-09 (+5.14%),-,-,-,-5.52,1.37,2.49
GMDCLTD,Distribution Services,Wholesale Distributors,0,0,0,0,0,1,0,0,0,-,-,-,-,-,2026-08-05 (+4.30%),-,-,-,-8.95,-8.85,-15.71
GLENMARK,Health Technology,Pharmaceuticals: Major,0,0,0,1,1,1,0,0,0,-,-,-,2026-09-29 (+4.98%),2026-09-29 (+4.98%),2026-09-29 (+4.98%),-,-,-,-0.81,-1.55,11.18
GEOJITFSL,Finance,Investment Banks/Brokers,0,0,0,0,1,1,0,0,0,-,-,-,-,2026-09-17 (+4.19%),2026-09-17 (+4.19%),-,-,-,-4.81,-8.29,-1.98
GAIL,Utilities,Gas Distributors,0,0,0,0,0,1,0,0,0,-,-,-,-,-,2026-07-31 (+4.49%),-,-,-,-1.05,-4.2,-2.44
ESABINDIA,Producer Manufacturing,Electrical Products,0,0,0,0,0,1,0,0,0,-,-,-,-,-,2026-07-20 (+4.28%),-,-,-,-2.56,-9.96,-5.27
DLF,Finance,Real Estate Development,0,0,0,0,0,1,0,0,0,-,-,-,-,-,2026-07-09 (+4.04%),-,-,-,-2.46,-5.51,-0.79
DISAQ,Producer Manufacturing,Industrial Machinery,0,0,0,0,0,1,0,0,0,-,-,-,-,-,2026-08-28 (+5.33%),-,-,-,-3.13,-3.31,-3.74
DECCANCE,Non-Energy Minerals,Construction Materials,0,0,0,0,0,1,0,0,0,-,-,-,-,-,2026-08-04 (+4.92%),-,-,-,-3.94,-5.76,-4.84
COLPAL,Consumer Non-Durables,Household/Personal Care,0,0,0,0,1,1,0,0,0,-,-,-,-,2026-09-18 (+4.21%),2026-09-18 (+4.21%),-,-,-,-4.49,-5.93,-13.41
CIFL,Finance,Finance/Rental/Leasing,0,0,0,0,1,1,0,0,0,-,-,-,-,2026-09-22 (+6.24%),2026-09-22 (+6.24%),-,-,-,0.42,3.09,-8.72
CENTRALBK,Finance,Major Banks,0,0,0,0,1,1,0,0,0,-,-,-,-,2026-09-18 (+4.37%),2026-09-18 (+4.37%),-,-,-,-4.24,-0.6,-7.71
CANHLIFE,Finance,Life/Health Insurance,0,0,0,0,0,1,0,0,0,-,-,-,-,-,2026-07-15 (+4.23%),-,-,-,-2.46,-4.18,5.5
BOSCHLTD,Producer Manufacturing,Auto Parts: OEM,0,0,0,0,0,1,0,0,0,-,-,-,-,-,2026-08-05 (+4.17%),-,-,-,-5.36,-6.04,12.05
ASAHIINDIA,Consumer Durables,Home Furnishings,0,0,0,0,0,1,0,0,0,-,-,-,-,-,2026-08-14 (+4.24%),-,-,-,-0.75,0.62,7.77
ARYAMAN,Finance,Investment Banks/Brokers,0,0,0,0,0,1,0,0,0,-,-,-,-,-,2026-08-21 (+4.27%),-,-,-,-2.2,-3.77,
APOLLOTYRE,Consumer Durables,Automotive Aftermarket,0,0,0,1,1,1,0,0,0,-,-,-,2026-09-29 (+4.40%),2026-09-29 (+4.40%),2026-09-29 (+4.40%),-,-,-,1.04,-7.34,-10.92
AGIIL,Finance,Real Estate Development,0,0,0,0,1,1,0,0,0,-,-,-,-,2026-09-09 (+4.25%),2026-09-09 (+4.25%),-,-,-,-1.65,-7.07,-25.93
ABBOTINDIA,Health Technology,Pharmaceuticals: Major,0,0,0,0,1,1,0,0,0,-,-,-,-,2026-09-18 (+5.25%),2026-09-18 (+5.25%),-,-,-,0.17,4.18,6.73
YESBANK,Finance,Major Banks,0,0,0,0,1,1,1,1,1,-,-,-,-,2026-09-11 (+5.29%),2026-09-11 (+5.29%),2026-09-28 (-5.87%),2026-09-28 (-5.87%),2026-09-28 (-5.87%),-10.73,-9.29,-14.6
SRF,Process Industries,Industrial Specialties,0,0,0,0,0,1,0,0,1,-,-,-,-,-,2026-07-16 (+4.10%),-,-,2026-07-23 (-8.53%),-4.66,-5.48,-13.55
SILINV,Finance,Financial Conglomerates,0,0,0,0,0,1,0,1,1,-,-,-,-,-,2026-08-21 (+5.63%),-,2026-09-15 (-4.06%),2026-09-15 (-4.06%),-0.95,-10.91,2.72
SHREDIGCEM,Non-Energy Minerals,Construction Materials,0,0,0,0,1,1,0,0,1,-,-,-,-,2026-09-03 (+4.69%),2026-09-03 (+4.69%),-,-,2026-08-31 (-4.04%),-0.76,-11.49,-14.38
RTNINDIA,Commercial Services,Miscellaneous Commercial Services,0,0,0,0,0,1,0,1,1,-,-,-,-,-,2026-08-03 (+5.65%),-,2026-09-03 (-7.30%),2026-09-03 (-7.30%),-5.73,-14.58,-24.86
RENTOMOJO,Finance,Finance/Rental/Leasing,0,0,0,0,1,1,0,1,1,-,-,-,-,2026-09-21 (+5.27%),2026-09-21 (+5.27%),-,2026-09-18 (-4.02%),2026-09-18 (-4.02%),-4.33,,
POKARNA,Producer Manufacturing,Building Products,0,0,0,0,0,1,0,1,1,-,-,-,-,-,2026-07-09 (+4.29%),-,2026-09-15 (-5.71%),2026-09-15 (-5.71%),-1.98,-16.0,-29.94
PIRAMALFIN,Finance,Finance/Rental/Leasing,0,0,0,0,0,1,1,1,1,-,-,-,-,-,2026-08-05 (+4.11%),2026-09-24 (-5.49%),2026-09-24 (-5.49%),2026-09-24 (-5.49%),-3.59,-7.52,-2.47
OSWALGREEN,Finance,Real Estate Development,0,0,0,0,0,1,0,0,1,-,-,-,-,-,2026-07-30 (+6.06%),-,-,2026-07-08 (-4.18%),-3.24,-3.48,-14.91
ORICONENT,Producer Manufacturing,Miscellaneous Manufacturing,0,0,0,0,0,1,0,0,1,-,-,-,-,-,2026-08-18 (+4.96%),-,-,2026-07-22 (-4.29%),-7.08,-7.15,-5.47
NINSYS,Technology Services,Packaged Software,0,0,0,1,1,1,0,0,1,-,-,-,2026-09-29 (+4.39%),2026-09-29 (+4.39%),2026-09-29 (+4.39%),-,-,2026-07-31 (-5.00%),3.67,1.99,-12.21
NH,Health Services,Hospital/Nursing Management,0,0,0,0,0,1,0,0,1,-,-,-,-,-,2026-07-27 (+4.72%),-,-,2026-08-03 (-5.40%),-4.96,-6.15,-9.88
NCLIND,Non-Energy Minerals,Construction Materials,0,0,0,0,0,1,0,0,1,-,-,-,-,-,2026-08-26 (+4.43%),-,-,2026-08-04 (-4.29%),0.77,0.34,-7.51
MTNL,Communications,Major Telecommunications,0,0,0,0,0,1,0,1,1,-,-,-,-,-,2026-08-03 (+4.00%),-,2026-09-15 (-4.20%),2026-09-15 (-4.20%),-2.07,-14.84,-23.85
MSUMI,Producer Manufacturing,Auto Parts: OEM,0,0,0,0,0,1,0,0,1,-,-,-,-,-,2026-07-27 (+4.06%),-,-,2026-08-04 (-4.17%),-2.25,-6.61,-17.14
MHRIL,Consumer Services,Other Consumer Services,0,0,0,0,0,1,0,0,1,-,-,-,-,-,2026-08-04 (+4.12%),-,-,2026-07-22 (-7.14%),-2.3,-7.23,-18.06
MEDPLUS,Retail Trade,Drugstore Chains,0,0,0,0,0,1,0,0,1,-,-,-,-,-,2026-08-21 (+5.07%),-,-,2026-07-22 (-12.80%),-0.24,-2.71,-19.95
MEDANTA,Health Services,Hospital/Nursing Management,0,0,0,0,1,1,1,1,1,-,-,-,-,2026-09-18 (+5.29%),2026-09-18 (+5.29%),2026-09-28 (-4.15%),2026-09-28 (-4.15%),2026-09-28 (-4.15%),-4.89,-3.88,6.56
LCCPROJECT,Industrial Services,Engineering & Construction,0,0,0,0,1,1,0,1,1,-,-,-,-,2026-09-22 (+4.41%),2026-09-22 (+4.41%),-,2026-09-21 (-9.28%),2026-09-21 (-9.28%),2.21,,
LAOPALA,Consumer Durables,Home Furnishings,0,0,0,0,1,1,0,0,1,-,-,-,-,2026-09-18 (+4.14%),2026-09-18 (+4.14%),-,-,2026-08-20 (-4.75%),-2.43,-9.73,-14.33
KSB,Producer Manufacturing,Industrial Machinery,0,0,0,0,1,1,0,0,1,-,-,-,-,2026-09-18 (+4.54%),2026-09-18 (+4.54%),-,-,2026-08-05 (-7.59%),0.57,2.17,-12.83
KKCL,Consumer Non-Durables,Apparel/Footwear,0,0,0,0,0,1,0,0,1,-,-,-,-,-,2026-08-04 (+4.82%),-,-,2026-08-06 (-4.39%),-3.65,-7.28,-6.55
KELLTONTEC,Technology Services,Packaged Software,0,0,0,0,0,1,0,0,1,-,-,-,-,-,2026-08-27 (+9.99%),-,-,2026-08-31 (-6.64%),-4.74,-7.25,-16.72
JUBLINGREA,Process Industries,Chemicals: Major Diversified,0,0,0,0,0,1,0,1,1,-,-,-,-,-,2026-07-09 (+5.10%),-,2026-09-15 (-4.24%),2026-09-15 (-4.24%),3.48,-5.3,-4.73
JTEKTINDIA,Consumer Durables,Automotive Aftermarket,0,0,0,0,0,1,0,0,1,-,-,-,-,-,2026-07-31 (+4.35%),-,-,2026-08-13 (-4.40%),-0.56,-7.08,-23.53
INDUSTOWER,Finance,Real Estate Development,0,0,0,0,1,1,0,0,1,-,-,-,-,2026-09-11 (+4.30%),2026-09-11 (+4.30%),-,-,2026-08-10 (-4.66%),-3.81,-5.47,-4.22
IKS,Commercial Services,Miscellaneous Commercial Services,0,0,0,0,1,1,0,0,1,-,-,-,-,2026-09-22 (+4.85%),2026-09-22 (+4.85%),-,-,2026-08-06 (-6.10%),-4.8,2.6,-3.16
IDFCFIRSTB,Finance,Regional Banks,0,0,0,0,0,1,1,1,1,-,-,-,-,-,2026-07-27 (+5.06%),2026-09-24 (-4.71%),2026-09-24 (-4.71%),2026-09-24 (-4.71%),-6.92,-7.57,-0.08
HLVLTD,Consumer Services,Hotels/Resorts/Cruise lines,0,0,0,0,1,1,0,1,1,-,-,-,-,2026-09-16 (+8.47%),2026-09-16 (+8.47%),-,2026-09-22 (-4.90%),2026-09-22 (-4.90%),-0.16,-1.69,-17.44
HINDUNILVR,Consumer Non-Durables,Household/Personal Care,0,0,0,0,0,1,0,0,1,-,-,-,-,-,2026-07-29 (+4.70%),-,-,2026-07-28 (-6.99%),-3.62,-5.27,-15.69
GREENPOWER,Utilities,Electric Utilities,0,0,0,0,1,1,0,0,1,-,-,-,-,2026-09-09 (+4.38%),2026-09-09 (+4.38%),-,-,2026-07-23 (-4.35%),-1.67,-3.7,-15.55
GRAVITA,Non-Energy Minerals,Other Metals/Minerals,0,0,0,0,0,1,0,0,1,-,-,-,-,-,2026-07-09 (+4.83%),-,-,2026-07-28 (-8.40%),-7.54,-19.63,-14.25
GOODYEAR,Consumer Durables,Automotive Aftermarket,0,0,0,0,0,1,0,0,1,-,-,-,-,-,2026-08-12 (+4.19%),-,-,2026-08-05 (-5.11%),-0.52,-5.49,-12.15
CSLFINANCE,Finance,Investment Banks/Brokers,0,0,0,0,0,1,0,1,1,-,-,-,-,-,2026-07-09 (+5.90%),-,2026-09-11 (-8.32%),2026-09-11 (-8.32%),-4.01,-11.81,-6.89
CREDITACC,Finance,Finance/Rental/Leasing,0,0,0,0,0,1,0,0,1,-,-,-,-,-,2026-07-27 (+4.84%),-,-,2026-07-14 (-4.60%),-10.43,-10.8,-21.19
CONTROLPR,Electronic Technology,Computer Peripherals,0,0,0,0,0,1,0,0,1,-,-,-,-,-,2026-08-24 (+4.53%),-,-,2026-07-23 (-12.65%),3.28,1.21,-14.49
COALINDIA,Energy Minerals,Coal,0,0,0,0,1,1,0,0,1,-,-,-,-,2026-09-02 (+4.05%),2026-09-02 (+4.05%),-,-,2026-07-28 (-4.06%),-0.7,5.79,-3.17
BRAHMINFRA,Industrial Services,Engineering & Construction,0,0,0,0,1,1,0,0,1,-,-,-,-,2026-09-02 (+4.80%),2026-09-02 (+4.80%),-,-,2026-08-24 (-6.04%),-4.63,-6.79,
BLS,Technology Services,Data Processing Services,0,0,0,0,0,1,0,0,1,-,-,-,-,-,2026-08-03 (+4.74%),-,-,2026-08-24 (-10.98%),-4.01,-8.73,-13.12
BHARATCOAL,Energy Minerals,Coal,0,0,0,0,0,1,0,0,1,-,-,-,-,-,2026-08-21 (+4.63%),-,-,2026-07-22 (-6.90%),3.91,-0.8,-16.31
AUTOAXLES,Producer Manufacturing,Auto Parts: OEM,0,0,0,0,0,1,0,0,1,-,-,-,-,-,2026-08-03 (+4.40%),-,-,2026-08-06 (-4.66%),2.11,-2.33,-4.37
AUBANK,Finance,Regional Banks,0,0,0,0,0,1,1,1,1,-,-,-,-,-,2026-07-27 (+4.80%),2026-09-24 (-5.02%),2026-09-24 (-5.02%),2026-09-24 (-5.02%),-3.01,-7.46,-4.9
ARVINDFASN,Retail Trade,Apparel/Footwear Retail,0,0,0,0,0,1,0,1,1,-,-,-,-,-,2026-08-21 (+4.68%),-,2026-09-15 (-4.03%),2026-09-15 (-4.03%),-2.21,-8.99,-12.78
AMRUTANJAN,Health Technology,Pharmaceuticals: Other,0,0,0,0,0,1,0,0,1,-,-,-,-,-,2026-08-20 (+4.58%),-,-,2026-08-12 (-8.51%),1.04,-0.8,-6.87
AGARWALEYE,Health Services,Medical/Nursing Services,0,0,0,0,0,1,0,0,1,-,-,-,-,-,2026-08-05 (+5.58%),-,-,2026-08-12 (-5.64%),0.45,-2.47,5.59
ABFRL,Retail Trade,Apparel/Footwear Retail,0,0,0,0,1,1,0,0,1,-,-,-,-,2026-09-04 (+5.08%),2026-09-04 (+5.08%),-,-,2026-07-07 (-4.49%),-6.05,-11.25,-25.27
AARTIIND,Process Industries,Chemicals: Major Diversified,0,0,0,0,0,1,0,1,1,-,-,-,-,-,2026-08-12 (+5.07%),-,2026-09-15 (-4.87%),2026-09-15 (-4.87%),-5.26,-10.39,-2.52
SIYSIL,Process Industries,Textiles,0,0,0,0,0,1,0,1,2,-,-,-,-,-,2026-08-03 (+4.48%),-,2026-09-09 (-4.26%),"2026-08-21 (-6.36%), 2026-09-09 (-4.26%)",1.05,-3.93,-14.58
SHILCTECH,Producer Manufacturing,Electrical Products,0,0,0,0,0,1,0,0,2,-,-,-,-,-,2026-07-09 (+4.86%),-,-,"2026-07-22 (-4.89%), 2026-08-12 (-15.88%)",1.1,-0.25,-10.35
SERVOTECH,Producer Manufacturing,Electrical Products,0,0,0,0,0,1,0,1,2,-,-,-,-,-,2026-07-31 (+4.95%),-,2026-09-15 (-5.72%),"2026-07-30 (-11.30%), 2026-09-15 (-5.72%)",0.99,-10.59,-29.76
SCI,Transportation,Air Freight/Couriers,0,0,0,0,0,1,0,1,2,-,-,-,-,-,2026-07-31 (+4.67%),-,2026-09-15 (-4.12%),"2026-07-08 (-4.46%), 2026-09-15 (-4.12%)",-2.92,-5.77,-10.1
RAMKY,Industrial Services,Engineering & Construction,0,0,0,0,0,1,1,2,2,-,-,-,-,-,2026-07-10 (+4.21%),2026-09-24 (-4.61%),"2026-09-15 (-5.21%), 2026-09-24 (-4.61%)","2026-09-15 (-5.21%), 2026-09-24 (-4.61%)",-7.11,-16.32,-27.81
PREMEXPLN,Process Industries,Chemicals: Specialty,0,0,0,0,0,1,0,0,2,-,-,-,-,-,2026-07-09 (+4.17%),-,-,"2026-07-06 (-4.05%), 2026-07-07 (-8.01%)",0.16,1.89,-13.24
PRANAV,Finance,Real Estate Development,0,0,0,0,1,1,1,2,2,-,-,-,-,2026-09-17 (+4.07%),2026-09-17 (+4.07%),2026-09-24 (-5.35%),"2026-09-16 (-19.08%), 2026-09-24 (-5.35%)","2026-09-16 (-19.08%), 2026-09-24 (-5.35%)",-2.61,,
PGEL,Electronic Technology,Electronic Production Equipment,0,0,0,0,0,1,0,1,2,-,-,-,-,-,2026-07-29 (+4.61%),-,2026-09-15 (-4.95%),"2026-07-22 (-5.70%), 2026-09-15 (-4.95%)",-5.2,-15.12,-12.11
PENIND,Non-Energy Minerals,Steel,0,0,0,1,1,1,0,1,2,-,-,-,2026-09-23 (+5.27%),2026-09-23 (+5.27%),2026-09-23 (+5.27%),-,2026-09-15 (-4.69%),"2026-07-08 (-5.26%), 2026-09-15 (-4.69%)",3.53,8.52,7.08
OSWALAGRO,Finance,Real Estate Development,0,0,0,0,0,1,0,1,2,-,-,-,-,-,2026-08-05 (+5.47%),-,2026-09-10 (-4.16%),"2026-08-07 (-5.66%), 2026-09-10 (-4.16%)",-0.63,-7.08,-16.77
OLECTRA,Consumer Durables,Motor Vehicles,0,0,0,1,1,1,0,0,2,-,-,-,2026-09-23 (+4.82%),2026-09-23 (+4.82%),2026-09-23 (+4.82%),-,-,"2026-07-07 (-4.29%), 2026-08-14 (-5.50%)",-6.6,-10.95,-26.07
OBEROIRLTY,Finance,Real Estate Development,0,0,0,0,0,1,0,1,2,-,-,-,-,-,2026-08-17 (+4.60%),-,2026-09-15 (-4.17%),"2026-08-04 (-4.42%), 2026-09-15 (-4.17%)",-4.48,-5.63,-5.46
KITEX,Process Industries,Textiles,0,0,0,0,1,1,0,0,2,-,-,-,-,2026-09-04 (+4.21%),2026-09-04 (+4.21%),-,-,"2026-08-10 (-4.77%), 2026-08-17 (-4.04%)",-3.28,-9.17,-28.41
ICRA,Commercial Services,Financial Publishing/Services,0,0,0,0,0,1,0,0,2,-,-,-,-,-,2026-08-03 (+4.65%),-,-,"2026-07-23 (-6.88%), 2026-08-17 (-4.04%)",-6.16,-12.58,-19.23
HOMEFIRST,Finance,Finance/Rental/Leasing,0,0,0,0,1,1,1,1,2,-,-,-,-,2026-09-18 (+5.80%),2026-09-18 (+5.80%),2026-09-24 (-4.01%),2026-09-24 (-4.01%),"2026-07-22 (-4.37%), 2026-09-24 (-4.01%)",-9.74,-6.04,-8.88
HINDWAREAP,Producer Manufacturing,Building Products,0,0,0,0,0,1,0,0,2,-,-,-,-,-,2026-07-27 (+4.32%),-,-,"2026-07-08 (-4.27%), 2026-07-17 (-6.77%)",-2.61,-8.97,-32.11
GREENPLY,Producer Manufacturing,Building Products,0,0,0,0,1,1,0,0,2,-,-,-,-,2026-09-17 (+4.30%),2026-09-17 (+4.30%),-,-,"2026-07-24 (-7.16%), 2026-07-28 (-4.22%)",-5.53,-3.43,-9.11
GODREJPROP,Finance,Real Estate Development,0,0,0,0,0,1,0,2,2,-,-,-,-,-,2026-07-10 (+5.08%),-,"2026-09-11 (-6.62%), 2026-09-15 (-5.07%)","2026-09-11 (-6.62%), 2026-09-15 (-5.07%)",-3.83,-18.88,-16.98
GMRAIRPORT,Transportation,Other Transportation,0,0,0,0,1,1,0,1,2,-,-,-,-,2026-09-18 (+4.48%),2026-09-18 (+4.48%),-,2026-09-15 (-5.11%),"2026-08-31 (-4.76%), 2026-09-15 (-5.11%)",-4.68,0.13,-16.14
EQUITASBNK,Finance,Regional Banks,0,0,0,0,0,1,1,1,2,-,-,-,-,-,2026-07-10 (+5.21%),2026-09-25 (-4.53%),2026-09-25 (-4.53%),"2026-07-28 (-5.53%), 2026-09-25 (-4.53%)",-8.01,-9.33,-13.4
EPACK,Producer Manufacturing,Industrial Machinery,0,0,0,0,0,1,0,1,2,-,-,-,-,-,2026-07-15 (+4.09%),-,2026-09-15 (-4.02%),"2026-08-12 (-6.62%), 2026-09-15 (-4.02%)",-1.99,-5.03,-25.05
DECNGOLD,Non-Energy Minerals,Precious Metals,0,0,0,0,0,1,0,0,2,-,-,-,-,-,2026-08-20 (+4.05%),-,-,"2026-08-19 (-4.44%), 2026-08-25 (-5.97%)",-10.55,-9.82,
CHOLAFIN,Finance,Finance/Rental/Leasing,0,0,0,0,0,1,1,1,2,-,-,-,-,-,2026-07-31 (+4.29%),2026-09-24 (-5.20%),2026-09-24 (-5.20%),"2026-07-08 (-4.53%), 2026-09-24 (-5.20%)",-7.49,-12.39,-9.01
CAPACITE,Industrial Services,Engineering & Construction,0,0,0,0,0,1,0,1,2,-,-,-,-,-,2026-08-21 (+5.31%),-,2026-09-07 (-4.82%),"2026-08-07 (-5.90%), 2026-09-07 (-4.82%)",-6.22,-14.67,-28.7
BLUECLOUDS,Process Industries,Agricultural Commodities/Milling,0,0,0,1,1,1,1,1,2,-,-,-,2026-09-25 (+10.47%),2026-09-25 (+10.47%),2026-09-25 (+10.47%),2026-09-29 (-6.82%),2026-09-29 (-6.82%),"2026-08-26 (-10.14%), 2026-09-29 (-6.82%)",5.53,-0.1,
BHARATWIRE,Producer Manufacturing,Metal Fabrication,0,0,0,0,0,1,0,1,2,-,-,-,-,-,2026-07-27 (+4.97%),-,2026-09-01 (-4.14%),"2026-08-10 (-4.37%), 2026-09-01 (-4.14%)",-0.42,-8.0,-21.67
BDL,Electronic Technology,Aerospace & Defense,0,0,0,0,0,1,0,1,2,-,-,-,-,-,2026-08-06 (+4.76%),-,2026-09-15 (-4.62%),"2026-07-08 (-4.18%), 2026-09-15 (-4.62%)",-7.1,-14.89,-21.65
BBL,Producer Manufacturing,Electrical Products,0,0,0,0,0,1,0,0,2,-,-,-,-,-,2026-07-10 (+4.03%),-,-,"2026-07-22 (-4.31%), 2026-08-04 (-6.80%)",-4.36,-10.15,-24.28
BANKINDIA,Finance,Major Banks,0,0,0,0,0,1,1,1,2,-,-,-,-,-,2026-07-10 (+4.60%),2026-09-28 (-5.76%),2026-09-28 (-5.76%),"2026-07-08 (-5.12%), 2026-09-28 (-5.76%)",-5.04,-8.11,-10.24
BAHETI,Producer Manufacturing,Metal Fabrication,0,0,0,0,1,1,0,2,2,-,-,-,-,2026-09-18 (+4.34%),2026-09-18 (+4.34%),-,"2026-09-15 (-4.89%), 2026-09-16 (-4.64%)","2026-09-15 (-4.89%), 2026-09-16 (-4.64%)",0.21,-8.28,5.84
ARVIND,Process Industries,Textiles,0,0,0,0,0,1,0,1,2,-,-,-,-,-,2026-08-20 (+4.36%),-,2026-09-15 (-4.26%),"2026-08-18 (-4.67%), 2026-09-15 (-4.26%)",2.23,-1.84,-3.97
AIAENG,Producer Manufacturing,Industrial Machinery,0,0,0,0,1,1,0,1,2,-,-,-,-,2026-09-17 (+4.67%),2026-09-17 (+4.67%),-,2026-09-15 (-4.82%),"2026-08-12 (-5.41%), 2026-09-15 (-4.82%)",-2.24,-9.41,-23.22
AAVAS,Finance,Finance/Rental/Leasing,0,0,0,0,0,1,0,0,2,-,-,-,-,-,2026-08-03 (+5.82%),-,-,"2026-07-22 (-5.11%), 2026-07-23 (-4.02%)",-4.93,-1.01,-16.99
3MINDIA,Producer Manufacturing,Industrial Conglomerates,0,0,0,0,1,1,1,1,2,-,-,-,-,2026-09-18 (+4.81%),2026-09-18 (+4.81%),2026-09-29 (-4.56%),2026-09-29 (-4.56%),"2026-08-19 (-4.12%), 2026-09-29 (-4.56%)",-6.81,-7.34,-4.62
VOLTAS,Producer Manufacturing,Industrial Machinery,0,0,0,0,0,1,1,2,3,-,-,-,-,-,2026-07-13 (+4.88%),2026-09-29 (-4.01%),"2026-09-02 (-4.39%), 2026-09-29 (-4.01%)","2026-08-17 (-4.05%), 2026-09-02 (-4.39%), 2026-09-29 (-4.01%)",-0.98,-8.74,-15.54
SHRIRAMFIN,Finance,Finance/Rental/Leasing,0,0,0,0,0,1,0,2,3,-,-,-,-,-,2026-08-03 (+4.16%),-,"2026-09-01 (-4.58%), 2026-09-15 (-4.74%)","2026-07-08 (-4.91%), 2026-09-01 (-4.58%), 2026-09-15 (-4.74%)",-3.43,-12.47,-8.92
PPL,Producer Manufacturing,Miscellaneous Manufacturing,0,0,0,0,1,1,1,1,3,-,-,-,-,2026-09-09 (+4.93%),2026-09-09 (+4.93%),2026-09-28 (-4.64%),2026-09-28 (-4.64%),"2026-07-03 (-4.99%), 2026-07-08 (-4.97%), 2026-09-28 (-4.64%)",-8.01,-4.64,-20.47
NETWORK18,Consumer Services,Broadcasting,0,0,0,0,0,1,0,0,3,-,-,-,-,-,2026-08-20 (+8.98%),-,-,"2026-07-16 (-4.57%), 2026-08-27 (-4.30%), 2026-08-31 (-5.45%)",-3.83,-4.96,-21.84
MOLDTKPAC,Producer Manufacturing,Miscellaneous Manufacturing,0,0,0,1,1,1,0,0,3,-,-,-,2026-09-23 (+6.25%),2026-09-23 (+6.25%),2026-09-23 (+6.25%),-,-,"2026-07-08 (-4.51%), 2026-07-27 (-4.83%), 2026-07-28 (-5.06%)",0.47,-9.35,-9.76
KIRLPNU,Producer Manufacturing,Industrial Machinery,0,0,0,0,0,1,0,0,3,-,-,-,-,-,2026-07-29 (+4.18%),-,-,"2026-07-07 (-4.64%), 2026-07-21 (-6.06%), 2026-07-23 (-5.07%)",-3.17,-5.38,-31.59
HARDWYN,Distribution Services,Wholesale Distributors,0,0,0,0,0,1,0,0,3,-,-,-,-,-,2026-07-17 (+4.29%),-,-,"2026-07-14 (-19.32%), 2026-07-15 (-19.99%), 2026-08-18 (-13.97%)",1.87,2.09,-46.14
DHANBANK,Finance,Major Banks,0,0,0,0,0,1,0,1,3,-,-,-,-,-,2026-07-07 (+7.10%),-,2026-09-15 (-4.37%),"2026-07-08 (-7.15%), 2026-07-29 (-6.30%), 2026-09-15 (-4.37%)",-2.78,-11.65,-15.44
BHARATRAS,Process Industries,Chemicals: Agricultural,0,0,0,0,0,1,1,2,3,-,-,-,-,-,2026-08-03 (+4.44%),2026-09-28 (-4.61%),"2026-09-21 (-5.11%), 2026-09-28 (-4.61%)","2026-08-14 (-4.67%), 2026-09-21 (-5.11%), 2026-09-28 (-4.61%)",-10.95,-19.42,-25.01
GOKEX,Consumer Non-Durables,Apparel/Footwear,0,0,0,0,0,1,0,2,4,-,-,-,-,-,2026-07-24 (+4.46%),-,"2026-09-15 (-5.37%), 2026-09-21 (-4.54%)","2026-07-08 (-4.39%), 2026-07-22 (-4.25%), 2026-09-15 (-5.37%), 2026-09-21 (-4.54%)",-2.37,-13.11,-22.62
ALOKINDS,Process Industries,Textiles,0,0,0,1,1,1,0,2,5,-,-,-,2026-09-23 (+4.09%),2026-09-23 (+4.09%),2026-09-23 (+4.09%),-,"2026-09-01 (-9.53%), 2026-09-17 (-5.75%)","2026-08-27 (-7.54%), 2026-08-28 (-11.41%), 2026-08-31 (-8.01%), 2026-09-01 (-9.53%), 2026-09-17 (-5.75%)",-3.81,-16.94,-46.8
WIPRO,Technology Services,Information Technology Services,0,0,0,0,0,0,0,0,0,-,-,-,-,-,-,-,-,-,-5.55,-15.02,-9.89
VOITHPAPR,Process Industries,Textiles,0,0,0,0,0,0,0,0,0,-,-,-,-,-,-,-,-,-,-2.21,-3.0,
VLSFINANCE,Finance,Investment Banks/Brokers,0,0,0,0,0,0,0,0,0,-,-,-,-,-,-,-,-,-,-0.63,-3.61,-8.2
STARHEALTH,Finance,Life/Health Insurance,0,0,0,0,0,0,0,0,0,-,-,-,-,-,-,-,-,-,-1.19,-5.22,-8.56
SPIC,Process Industries,Chemicals: Agricultural,0,0,0,0,0,0,0,0,0,-,-,-,-,-,-,-,-,-,-3.96,-6.3,-8.94
SOBHA,Finance,Real Estate Development,0,0,0,0,0,0,0,0,0,-,-,-,-,-,-,-,-,-,-1.17,-3.14,-15.2
SJVN,Utilities,Electric Utilities,0,0,0,0,0,0,0,0,0,-,-,-,-,-,-,-,-,-,-5.2,-7.54,-17.54
SIRCA,Process Industries,Industrial Specialties,0,0,0,0,0,0,0,0,0,-,-,-,-,-,-,-,-,-,0.85,-6.18,1.68
SHRINGARMS,Consumer Durables,Other Consumer Specialties,0,0,0,0,0,0,0,0,0,-,-,-,-,-,-,-,-,-,3.52,-1.64,-5.19
SHREECEM,Non-Energy Minerals,Construction Materials,0,0,0,0,0,0,0,0,0,-,-,-,-,-,-,-,-,-,-1.35,-5.6,-16.48
SHIVACEM,Non-Energy Minerals,Construction Materials,0,0,0,0,0,0,0,0,0,-,-,-,-,-,-,-,-,-,-3.81,-7.51,
SHINDL,Process Industries,Agricultural Commodities/Milling,0,0,0,0,0,0,0,0,0,-,-,-,-,-,-,-,-,-,-1.5,-2.46,
SEIL,Commercial Services,Miscellaneous Commercial Services,0,0,0,0,0,0,0,0,0,-,-,-,-,-,-,-,-,-,-1.47,-7.06,
SEAMECLTD,Industrial Services,Oilfield Services/Equipment,0,0,0,0,0,0,0,0,0,-,-,-,-,-,-,-,-,-,-4.7,-1.4,16.42
SCILAL,Miscellaneous,Miscellaneous,0,0,0,0,0,0,0,0,0,-,-,-,-,-,-,-,-,-,-4.13,-7.58,-16.52
SBIN,Finance,Regional Banks,0,0,0,0,0,0,0,0,0,-,-,-,-,-,-,-,-,-,-2.26,-8.99,-8.26
SANOFICONR,Health Technology,Pharmaceuticals: Major,0,0,0,0,0,0,0,0,0,-,-,-,-,-,-,-,-,-,-3.16,-8.23,-16.07
SANOFI,Health Technology,Pharmaceuticals: Major,0,0,0,0,0,0,0,0,0,-,-,-,-,-,-,-,-,-,0.43,-1.66,-11.57
SAGCEM,Non-Energy Minerals,Construction Materials,0,0,0,0,0,0,0,0,0,-,-,-,-,-,-,-,-,-,-2.56,-9.52,-17.36
SAFARI,Consumer Durables,Other Consumer Specialties,0,0,0,0,0,0,0,0,0,-,-,-,-,-,-,-,-,-,-4.51,-5.22,-11.66
ROHLTD,Consumer Services,Hotels/Resorts/Cruise lines,0,0,0,0,0,0,0,0,0,-,-,-,-,-,-,-,-,-,0.11,1.32,-5.91
RELIANCE,Energy Minerals,Oil Refining/Marketing,0,0,0,0,0,0,0,0,0,-,-,-,-,-,-,-,-,-,-4.71,-7.44,-9.32
RAJRILTD,Process Industries,Textiles,0,0,0,0,0,0,0,0,0,-,-,-,-,-,-,-,-,-,1.54,-11.16,-15.49
RAINBOW,Health Services,Hospital/Nursing Management,0,0,0,0,0,0,0,0,0,-,-,-,-,-,-,-,-,-,-4.41,-5.2,-3.83
RAILTEL,Communications,Major Telecommunications,0,0,0,0,0,0,0,0,0,-,-,-,-,-,-,-,-,-,-1.76,-6.03,-17.87
PTL,Finance,Real Estate Development,0,0,0,0,0,0,0,0,0,-,-,-,-,-,-,-,-,-,-0.39,-1.16,-9.78
PSB,Finance,Major Banks,0,0,0,0,0,0,0,0,0,-,-,-,-,-,-,-,-,-,-3.74,-7.78,-15.25
PRIVISCL,Process Industries,Chemicals: Major Diversified,0,0,0,0,0,0,0,0,0,-,-,-,-,-,-,-,-,-,2.57,4.27,-2.14
POWERMECH,Industrial Services,Engineering & Construction,0,0,0,0,0,0,0,0,0,-,-,-,-,-,-,-,-,-,-1.88,-4.92,-12.49
POWERGRID,Utilities,Electric Utilities,0,0,0,0,0,0,0,0,0,-,-,-,-,-,-,-,-,-,-1.67,-0.78,-9.26
PNBHOUSING,Finance,Finance/Rental/Leasing,0,0,0,0,0,0,0,0,0,-,-,-,-,-,-,-,-,-,-2.43,-4.4,4.04
PILANIINVS,Finance,Financial Conglomerates,0,0,0,0,0,0,0,0,0,-,-,-,-,-,-,-,-,-,0.48,-8.21,-8.51
PFS,Finance,Finance/Rental/Leasing,0,0,0,0,0,0,0,0,0,-,-,-,-,-,-,-,-,-,5.94,3.63,-10.2
PETRONET,Utilities,Gas Distributors,0,0,0,0,0,0,0,0,0,-,-,-,-,-,-,-,-,-,0.43,-5.87,2.82
NTPC,Utilities,Electric Utilities,0,0,0,0,0,0,0,0,0,-,-,-,-,-,-,-,-,-,-1.31,-1.19,-9.7
NSIL,Finance,Financial Conglomerates,0,0,0,0,0,0,0,0,0,-,-,-,-,-,-,-,-,-,-3.15,-6.39,-2.22
NMDC,Non-Energy Minerals,Other Metals/Minerals,0,0,0,0,0,0,0,0,0,-,-,-,-,-,-,-,-,-,-3.99,-12.7,-10.02
NHPC,Utilities,Electric Utilities,0,0,0,0,0,0,0,0,0,-,-,-,-,-,-,-,-,-,-3.54,-4.43,-9.02
NFL,Process Industries,Chemicals: Agricultural,0,0,0,0,0,0,0,0,0,-,-,-,-,-,-,-,-,-,-2.88,-7.93,-13.96
NESTLEIND,Consumer Non-Durables,Food: Major Diversified,0,0,0,0,0,0,0,0,0,-,-,-,-,-,-,-,-,-,-1.33,-10.08,-6.95
NBCC,Industrial Services,Engineering & Construction,0,0,0,0,0,0,0,0,0,-,-,-,-,-,-,-,-,-,-4.75,-9.5,-24.31
MIIL,Finance,Investment Managers,0,0,0,0,0,0,0,0,0,-,-,-,-,-,-,-,-,-,-2.59,-2.02,
MGL,Utilities,Gas Distributors,0,0,0,0,0,0,0,0,0,-,-,-,-,-,-,-,-,-,-1.57,-1.76,-8.12
MASFIN,Finance,Finance/Rental/Leasing,0,0,0,0,0,0,0,0,0,-,-,-,-,-,-,-,-,-,-2.75,-7.6,-11.7
MARICO,Consumer Non-Durables,Household/Personal Care,0,0,0,0,0,0,0,0,0,-,-,-,-,-,-,-,-,-,-5.16,-4.01,-8.04
MANIKA,Process Industries,Containers/Packaging,0,0,0,0,0,0,0,0,0,-,-,-,-,-,-,-,-,-,0.1,,
MAFATIND,Process Industries,Textiles,0,0,0,0,0,0,0,0,0,-,-,-,-,-,-,-,-,-,-4.18,-5.99,-17.39
M&M,Consumer Durables,Motor Vehicles,0,0,0,0,0,0,0,0,0,-,-,-,-,-,-,-,-,-,-3.18,-10.18,-7.17
LT,Industrial Services,Engineering & Construction,0,0,0,0,0,0,0,0,0,-,-,-,-,-,-,-,-,-,-3.03,-7.31,-7.64
LINDEINDIA,Process Industries,Chemicals: Specialty,0,0,0,0,0,0,0,0,0,-,-,-,-,-,-,-,-,-,-1.91,-2.91,-13.78
LICHSGFIN,Finance,Finance/Rental/Leasing,0,0,0,0,0,0,0,0,0,-,-,-,-,-,-,-,-,-,-2.92,1.88,-0.8
KRSNAA,Health Services,Medical/Nursing Services,0,0,0,0,0,0,0,0,0,-,-,-,-,-,-,-,-,-,-0.76,-0.01,-3.37
KPIL,Industrial Services,Engineering & Construction,0,0,0,0,0,0,0,0,0,-,-,-,-,-,-,-,-,-,-2.5,-2.56,-0.37
KIRLFER,Non-Energy Minerals,Steel,0,0,0,0,0,0,0,0,0,-,-,-,-,-,-,-,-,-,-1.14,4.91,1.0
KIMS,Health Services,Hospital/Nursing Management,0,0,0,0,0,0,0,0,0,-,-,-,-,-,-,-,-,-,-2.52,1.91,-8.12
KICL,Finance,Financial Conglomerates,0,0,0,0,0,0,0,0,0,-,-,-,-,-,-,-,-,-,-4.64,-7.83,-11.68
KARAMTARA,Electronic Technology,Semiconductors,0,0,0,0,0,0,0,0,0,-,-,-,-,-,-,-,-,-,-1.55,,
KAMAHOLD,Process Industries,Industrial Specialties,0,0,0,0,0,0,0,0,0,-,-,-,-,-,-,-,-,-,0.21,-5.62,
KAJARIACER,Producer Manufacturing,Building Products,0,0,0,0,0,0,0,0,0,-,-,-,-,-,-,-,-,-,0.58,-2.06,-1.09
JSWSTEEL,Non-Energy Minerals,Steel,0,0,0,0,0,0,0,0,0,-,-,-,-,-,-,-,-,-,0.43,-2.7,3.97
JSWCEMENT,Non-Energy Minerals,Construction Materials,0,0,0,0,0,0,0,0,0,-,-,-,-,-,-,-,-,-,-3.53,-10.66,-17.37
JLHL,Health Services,Hospital/Nursing Management,0,0,0,0,0,0,0,0,0,-,-,-,-,-,-,-,-,-,-4.64,-11.35,-9.85
JKLAKSHMI,Non-Energy Minerals,Construction Materials,0,0,0,0,0,0,0,0,0,-,-,-,-,-,-,-,-,-,-3.48,-7.68,-14.23
JINDALSTEL,Non-Energy Minerals,Steel,0,0,0,0,0,0,0,0,0,-,-,-,-,-,-,-,-,-,-0.96,-5.27,8.26
JENBURPH,Health Technology,Pharmaceuticals: Major,0,0,0,0,0,0,0,0,0,-,-,-,-,-,-,-,-,-,-3.47,-12.1,
JAICORPLTD,Process Industries,Containers/Packaging,0,0,0,0,0,0,0,0,0,-,-,-,-,-,-,-,-,-,-2.6,-6.92,-20.57
JAGRAN,Consumer Services,Publishing: Newspapers,0,0,0,0,0,0,0,0,0,-,-,-,-,-,-,-,-,-,-0.69,1.52,-3.95
ITI,Communications,Major Telecommunications,0,0,0,0,0,0,0,0,0,-,-,-,-,-,-,-,-,-,-3.89,-10.17,-18.79
IRFC,Finance,Finance/Rental/Leasing,0,0,0,0,0,0,0,0,0,-,-,-,-,-,-,-,-,-,0.33,-3.7,-11.64
IPL,Process Industries,Chemicals: Agricultural,0,0,0,0,0,0,0,0,0,-,-,-,-,-,-,-,-,-,-0.26,-2.73,-18.6
IOC,Energy Minerals,Integrated Oil,0,0,0,0,0,0,0,0,0,-,-,-,-,-,-,-,-,-,-4.7,-5.61,-7.27
IOB,Finance,Major Banks,0,0,0,0,0,0,0,0,0,-,-,-,-,-,-,-,-,-,-3.04,-4.68,-10.19
INDIGRID,Finance,Financial Conglomerates,0,0,0,0,0,0,0,0,0,-,-,-,-,-,-,-,-,-,-0.55,-0.95,-2.42
IIFLCAPS,Finance,Investment Banks/Brokers,0,0,0,0,0,0,0,0,0,-,-,-,-,-,-,-,-,-,-0.03,2.37,1.88
ICICIBANK,Finance,Regional Banks,0,0,0,0,0,0,0,0,0,-,-,-,-,-,-,-,-,-,-3.54,-11.13,-7.7
HPL,Electronic Technology,Electronic Equipment/Instruments,0,0,0,0,0,0,0,0,0,-,-,-,-,-,-,-,-,-,-3.47,-10.87,-25.01
HINDALCO,Non-Energy Minerals,Other Metals/Minerals,0,0,0,0,0,0,0,0,0,-,-,-,-,-,-,-,-,-,-1.83,-5.93,0.63
HEXATRADEX,Distribution Services,Wholesale Distributors,0,0,0,0,0,0,0,0,0,-,-,-,-,-,-,-,-,-,-2.21,-2.99,-2.31
HDBFS,Finance,Finance/Rental/Leasing,0,0,0,0,0,0,0,0,0,-,-,-,-,-,-,-,-,-,-6.47,-7.54,-14.76
HAWKINCOOK,Producer Manufacturing,Miscellaneous Manufacturing,0,0,0,0,0,0,0,0,0,-,-,-,-,-,-,-,-,-,-1.32,-3.96,-8.03
GVKPIL,Industrial Services,Engineering & Construction,0,0,0,0,0,0,0,0,0,-,-,-,-,-,-,-,-,-,4.82,23.11,-1.51
GSFC,Process Industries,Chemicals: Agricultural,0,0,0,0,0,0,0,0,0,-,-,-,-,-,-,-,-,-,-0.35,-4.11,-5.42
GRSE,Producer Manufacturing,Trucks/Construction/Farm Machinery,0,0,0,0,0,0,0,0,0,-,-,-,-,-,-,-,-,-,-8.07,-14.01,-20.39
GRINFRA,Industrial Services,Engineering & Construction,0,0,0,0,0,0,0,0,0,-,-,-,-,-,-,-,-,-,1.38,-6.84,-12.19
GMBREW,Consumer Non-Durables,Beverages: Alcoholic,0,0,0,0,0,0,0,0,0,-,-,-,-,-,-,-,-,-,1.57,9.77,-1.73
GILLETTE,Consumer Non-Durables,Household/Personal Care,0,0,0,0,0,0,0,0,0,-,-,-,-,-,-,-,-,-,-0.65,-4.99,-8.54
GICRE,Finance,Specialty Insurance,0,0,0,0,0,0,0,0,0,-,-,-,-,-,-,-,-,-,-6.14,-9.73,-10.96
GHCL,Process Industries,Textiles,0,0,0,0,0,0,0,0,0,-,-,-,-,-,-,-,-,-,-3.75,-7.59,-7.28
GESHIP,Transportation,Marine Shipping,0,0,0,0,0,0,0,0,0,-,-,-,-,-,-,-,-,-,5.18,18.13,8.15
FLAIR,Producer Manufacturing,Office Equipment/Supplies,0,0,0,0,0,0,0,0,0,-,-,-,-,-,-,-,-,-,-4.52,-7.35,-13.88
FINEORG,Process Industries,Chemicals: Major Diversified,0,0,0,0,0,0,0,0,0,-,-,-,-,-,-,-,-,-,-0.38,-2.7,-1.32
FABTECH,Health Technology,Biotechnology,0,0,0,0,0,0,0,0,0,-,-,-,-,-,-,-,-,-,0.31,-0.63,-8.77
ERIS,Health Technology,Pharmaceuticals: Major,0,0,0,0,0,0,0,0,0,-,-,-,-,-,-,-,-,-,-4.08,-6.01,-15.83
ENKEIWHEL,Producer Manufacturing,Auto Parts: OEM,0,0,0,0,0,0,0,0,0,-,-,-,-,-,-,-,-,-,0.66,-0.55,
ENDURANCE,Producer Manufacturing,Metal Fabrication,0,0,0,0,0,0,0,0,0,-,-,-,-,-,-,-,-,-,-1.44,-7.54,-0.31
ELPROINTL,Electronic Technology,Electronic Components,0,0,0,0,0,0,0,0,0,-,-,-,-,-,-,-,-,-,-1.03,-2.43,-1.17
EIDPARRY,Process Industries,Chemicals: Agricultural,0,0,0,0,0,0,0,0,0,-,-,-,-,-,-,-,-,-,0.1,-12.9,-5.3
EICHERMOT,Consumer Durables,Motor Vehicles,0,0,0,0,0,0,0,0,0,-,-,-,-,-,-,-,-,-,-3.34,-9.74,-0.98
ECORECO,Industrial Services,Environmental Services,0,0,0,0,0,0,0,0,0,-,-,-,-,-,-,-,-,-,-4.63,-13.76,
DRAGARWQ,Health Services,Medical/Nursing Services,0,0,0,0,0,0,0,0,0,-,-,-,-,-,-,-,-,-,-1.36,-2.21,
DPSCLTD,Utilities,Electric Utilities,0,0,0,0,0,0,0,0,0,-,-,-,-,-,-,-,-,-,-3.09,-4.03,-4.3
DOMS,Producer Manufacturing,Office Equipment/Supplies,0,0,0,0,0,0,0,0,0,-,-,-,-,-,-,-,-,-,-2.21,-6.66,-10.34
DHANUKA,Process Industries,Chemicals: Specialty,0,0,0,0,0,0,0,0,0,-,-,-,-,-,-,-,-,-,-3.71,-4.67,-14.52
DCMSHRIRAM,Producer Manufacturing,Industrial Conglomerates,0,0,0,0,0,0,0,0,0,-,-,-,-,-,-,-,-,-,-7.3,-10.71,-10.97
DBCORP,Consumer Services,Publishing: Newspapers,0,0,0,0,0,0,0,0,0,-,-,-,-,-,-,-,-,-,-3.99,-11.78,-12.51
DABUR,Consumer Non-Durables,Household/Personal Care,0,0,0,0,0,0,0,0,0,-,-,-,-,-,-,-,-,-,-1.98,-0.16,-14.9
CYBERTECH,Technology Services,Information Technology Services,0,0,0,0,0,0,0,0,0,-,-,-,-,-,-,-,-,-,-0.58,3.37,-5.74
CUMMINSIND,Producer Manufacturing,Auto Parts: OEM,0,0,0,0,0,0,0,0,0,-,-,-,-,-,-,-,-,-,-3.27,-5.97,-13.96
CREST,Finance,Investment Managers,0,0,0,0,0,0,0,0,0,-,-,-,-,-,-,-,-,-,-1.87,-1.98,-6.74
CIPLA,Health Technology,Pharmaceuticals: Other,0,0,0,0,0,0,0,0,0,-,-,-,-,-,-,-,-,-,-0.35,-2.12,-5.27
CHOLAHLDNG,Finance,Finance/Rental/Leasing,0,0,0,0,0,0,0,0,0,-,-,-,-,-,-,-,-,-,-6.02,-7.65,-18.68
CHAMBLFERT,Process Industries,Chemicals: Specialty,0,0,0,0,0,0,0,0,0,-,-,-,-,-,-,-,-,-,-1.18,0.98,-13.31
CHALET,Consumer Services,Hotels/Resorts/Cruise lines,0,0,0,0,0,0,0,0,0,-,-,-,-,-,-,-,-,-,-3.62,-6.99,0.44
CENTURYPLY,Producer Manufacturing,Building Products,0,0,0,0,0,0,0,0,0,-,-,-,-,-,-,-,-,-,-4.4,-12.18,-11.98
CCL,Consumer Non-Durables,Food: Specialty/Candy,0,0,0,0,0,0,0,0,0,-,-,-,-,-,-,-,-,-,-4.17,-6.82,-15.19
CASTROLIND,Energy Minerals,Oil Refining/Marketing,0,0,0,0,0,0,0,0,0,-,-,-,-,-,-,-,-,-,2.16,8.31,8.34
CARERATING,Commercial Services,Financial Publishing/Services,0,0,0,0,0,0,0,0,0,-,-,-,-,-,-,-,-,-,0.61,-5.27,-1.83
CANFINHOME,Finance,Finance/Rental/Leasing,0,0,0,0,0,0,0,0,0,-,-,-,-,-,-,-,-,-,-3.67,-8.0,-17.09
CANBK,Finance,Major Banks,0,0,0,0,0,0,0,0,0,-,-,-,-,-,-,-,-,-,-2.76,-5.82,-5.63
CAMS,Technology Services,Information Technology Services,0,0,0,0,0,0,0,0,0,-,-,-,-,-,-,-,-,-,-5.4,-14.83,-16.56
BRITANNIA,Consumer Non-Durables,Food: Specialty/Candy,0,0,0,0,0,0,0,0,0,-,-,-,-,-,-,-,-,-,-1.69,-7.9,-10.03
BRIGHOTEL,Consumer Services,Hotels/Resorts/Cruise lines,0,0,0,0,0,0,0,0,0,-,-,-,-,-,-,-,-,-,-0.6,-4.48,-11.63
BPCL,Energy Minerals,Oil Refining/Marketing,0,0,0,0,0,0,0,0,0,-,-,-,-,-,-,-,-,-,-4.54,-7.62,-3.58
BHARTIARTL,Communications,Wireless Telecommunications,0,0,0,0,0,0,0,0,0,-,-,-,-,-,-,-,-,-,-2.53,-2.25,-5.54
BENGALASM,Consumer Durables,Automotive Aftermarket,0,0,0,0,0,0,0,0,0,-,-,-,-,-,-,-,-,-,-0.19,-2.81,
BENARAS,Consumer Services,Hotels/Resorts/Cruise lines,0,0,0,0,0,0,0,0,0,-,-,-,-,-,-,-,-,-,-0.38,0.92,
BAYERCROP,Process Industries,Chemicals: Agricultural,0,0,0,0,0,0,0,0,0,-,-,-,-,-,-,-,-,-,-4.33,-9.27,-13.31
BANKBARODA,Finance,Major Banks,0,0,0,0,0,0,0,0,0,-,-,-,-,-,-,-,-,-,-2.85,-4.58,-12.51
BALMLAWRIE,Producer Manufacturing,Industrial Conglomerates,0,0,0,0,0,0,0,0,0,-,-,-,-,-,-,-,-,-,-3.49,-7.54,-11.34
BAJAJST,Process Industries,Agricultural Commodities/Milling,0,0,0,0,0,0,0,0,0,-,-,-,-,-,-,-,-,-,-0.85,-0.13,
BAJAJHFL,Finance,Finance/Rental/Leasing,0,0,0,0,0,0,0,0,0,-,-,-,-,-,-,-,-,-,-2.24,-3.28,-8.34
AWL,Process Industries,Agricultural Commodities/Milling,0,0,0,0,0,0,0,0,0,-,-,-,-,-,-,-,-,-,-2.38,-7.17,-2.83
AVL,Retail Trade,Electronics/Appliance Stores,0,0,0,0,0,0,0,0,0,-,-,-,-,-,-,-,-,-,-6.59,-2.45,-8.52
ASTRAZEN,Health Technology,Pharmaceuticals: Major,0,0,0,0,0,0,0,0,0,-,-,-,-,-,-,-,-,-,-6.81,-10.03,-24.11
ASIANPAINT,Process Industries,Industrial Specialties,0,0,0,0,0,0,0,0,0,-,-,-,-,-,-,-,-,-,-1.37,-8.99,-12.01
ASHIKAG,Miscellaneous,Miscellaneous,0,0,0,0,0,0,0,0,0,-,-,-,-,-,-,-,-,-,0.33,-8.75,
APOLLOHOSP,Health Services,Hospital/Nursing Management,0,0,0,0,0,0,0,0,0,-,-,-,-,-,-,-,-,-,-2.0,-2.69,-0.43
APLLTD,Health Technology,Pharmaceuticals: Major,0,0,0,0,0,0,0,0,0,-,-,-,-,-,-,-,-,-,2.54,3.19,5.28
ANANDRATHI,Finance,Investment Managers,0,0,0,0,0,0,0,0,0,-,-,-,-,-,-,-,-,-,-3.6,-4.7,5.57
AMBUJACEM,Non-Energy Minerals,Construction Materials,0,0,0,0,0,0,0,0,0,-,-,-,-,-,-,-,-,-,-5.47,-8.82,-14.73
ALKEM,Health Technology,Pharmaceuticals: Major,0,0,0,0,0,0,0,0,0,-,-,-,-,-,-,-,-,-,-1.53,-1.49,-4.55
AJANTPHARM,Health Technology,Pharmaceuticals: Major,0,0,0,0,0,0,0,0,0,-,-,-,-,-,-,-,-,-,1.09,-1.23,6.34
ACGL,Producer Manufacturing,Auto Parts: OEM,0,0,0,0,0,0,0,0,0,-,-,-,-,-,-,-,-,-,-5.5,-9.5,
ACCELYA,Technology Services,Packaged Software,0,0,0,0,0,0,0,0,0,-,-,-,-,-,-,-,-,-,-2.09,-2.88,-1.01
ACC,Non-Energy Minerals,Construction Materials,0,0,0,0,0,0,0,0,0,-,-,-,-,-,-,-,-,-,-2.88,-5.79,-10.96
ABLBL,Retail Trade,Apparel/Footwear Retail,0,0,0,0,0,0,0,0,0,-,-,-,-,-,-,-,-,-,-4.66,-11.22,-21.68
AARTIDRUGS,Health Technology,Pharmaceuticals: Major,0,0,0,0,0,0,0,0,0,-,-,-,-,-,-,-,-,-,0.67,4.1,11.48
AADHARHFC,Finance,Finance/Rental/Leasing,0,0,0,0,0,0,0,0,0,-,-,-,-,-,-,-,-,-,-5.54,-7.61,-19.26
WAAREERTL,Utilities,Alternative Power Generation,0,0,0,0,0,0,0,0,1,-,-,-,-,-,-,-,-,2026-07-23 (-7.44%),0.54,-5.86,-20.24
WAAREEENER,Electronic Technology,Semiconductors,0,0,0,0,0,0,0,0,1,-,-,-,-,-,-,-,-,2026-07-30 (-4.07%),-4.6,-8.64,-17.35
VISHAL,Process Industries,Textiles,0,0,0,0,0,0,0,0,1,-,-,-,-,-,-,-,-,2026-08-17 (-17.82%),-1.48,-4.17,
STARCEMENT,Non-Energy Minerals,Construction Materials,0,0,0,0,0,0,0,1,1,-,-,-,-,-,-,-,2026-09-15 (-5.23%),2026-09-15 (-5.23%),-6.02,-3.6,-14.53
SHRJAGP,Process Industries,Textiles,0,0,0,0,0,0,0,0,1,-,-,-,-,-,-,-,-,2026-08-31 (-6.11%),0.61,0.37,
SHREMINVIT,Miscellaneous,Investment Trusts/Mutual Funds,0,0,0,0,0,0,0,0,1,-,-,-,-,-,-,-,-,2026-08-10 (-4.67%),0.99,0.99,0.2
SHARDACROP,Distribution Services,Wholesale Distributors,0,0,0,0,0,0,0,0,1,-,-,-,-,-,-,-,-,2026-07-29 (-5.96%),-3.47,-5.93,-19.01
SBIFUNDS,Finance,Investment Managers,0,0,0,0,0,0,0,0,1,-,-,-,-,-,-,-,-,2026-07-22 (-4.11%),-5.16,-10.34,
SARLAPOLY,Process Industries,Textiles,0,0,0,0,0,0,0,0,1,-,-,-,-,-,-,-,-,2026-07-08 (-4.71%),-3.62,-4.34,-7.73
SANDUMA,Non-Energy Minerals,Other Metals/Minerals,0,0,0,0,0,0,0,1,1,-,-,-,-,-,-,-,2026-09-15 (-4.40%),2026-09-15 (-4.40%),-0.3,-9.73,-11.77
RUSTOMJEE,Finance,Real Estate Development,0,0,0,0,0,0,0,0,1,-,-,-,-,-,-,-,-,2026-08-05 (-5.71%),-0.17,-4.22,-15.91
RTNPOWER,Utilities,Electric Utilities,0,0,0,0,0,0,0,0,1,-,-,-,-,-,-,-,-,2026-08-31 (-5.66%),-2.69,-8.4,-25.49
REPCOHOME,Finance,Finance/Rental/Leasing,0,0,0,0,0,0,0,0,1,-,-,-,-,-,-,-,-,2026-07-08 (-4.22%),-3.81,-5.33,-19.21
RECLTD,Finance,Finance/Rental/Leasing,0,0,0,0,0,0,0,0,1,-,-,-,-,-,-,-,-,2026-08-10 (-6.34%),-4.77,-9.54,-20.87
RAYMONDLSL,Consumer Non-Durables,Apparel/Footwear,0,0,0,0,0,0,0,0,1,-,-,-,-,-,-,-,-,2026-08-31 (-4.14%),1.19,-0.33,-15.41
RAMCOCEM,Non-Energy Minerals,Construction Materials,0,0,0,0,0,0,0,0,1,-,-,-,-,-,-,-,-,2026-08-27 (-5.11%),-4.44,-5.74,-9.39
RALLIS,Process Industries,Chemicals: Agricultural,0,0,0,0,0,0,0,0,1,-,-,-,-,-,-,-,-,2026-07-21 (-4.69%),-0.99,-3.49,-12.02
PRECAM,Producer Manufacturing,Auto Parts: OEM,0,0,0,0,0,0,0,0,1,-,-,-,-,-,-,-,-,2026-08-12 (-4.08%),-1.44,-6.62,-23.73
PIDILITIND,Process Industries,Industrial Specialties,0,0,0,0,0,0,1,1,1,-,-,-,-,-,-,2026-09-24 (-4.16%),2026-09-24 (-4.16%),2026-09-24 (-4.16%),-7.1,-13.43,-8.99
PHOENIXLTD,Finance,Real Estate Development,0,0,0,0,0,0,0,0,1,-,-,-,-,-,-,-,-,2026-07-29 (-5.57%),-1.25,1.53,-4.15
PGHH,Consumer Non-Durables,Household/Personal Care,0,0,0,0,0,0,0,0,1,-,-,-,-,-,-,-,-,2026-07-29 (-4.17%),-5.64,-13.89,-22.67
PFIZER,Health Technology,Pharmaceuticals: Major,0,0,0,0,0,0,0,1,1,-,-,-,-,-,-,-,2026-09-08 (-6.22%),2026-09-08 (-6.22%),-2.15,-16.47,-11.86
PAGEIND,Consumer Non-Durables,Apparel/Footwear,0,0,0,0,0,0,0,0,1,-,-,-,-,-,-,-,-,2026-08-13 (-4.64%),-1.53,2.18,-14.7
ONGC,Energy Minerals,Integrated Oil,0,0,0,0,0,0,0,0,1,-,-,-,-,-,-,-,-,2026-07-27 (-4.10%),-2.6,-0.78,-2.53
ONESOURCE,Health Technology,Pharmaceuticals: Major,0,0,0,0,0,0,0,0,1,-,-,-,-,-,-,-,-,2026-07-31 (-4.06%),-0.29,4.23,-6.18
NUCLEUS,Technology Services,Information Technology Services,0,0,0,0,0,0,0,0,1,-,-,-,-,-,-,-,-,2026-07-31 (-7.06%),-4.87,-12.43,-13.31
NLCINDIA,Utilities,Electric Utilities,0,0,0,0,0,0,0,0,1,-,-,-,-,-,-,-,-,2026-08-10 (-6.26%),-4.21,-4.36,-18.81
NIVABUPA,Finance,Life/Health Insurance,0,0,0,0,0,0,1,1,1,-,-,-,-,-,-,2026-09-24 (-5.11%),2026-09-24 (-5.11%),2026-09-24 (-5.11%),-9.34,-9.82,-15.07
NIRLON,Finance,Real Estate Development,0,0,0,0,0,0,0,1,1,-,-,-,-,-,-,-,2026-09-03 (-4.34%),2026-09-03 (-4.34%),0.75,-5.73,-2.29
NILE,Non-Energy Minerals,Other Metals/Minerals,0,0,0,0,0,0,1,1,1,-,-,-,-,-,-,2026-09-28 (-6.59%),2026-09-28 (-6.59%),2026-09-28 (-6.59%),-12.47,-15.59,
MRF,Consumer Durables,Automotive Aftermarket,0,0,0,0,0,0,0,0,1,-,-,-,-,-,-,-,-,2026-07-08 (-4.12%),-1.35,-7.97,-6.8
MONTECARLO,Consumer Non-Durables,Apparel/Footwear,0,0,0,0,0,0,0,0,1,-,-,-,-,-,-,-,-,2026-08-05 (-6.91%),-1.45,-2.56,-8.26
MINDTECK,Technology Services,Information Technology Services,0,0,0,0,0,0,0,0,1,-,-,-,-,-,-,-,-,2026-08-12 (-6.28%),-2.91,-11.55,-25.02
MINDACORP,Producer Manufacturing,Auto Parts: OEM,0,0,0,0,0,0,0,0,1,-,-,-,-,-,-,-,-,2026-07-14 (-4.22%),-1.85,-5.59,-5.12
MEDIASSIST,Finance,Investment Managers,0,0,0,0,0,0,1,1,1,-,-,-,-,-,-,2026-09-24 (-4.27%),2026-09-24 (-4.27%),2026-09-24 (-4.27%),-6.66,-6.83,-18.42
LUPIN,Health Technology,Pharmaceuticals: Other,0,0,0,0,0,0,0,0,1,-,-,-,-,-,-,-,-,2026-07-22 (-4.29%),-3.88,-6.23,-14.48
LLOYDSME,Non-Energy Minerals,Steel,0,0,0,0,0,0,0,0,1,-,-,-,-,-,-,-,-,2026-08-12 (-4.66%),2.41,6.0,4.98
LICI,Finance,Life/Health Insurance,0,0,0,0,0,0,0,0,1,-,-,-,-,-,-,-,-,2026-08-04 (-8.68%),-3.6,-6.7,-9.74
LAXMIDENTL,Health Services,Medical/Nursing Services,0,0,0,0,0,0,0,0,1,-,-,-,-,-,-,-,-,2026-08-12 (-4.96%),-0.36,-1.54,-14.37
LAKSHMIMIL,Process Industries,Textiles,0,0,0,0,0,0,0,0,1,-,-,-,-,-,-,-,-,2026-08-31 (-4.42%),-1.04,-8.96,
KALAMANDIR,Retail Trade,Apparel/Footwear Retail,0,0,0,0,0,0,0,1,1,-,-,-,-,-,-,-,2026-09-15 (-4.36%),2026-09-15 (-4.36%),-2.42,-11.24,-27.86
JMFINANCIL,Finance,Investment Banks/Brokers,0,0,0,0,0,0,0,0,1,-,-,-,-,-,-,-,-,2026-07-08 (-4.74%),-0.42,-1.73,-2.69
JKPAPER,Process Industries,Pulp & Paper,0,0,0,0,0,0,0,0,1,-,-,-,-,-,-,-,-,2026-07-28 (-4.79%),-6.02,-1.24,12.46
JKIL,Industrial Services,Engineering & Construction,0,0,0,0,0,0,0,0,1,-,-,-,-,-,-,-,-,2026-07-08 (-4.22%),-5.56,-7.91,-7.8
INDIAMART,Retail Trade,Internet Retail,0,0,0,0,0,0,0,0,1,-,-,-,-,-,-,-,-,2026-07-22 (-5.11%),-1.36,-8.12,-14.97
HORIZONIND,Finance,Real Estate Development,0,0,0,0,0,0,0,0,1,-,-,-,-,-,-,-,-,2026-08-25 (-4.40%),-3.3,-10.32,
HONDAPOWER,Producer Manufacturing,Electrical Products,0,0,0,0,0,0,0,0,1,-,-,-,-,-,-,-,-,2026-07-08 (-4.13%),-1.59,-8.38,-12.95
HINDCOMPOS,Producer Manufacturing,Auto Parts: OEM,0,0,0,0,0,0,0,0,1,-,-,-,-,-,-,-,-,2026-07-24 (-4.45%),0.25,-7.36,-18.37
HGINFRA,Industrial Services,Engineering & Construction,0,0,0,0,0,0,0,0,1,-,-,-,-,-,-,-,-,2026-08-13 (-4.59%),-1.39,-10.57,-22.33
HEIDELBERG,Non-Energy Minerals,Construction Materials,0,0,0,0,0,0,0,1,1,-,-,-,-,-,-,-,2026-09-11 (-5.66%),2026-09-11 (-5.66%),-7.68,-17.23,-15.49
HDFCBANK,Finance,Major Banks,0,0,0,0,0,0,0,0,1,-,-,-,-,-,-,-,-,2026-07-20 (-5.12%),-2.15,1.93,-9.2
HATHWAY,Consumer Services,Cable/Satellite TV,0,0,0,0,0,0,1,1,1,-,-,-,-,-,-,2026-09-28 (-5.64%),2026-09-28 (-5.64%),2026-09-28 (-5.64%),-5.01,-10.81,-16.83
GUJENERGY,Utilities,Gas Distributors,0,0,0,0,0,0,0,1,1,-,-,-,-,-,-,-,2026-09-11 (-5.18%),2026-09-11 (-5.18%),2.7,-4.48,-21.14
GODREJCP,Consumer Non-Durables,Household/Personal Care,0,0,0,0,0,0,0,0,1,-,-,-,-,-,-,-,-,2026-08-12 (-11.22%),-2.13,-5.14,-20.63
GLOBUSSPR,Consumer Non-Durables,Beverages: Alcoholic,0,0,0,0,0,0,0,0,1,-,-,-,-,-,-,-,-,2026-07-17 (-5.70%),-2.01,-12.26,-13.22
GICHSGFIN,Finance,Finance/Rental/Leasing,0,0,0,0,0,0,0,0,1,-,-,-,-,-,-,-,-,2026-08-13 (-6.55%),-3.71,-3.94,-12.45
FORTIS,Health Services,Hospital/Nursing Management,0,0,0,0,0,0,1,1,1,-,-,-,-,-,-,2026-09-25 (-4.50%),2026-09-25 (-4.50%),2026-09-25 (-4.50%),-8.32,-9.36,-15.69
FOCUS,Producer Manufacturing,Electrical Products,0,0,0,0,0,0,0,0,1,-,-,-,-,-,-,-,-,2026-07-20 (-4.72%),-4.84,-15.44,-34.17
FINPIPE,Producer Manufacturing,Miscellaneous Manufacturing,0,0,0,0,0,0,0,0,1,-,-,-,-,-,-,-,-,2026-08-07 (-4.02%),-1.17,-4.17,-14.27
FDC,Health Technology,Pharmaceuticals: Major,0,0,0,0,0,0,0,0,1,-,-,-,-,-,-,-,-,2026-08-06 (-4.53%),-1.8,3.83,-19.38
ESCORTS,Producer Manufacturing,Auto Parts: OEM,0,0,0,0,0,0,1,1,1,-,-,-,-,-,-,2026-09-28 (-4.03%),2026-09-28 (-4.03%),2026-09-28 (-4.03%),-3.13,-9.64,-8.25
DRREDDY,Health Technology,Pharmaceuticals: Major,0,0,0,0,0,0,0,0,1,-,-,-,-,-,-,-,-,2026-07-09 (-5.89%),3.38,8.45,-6.97
DEN,Consumer Services,Cable/Satellite TV,0,0,0,0,0,0,0,0,1,-,-,-,-,-,-,-,-,2026-07-15 (-4.49%),-1.33,-8.35,-13.11
DELHIVERY,Transportation,Air Freight/Couriers,0,0,0,0,0,0,0,1,1,-,-,-,-,-,-,-,2026-09-15 (-4.21%),2026-09-15 (-4.21%),-3.1,-8.51,-18.04
DEEPAKNTR,Process Industries,Chemicals: Specialty,0,0,0,0,0,0,0,1,1,-,-,-,-,-,-,-,2026-09-07 (-4.11%),2026-09-07 (-4.11%),-5.22,-12.6,-2.76
DCXINDIA,Producer Manufacturing,Electrical Products,0,0,0,0,0,0,0,0,1,-,-,-,-,-,-,-,-,2026-07-08 (-4.37%),-2.87,-8.24,-21.98
COROMANDEL,Process Industries,Chemicals: Specialty,0,0,0,0,0,0,1,1,1,-,-,-,-,-,-,2026-09-29 (-5.59%),2026-09-29 (-5.59%),2026-09-29 (-5.59%),-7.82,-5.93,-10.64
CIEINDIA,Producer Manufacturing,Auto Parts: OEM,0,0,0,0,0,0,0,0,1,-,-,-,-,-,-,-,-,2026-07-23 (-11.32%),-3.62,-3.73,-20.61
CESC,Utilities,Electric Utilities,0,0,0,0,0,0,0,0,1,-,-,-,-,-,-,-,-,2026-08-19 (-4.95%),-6.07,-8.41,-21.35
CERA,Consumer Durables,Home Furnishings,0,0,0,0,0,0,0,0,1,-,-,-,-,-,-,-,-,2026-08-07 (-4.15%),-6.84,-10.57,-20.87
CAPITALSFB,Finance,Regional Banks,0,0,0,0,0,0,0,0,1,-,-,-,-,-,-,-,-,2026-07-08 (-4.57%),-0.59,-0.71,1.54
BNAGROCHEM,Process Industries,Agricultural Commodities/Milling,0,0,0,0,0,0,0,1,1,-,-,-,-,-,-,-,2026-09-04 (-4.41%),2026-09-04 (-4.41%),3.18,-8.62,
BLIL,Commercial Services,Miscellaneous Commercial Services,0,0,0,0,0,0,0,1,1,-,-,-,-,-,-,-,2026-09-11 (-4.17%),2026-09-11 (-4.17%),-3.62,-10.02,
BIGBLOC,Non-Energy Minerals,Construction Materials,0,0,0,0,0,0,0,1,1,-,-,-,-,-,-,-,2026-09-15 (-4.05%),2026-09-15 (-4.05%),-4.36,-8.72,-21.67
BEEKAY,Non-Energy Minerals,Steel,0,0,0,0,0,0,0,0,1,-,-,-,-,-,-,-,-,2026-08-31 (-4.97%),2.97,7.49,
BATAINDIA,Consumer Non-Durables,Apparel/Footwear,0,0,0,0,0,0,0,0,1,-,-,-,-,-,-,-,-,2026-08-19 (-4.22%),-1.8,-9.09,-11.19
BAJAJHLDNG,Finance,Financial Conglomerates,0,0,0,0,0,0,1,1,1,-,-,-,-,-,-,2026-09-24 (-4.65%),2026-09-24 (-4.65%),2026-09-24 (-4.65%),-5.23,-8.97,-2.38
ASTERDM,Health Services,Hospital/Nursing Management,0,0,0,0,0,0,0,0,1,-,-,-,-,-,-,-,-,2026-08-20 (-4.32%),-2.23,-2.92,-7.21
ASAL,Producer Manufacturing,Auto Parts: OEM,0,0,0,0,0,0,0,0,1,-,-,-,-,-,-,-,-,2026-07-24 (-6.92%),-4.71,-10.09,-17.29
ARSSBL,Finance,Investment Banks/Brokers,0,0,0,0,0,0,0,0,1,-,-,-,-,-,-,-,-,2026-07-15 (-4.34%),0.85,-1.63,-12.02
ANURAS,Health Technology,Pharmaceuticals: Major,0,0,0,0,0,0,0,1,1,-,-,-,-,-,-,-,2026-09-15 (-4.02%),2026-09-15 (-4.02%),-1.68,-6.73,-7.53
AKCAPIT,Finance,Investment Banks/Brokers,0,0,0,0,0,0,0,1,1,-,-,-,-,-,-,-,2026-09-09 (-4.55%),2026-09-09 (-4.55%),-2.19,1.17,
ADVENZYMES,Consumer Non-Durables,Food: Specialty/Candy,0,0,0,0,0,0,0,0,1,-,-,-,-,-,-,-,-,2026-08-10 (-9.19%),-4.87,-4.06,-9.99
ADVANIHOTR,Consumer Services,Hotels/Resorts/Cruise lines,0,0,0,0,0,0,0,0,1,-,-,-,-,-,-,-,-,2026-08-17 (-4.19%),-0.8,-4.93,-12.66
ADANIENSOL,Utilities,Electric Utilities,0,0,0,0,0,0,0,0,1,-,-,-,-,-,-,-,-,2026-08-31 (-10.37%),-5.49,-7.87,-16.13
360ONE,Finance,Investment Managers,0,0,0,0,0,0,0,0,1,-,-,-,-,-,-,-,-,2026-07-08 (-5.08%),-4.13,-12.41,-3.81
VSTIND,Consumer Non-Durables,Tobacco,0,0,0,0,0,0,0,0,2,-,-,-,-,-,-,-,-,"2026-07-10 (-6.15%), 2026-07-29 (-4.03%)",-1.33,-3.23,-22.53
SONA,Process Industries,Textiles,0,0,0,0,0,0,2,2,2,-,-,-,-,-,-,"2026-09-25 (-5.00%), 2026-09-28 (-5.00%)","2026-09-25 (-5.00%), 2026-09-28 (-5.00%)","2026-09-25 (-5.00%), 2026-09-28 (-5.00%)",,,
SHRIRAMPPS,Finance,Real Estate Development,0,0,0,0,0,0,0,0,2,-,-,-,-,-,-,-,-,"2026-07-08 (-4.12%), 2026-08-13 (-6.35%)",-1.65,-9.31,-21.24
SAMMAANCAP,Finance,Finance/Rental/Leasing,0,0,0,0,0,0,0,0,2,-,-,-,-,-,-,-,-,"2026-07-07 (-4.35%), 2026-08-14 (-5.83%)",-4.13,-6.72,-21.54
POLYCAB,Producer Manufacturing,Electrical Products,0,0,0,0,0,0,0,2,2,-,-,-,-,-,-,-,"2026-09-01 (-5.82%), 2026-09-04 (-5.76%)","2026-09-01 (-5.82%), 2026-09-04 (-5.76%)",-2.96,-14.21,-15.91
PIIND,Process Industries,Chemicals: Specialty,0,0,0,0,0,0,0,1,2,-,-,-,-,-,-,-,2026-09-11 (-4.48%),"2026-08-12 (-9.05%), 2026-09-11 (-4.48%)",-5.03,-3.43,-12.26
PFC,Finance,Finance/Rental/Leasing,0,0,0,0,0,0,0,0,2,-,-,-,-,-,-,-,-,"2026-08-10 (-8.30%), 2026-08-31 (-4.46%)",-6.28,-3.63,-24.64
PERNIASPOP,Retail Trade,Apparel/Footwear Retail,0,0,0,0,0,0,1,2,2,-,-,-,-,-,-,2026-09-28 (-5.08%),"2026-09-15 (-4.90%), 2026-09-28 (-5.08%)","2026-09-15 (-4.90%), 2026-09-28 (-5.08%)",-2.75,,
MARUTI,Consumer Durables,Motor Vehicles,0,0,0,0,0,0,0,1,2,-,-,-,-,-,-,-,2026-09-01 (-4.41%),"2026-07-08 (-4.04%), 2026-09-01 (-4.41%)",-2.57,-12.33,-17.22
LTF,Finance,Finance/Rental/Leasing,0,0,0,0,0,0,1,1,2,-,-,-,-,-,-,2026-09-24 (-9.03%),2026-09-24 (-9.03%),"2026-07-08 (-5.95%), 2026-09-24 (-9.03%)",-11.1,-15.56,-14.02
LOTUSCHO,Consumer Non-Durables,Food: Specialty/Candy,0,0,0,0,0,0,1,2,2,-,-,-,-,-,-,2026-09-23 (-4.09%),"2026-09-07 (-5.39%), 2026-09-23 (-4.09%)","2026-09-07 (-5.39%), 2026-09-23 (-4.09%)",-5.43,-9.73,
KOKUYOCMLN,Consumer Durables,Tools & Hardware,0,0,0,0,0,0,0,0,2,-,-,-,-,-,-,-,-,"2026-08-07 (-5.49%), 2026-08-19 (-5.34%)",-1.31,-5.82,-16.67
ITCHOTELS,Consumer Services,Hotels/Resorts/Cruise lines,0,0,0,0,0,0,0,0,2,-,-,-,-,-,-,-,-,"2026-07-08 (-4.90%), 2026-07-16 (-5.11%)",1.22,0.27,-9.29
INTERARCH,Producer Manufacturing,Building Products,0,0,0,0,0,0,0,0,2,-,-,-,-,-,-,-,-,"2026-08-07 (-4.71%), 2026-08-10 (-4.28%)",-0.67,-0.84,-11.47
INDUSINDBK,Finance,Major Banks,0,0,0,0,0,0,1,1,2,-,-,-,-,-,-,2026-09-24 (-4.15%),2026-09-24 (-4.15%),"2026-07-23 (-5.97%), 2026-09-24 (-4.15%)",-8.06,-13.63,-6.94
HINDPETRO,Energy Minerals,Oil Refining/Marketing,0,0,0,0,0,0,0,0,2,-,-,-,-,-,-,-,-,"2026-07-08 (-4.71%), 2026-08-14 (-4.94%)",-3.19,-4.52,-12.6
HDFCAMC,Finance,Investment Managers,0,0,0,0,0,0,0,0,2,-,-,-,-,-,-,-,-,"2026-07-08 (-4.46%), 2026-07-16 (-4.65%)",-8.51,-15.21,-19.43
HALEOSLABS,Health Technology,Biotechnology,0,0,0,0,0,0,0,0,2,-,-,-,-,-,-,-,-,"2026-07-08 (-4.06%), 2026-08-05 (-7.27%)",-0.81,-0.48,-9.4
GATEWAY,Transportation,Railroads,0,0,0,0,0,0,0,0,2,-,-,-,-,-,-,-,-,"2026-07-08 (-4.02%), 2026-08-05 (-6.35%)",-1.36,-4.13,-16.02
EASEMYTRIP,Consumer Services,Other Consumer Services,0,0,0,0,0,0,0,0,2,-,-,-,-,-,-,-,-,"2026-08-13 (-4.33%), 2026-08-17 (-4.22%)",-1.84,-3.61,-18.45
DMART,Retail Trade,Food Retail,0,0,0,0,0,0,0,0,2,-,-,-,-,-,-,-,-,"2026-07-03 (-4.60%), 2026-07-28 (-4.50%)",-0.71,-3.85,-10.44
DEEPAKFERT,Process Industries,Chemicals: Agricultural,0,0,0,0,0,0,0,1,2,-,-,-,-,-,-,-,2026-09-03 (-4.29%),"2026-07-30 (-5.77%), 2026-09-03 (-4.29%)",-2.35,-6.97,-21.35
CEATLTD,Consumer Durables,Automotive Aftermarket,0,0,0,0,0,0,0,0,2,-,-,-,-,-,-,-,-,"2026-07-17 (-7.30%), 2026-07-20 (-4.02%)",-4.75,-5.25,-14.87
BOROSCI,Process Industries,Containers/Packaging,0,0,0,0,0,0,0,1,2,-,-,-,-,-,-,-,2026-09-15 (-4.20%),"2026-08-04 (-5.00%), 2026-09-15 (-4.20%)",-4.15,-6.57,-31.85
BLUESTARCO,Producer Manufacturing,Industrial Machinery,0,0,0,0,0,0,0,1,2,-,-,-,-,-,-,-,2026-09-15 (-4.81%),"2026-08-06 (-5.65%), 2026-09-15 (-4.81%)",0.3,4.49,-4.35
BEL,Electronic Technology,Aerospace & Defense,0,0,0,0,0,0,0,1,2,-,-,-,-,-,-,-,2026-09-15 (-5.30%),"2026-07-28 (-4.46%), 2026-09-15 (-5.30%)",-2.55,-6.44,-6.58
AXISBANK,Finance,Major Banks,0,0,0,0,0,0,1,1,2,-,-,-,-,-,-,2026-09-24 (-4.56%),2026-09-24 (-4.56%),"2026-07-20 (-5.46%), 2026-09-24 (-4.56%)",-2.46,-6.76,-11.05
APTUS,Finance,Finance/Rental/Leasing,0,0,0,0,0,0,1,1,2,-,-,-,-,-,-,2026-09-24 (-4.14%),2026-09-24 (-4.14%),"2026-07-31 (-5.77%), 2026-09-24 (-4.14%)",-3.61,-6.23,-19.25
AMBER,Producer Manufacturing,Industrial Machinery,0,0,0,0,0,0,1,1,2,-,-,-,-,-,-,2026-09-29 (-5.49%),2026-09-29 (-5.49%),"2026-08-10 (-4.57%), 2026-09-29 (-5.49%)",-5.62,-13.3,-10.77
AJMERA,Finance,Real Estate Development,0,0,0,0,0,0,0,0,2,-,-,-,-,-,-,-,-,"2026-07-16 (-4.76%), 2026-08-04 (-5.71%)",0.24,2.79,-10.99
ADFFOODS,Consumer Non-Durables,Food: Specialty/Candy,0,0,0,0,0,0,0,0,2,-,-,-,-,-,-,-,-,"2026-07-28 (-4.69%), 2026-07-30 (-13.07%)",1.96,-0.7,-15.39
ABSLAMC,Technology Services,Internet Software/Services,0,0,0,0,0,0,0,1,2,-,-,-,-,-,-,-,2026-09-15 (-6.49%),"2026-07-21 (-6.75%), 2026-09-15 (-6.49%)",-6.92,-9.12,-19.76
ABREL,Process Industries,Textiles,0,0,0,0,0,0,0,1,2,-,-,-,-,-,-,-,2026-09-11 (-4.17%),"2026-07-08 (-4.07%), 2026-09-11 (-4.17%)",-3.37,-14.38,-18.5
PRESTIGE,Finance,Real Estate Development,0,0,0,0,0,0,0,1,3,-,-,-,-,-,-,-,2026-09-15 (-5.41%),"2026-07-30 (-4.67%), 2026-08-04 (-4.49%), 2026-09-15 (-5.41%)",-4.2,-13.2,-15.33
KSE,Process Industries,Agricultural Commodities/Milling,0,0,0,0,0,0,0,0,3,-,-,-,-,-,-,-,-,"2026-08-17 (-70.77%), 2026-08-21 (-6.59%), 2026-08-24 (-4.12%)",-1.09,0.0,
JKTYRE,Consumer Durables,Automotive Aftermarket,0,0,0,0,0,0,0,0,3,-,-,-,-,-,-,-,-,"2026-07-08 (-4.07%), 2026-07-17 (-4.05%), 2026-08-07 (-4.44%)",-3.38,-11.63,-19.62
BANCOINDIA,Producer Manufacturing,Industrial Machinery,0,0,0,0,0,0,0,1,3,-,-,-,-,-,-,-,2026-09-15 (-4.45%),"2026-07-23 (-4.27%), 2026-08-10 (-8.65%), 2026-09-15 (-4.45%)",-1.65,-4.76,-12.37
ASALCBR,Consumer Non-Durables,Beverages: Alcoholic,0,0,0,0,0,0,0,0,3,-,-,-,-,-,-,-,-,"2026-07-08 (-4.95%), 2026-07-28 (-4.29%), 2026-08-07 (-4.48%)",-2.64,-11.18,-27.15
ANUP,Producer Manufacturing,Industrial Machinery,0,0,0,0,0,0,0,0,3,-,-,-,-,-,-,-,-,"2026-07-08 (-5.09%), 2026-08-06 (-9.97%), 2026-08-07 (-4.88%)",-4.32,-11.28,-29.83
AHLUCONT,Industrial Services,Engineering & Construction,0,0,0,0,0,0,0,0,3,-,-,-,-,-,-,-,-,"2026-08-17 (-5.19%), 2026-08-18 (-10.85%), 2026-08-24 (-6.69%)",-5.3,-10.93,-35.58
ACI,Process Industries,Chemicals: Major Diversified,0,0,0,0,0,0,0,1,3,-,-,-,-,-,-,-,2026-09-08 (-4.84%),"2026-07-22 (-4.41%), 2026-07-31 (-6.33%), 2026-09-08 (-4.84%)",5.95,1.06,-7.73
GLOSTERLTD,Process Industries,Textiles,0,0,0,0,0,0,0,0,4,-,-,-,-,-,-,-,-,"2026-07-03 (-4.94%), 2026-07-06 (-6.67%), 2026-07-07 (-4.53%), 2026-08-10 (-5.38%)",-5.75,-11.18,-27.3
SALASAR,Producer Manufacturing,Metal Fabrication,0,0,0,0,0,0,3,5,5,-,-,-,-,-,-,"2026-09-25 (-4.28%), 2026-09-28 (-4.04%), 2026-09-29 (-7.76%)","2026-09-03 (-10.09%), 2026-09-15 (-4.75%), 2026-09-25 (-4.28%), 2026-09-28 (-4.04%), 2026-09-29 (-7.76%)","2026-09-03 (-10.09%), 2026-09-15 (-4.75%), 2026-09-25 (-4.28%), 2026-09-28 (-4.04%), 2026-09-29 (-7.76%)",-16.13,-29.61,-32.9
